{
    "Bins": [
        20.0,
        21.0,
        22.0,
        23.0,
        24.0,
        25.0,
        26.0,
        27.0,
        28.0,
        29.0,
        30.0,
        31.0,
        32.0,
        33.0,
        34.0,
        35.0,
        36.0,
        37.0,
        38.0,
        39.0,
        40.0,
        41.0,
        42.0,
        43.0,
        44.0,
        45.0,
        46.0,
        47.0,
        48.0,
        49.0,
        50.0,
        51.0,
        52.0,
        53.0,
        54.0,
        55.0,
        56.0,
        57.0,
        58.0,
        59.0,
        60.0
    ],
    "Efficiency": [
        0.956687898089172,
        0.9481865284974094,
        0.9616104868913857,
        0.9660152931180969,
        0.9638205499276411,
        0.9606299212598425,
        0.9615181866104375,
        0.958967266021208,
        0.954070981210856,
        0.9475774424146147,
        0.9561497326203209,
        0.9514459121742235,
        0.953416149068323,
        0.9558553034947884,
        0.9523809523809523,
        0.9492316136114161,
        0.9525052192066806,
        0.9551250613045611,
        0.9528212422949265,
        0.9515755329008341,
        0.9553486150907354,
        0.9557098395977974,
        0.9476728898238233,
        0.9394952873213743,
        0.9293664383561644,
        0.897293546148508,
        0.8637387387387387,
        0.8586278586278586,
        0.7877906976744186,
        0.692,
        0.6728395061728395,
        0.6081081081081081,
        0.5794392523364486,
        0.5168539325842697,
        0.6111111111111112,
        0.4745762711864407,
        0.46551724137931033,
        0.40816326530612246,
        0.26,
        0.20512820512820512
    ]
}