{
    "Bins": [
        20.0,
        21.0,
        22.0,
        23.0,
        24.0,
        25.0,
        26.0,
        27.0,
        28.0,
        29.0,
        30.0,
        31.0,
        32.0,
        33.0,
        34.0,
        35.0,
        36.0,
        37.0,
        38.0,
        39.0,
        40.0,
        41.0,
        42.0,
        43.0,
        44.0,
        45.0,
        46.0,
        47.0,
        48.0,
        49.0,
        50.0,
        51.0,
        52.0,
        53.0,
        54.0,
        55.0,
        56.0,
        57.0,
        58.0,
        59.0,
        60.0
    ],
    "Efficiency": [
        1.0,
        1.0,
        1.0,
        1.0,
        1.0,
        1.0,
        0.9994728518713759,
        1.0,
        1.0,
        0.9996028594122319,
        0.9996434937611408,
        0.9992859692966798,
        1.0,
        1.0,
        1.0,
        1.0,
        0.9997390396659708,
        1.0,
        0.9997629208155524,
        1.0,
        0.9997612225405922,
        0.9995211874551113,
        0.9997370496976071,
        0.9993919124353907,
        0.9987157534246576,
        0.9972241498959056,
        0.9966216216216216,
        1.0,
        0.9941860465116279,
        0.976,
        0.9753086419753086,
        0.9932432432432432,
        0.9813084112149533,
        0.9775280898876404,
        0.9583333333333334,
        0.9491525423728814,
        0.896551724137931,
        0.8775510204081632,
        0.74,
        0.6923076923076923
    ]
}