{
    "Bins": [
        20.0,
        21.0,
        22.0,
        23.0,
        24.0,
        25.0,
        26.0,
        27.0,
        28.0,
        29.0,
        30.0,
        31.0,
        32.0,
        33.0,
        34.0,
        35.0,
        36.0,
        37.0,
        38.0,
        39.0,
        40.0,
        41.0,
        42.0,
        43.0,
        44.0,
        45.0,
        46.0,
        47.0,
        48.0,
        49.0,
        50.0,
        51.0,
        52.0,
        53.0,
        54.0,
        55.0,
        56.0,
        57.0,
        58.0,
        59.0,
        60.0
    ],
    "Efficiency": [
        0.02802547770700637,
        0.027979274611398965,
        0.02902621722846442,
        0.0237892948173322,
        0.011577424023154847,
        0.015748031496062992,
        0.014760147601476014,
        0.013370216689718764,
        0.017954070981210855,
        0.014297061159650517,
        0.01140819964349376,
        0.013566583363084613,
        0.010869565217391304,
        0.011649294911097487,
        0.00935374149659864,
        0.009879253567508232,
        0.007828810020876827,
        0.007356547327121138,
        0.008534850640113799,
        0.007877664504170528,
        0.0066857688634192934,
        0.005985156811108451,
        0.005521956350249803,
        0.007297050775311645,
        0.003852739726027397,
        0.004857737682165163,
        0.0045045045045045045,
        0.002079002079002079,
        0.005813953488372093,
        0.008,
        0.0,
        0.006756756756756757,
        0.0,
        0.011235955056179775,
        0.0,
        0.0,
        0.0,
        0.0,
        0.0,
        0.0
    ]
}