{
    "Bins": [
        20.0,
        21.0,
        22.0,
        23.0,
        24.0,
        25.0,
        26.0,
        27.0,
        28.0,
        29.0,
        30.0,
        31.0,
        32.0,
        33.0,
        34.0,
        35.0,
        36.0,
        37.0,
        38.0,
        39.0,
        40.0,
        41.0,
        42.0,
        43.0,
        44.0,
        45.0,
        46.0,
        47.0,
        48.0,
        49.0,
        50.0,
        51.0,
        52.0,
        53.0,
        54.0,
        55.0,
        56.0,
        57.0,
        58.0,
        59.0,
        60.0
    ],
    "Efficiency": [
        0.9821656050955414,
        0.9709844559585492,
        0.9775280898876404,
        0.9787595581988106,
        0.9797395079594791,
        0.9781950333131435,
        0.9699525566684238,
        0.9760258183494698,
        0.9711899791231733,
        0.9622716441620334,
        0.9679144385026738,
        0.9675116029989289,
        0.9664596273291925,
        0.9625996321275291,
        0.9645691609977324,
        0.9645993413830956,
        0.9663361169102297,
        0.9646885728298186,
        0.9606448553816975,
        0.9606116774791473,
        0.9579751671442216,
        0.9650466842231267,
        0.9545095976860374,
        0.9483125570082092,
        0.9477739726027398,
        0.9167244968771686,
        0.8806306306306306,
        0.8648648648648649,
        0.8226744186046512,
        0.752,
        0.7345679012345679,
        0.6216216216216216,
        0.5420560747663551,
        0.449438202247191,
        0.4583333333333333,
        0.2711864406779661,
        0.3448275862068966,
        0.2653061224489796,
        0.18,
        0.1794871794871795
    ]
}