{
    "Bins": [
        20.0,
        21.0,
        22.0,
        23.0,
        24.0,
        25.0,
        26.0,
        27.0,
        28.0,
        29.0,
        30.0,
        31.0,
        32.0,
        33.0,
        34.0,
        35.0,
        36.0,
        37.0,
        38.0,
        39.0,
        40.0,
        41.0,
        42.0,
        43.0,
        44.0,
        45.0,
        46.0,
        47.0,
        48.0,
        49.0,
        50.0,
        51.0,
        52.0,
        53.0,
        54.0,
        55.0,
        56.0,
        57.0,
        58.0,
        59.0,
        60.0
    ],
    "Efficiency": [
        1.0,
        1.0,
        1.0,
        1.0,
        1.0,
        1.0,
        0.9994728518713759,
        1.0,
        1.0,
        1.0,
        0.9992869875222816,
        0.9989289539450197,
        0.9996894409937889,
        1.0,
        0.998015873015873,
        0.9972557628979144,
        0.9960855949895616,
        0.996076508092202,
        0.9912280701754386,
        0.986793327154773,
        0.9890162368672397,
        0.978692841752454,
        0.9713384170391796,
        0.9443599878382487,
        0.901541095890411,
        0.8410825815405968,
        0.7297297297297297,
        0.6174636174636174,
        0.36627906976744184,
        0.192,
        0.11728395061728394,
        0.07432432432432433,
        0.08411214953271028,
        0.06741573033707865,
        0.125,
        0.03389830508474576,
        0.08620689655172414,
        0.02040816326530612,
        0.06,
        0.02564102564102564
    ]
}