{
    "Bins": [
        20.0,
        21.0,
        22.0,
        23.0,
        24.0,
        25.0,
        26.0,
        27.0,
        28.0,
        29.0,
        30.0,
        31.0,
        32.0,
        33.0,
        34.0,
        35.0,
        36.0,
        37.0,
        38.0,
        39.0,
        40.0,
        41.0,
        42.0,
        43.0,
        44.0,
        45.0,
        46.0,
        47.0,
        48.0,
        49.0,
        50.0,
        51.0,
        52.0,
        53.0,
        54.0,
        55.0,
        56.0,
        57.0,
        58.0,
        59.0,
        60.0
    ],
    "Efficiency": [
        0.9847133757961783,
        0.9823834196891191,
        0.9868913857677902,
        0.9881053525913339,
        0.984081041968162,
        0.9818291944276196,
        0.9725882973115445,
        0.9760258183494698,
        0.9732776617954071,
        0.9642573471008737,
        0.9714795008912656,
        0.9707247411638701,
        0.9680124223602484,
        0.9693439607602697,
        0.969671201814059,
        0.9676180021953897,
        0.9668580375782881,
        0.9700833742030407,
        0.9646752015173068,
        0.9664040778498609,
        0.9632282712511939,
        0.9672013406751256,
        0.9600315540362871,
        0.9550015202189115,
        0.9533390410958904,
        0.922970159611381,
        0.8907657657657657,
        0.8877338877338877,
        0.8343023255813954,
        0.82,
        0.7530864197530864,
        0.6554054054054054,
        0.6074766355140186,
        0.48314606741573035,
        0.5972222222222222,
        0.3898305084745763,
        0.41379310344827586,
        0.3673469387755102,
        0.16,
        0.15384615384615385
    ]
}