{
    "False Positive Rate": [
        0.0,
        0.16759212518929834,
        1.0
    ],
    "True Positive Rate": [
        0.0,
        0.8707280832095097,
        1.0
    ],
    "ROC AUC": 0.8515679790101056
}