{
    "False Positive Rate": [
        0.0,
        0.020696617869762745,
        0.03735487127713276,
        0.05350832912670368,
        0.06915699141847552,
        0.0873296314992428,
        0.11509338717819283,
        0.14941948510853104,
        0.19384149419485108,
        0.25037859666834933,
        0.3377082281675921,
        1.0
    ],
    "True Positive Rate": [
        0.0,
        0.475482912332838,
        0.6790490341753344,
        0.8008915304606241,
        0.8741951461119366,
        0.9227340267459139,
        0.9494799405646359,
        0.9687964338781575,
        0.9816740960871718,
        0.9905894006934126,
        0.9955423476968797,
        1.0
    ],
    "ROC AUC": 0.9614516460110525
}