{
    "False Positive Rate": [
        0.0,
        0.11963654719838465,
        1.0
    ],
    "True Positive Rate": [
        0.0,
        0.8647845468053492,
        1.0
    ],
    "ROC AUC": 0.8725739998034823
}