{
    "False Positive Rate": [
        0.0,
        0.10752145381120647,
        0.21554770318021202,
        0.31802120141342755,
        0.4053508329126704,
        0.502776375567895,
        1.0
    ],
    "True Positive Rate": [
        0.0,
        0.7097573055968301,
        0.9410599306587419,
        0.9851411589895989,
        0.9965329370975731,
        0.9985141158989599,
        1.0
    ],
    "ROC AUC": 0.9065830691219883
}