{
    "False Positive Rate": [
        0.0,
        0.05620412443201678,
        1.0
    ],
    "True Positive Rate": [
        0.0,
        0.9192465285681767,
        1.0
    ],
    "ROC AUC": 0.9315212020680798
}