{
    "False Positive Rate": [
        0.0,
        0.04907175112895133,
        0.0897139989964877,
        0.12533868539889614,
        0.15684897139989964,
        0.206823883592574,
        1.0
    ],
    "True Positive Rate": [
        0.0,
        0.6664673642252118,
        0.8954658694569009,
        0.9613353263577479,
        0.9867463876432486,
        0.9952167414050822,
        1.0
    ],
    "ROC AUC": 0.9526622351123801
}