{
    "False Positive Rate": [
        0.0,
        0.02669342699448068,
        0.02669342699448068,
        0.05097842448569995,
        0.07175112895132965,
        0.08810837932764676,
        0.10396387355745108,
        0.11660812844957351,
        0.13125940792774712,
        0.14821876567987957,
        0.16808830908178626,
        0.20130456598093327,
        1.0
    ],
    "True Positive Rate": [
        0.0,
        0.49955156950672647,
        0.49975087194818135,
        0.726457399103139,
        0.8355754857997011,
        0.898355754857997,
        0.9362232187344295,
        0.9572496263079223,
        0.9719980069755855,
        0.9823617339312407,
        0.9896362730443448,
        0.9948181365221724,
        1.0
    ],
    "ROC AUC": 0.9583572648764946
}