{
    "False Positive Rate": [
        0.0,
        0.11791269443050677,
        1.0
    ],
    "True Positive Rate": [
        0.0,
        0.8745391131041356,
        1.0
    ],
    "ROC AUC": 0.8783132093368143
}