{
    "False Positive Rate": [
        0.0,
        0.10827897641746112,
        1.0
    ],
    "True Positive Rate": [
        0.0,
        0.8808171400099651,
        1.0
    ],
    "ROC AUC": 0.8862690817962521
}