{
    "False Positive Rate": [
        0.0,
        0.006221776216758655,
        0.008228800802809834,
        0.060210737581535376,
        0.06653286502759659,
        0.07014550928248871,
        0.07395885599598595,
        0.27315604616156547,
        0.27496236828901155,
        0.3066733567486202,
        0.31490215755143003,
        0.3240341194179629,
        1.0
    ],
    "True Positive Rate": [
        0.0,
        0.09676133532635775,
        0.09885401096163428,
        0.6145490782262083,
        0.6376681614349776,
        0.6419531639262581,
        0.6477329347284504,
        0.9641255605381166,
        0.9641255605381166,
        0.9865470852017937,
        0.987942202291978,
        0.987942202291978,
        1.0
    ],
    "ROC AUC": 0.9100135926665102
}