{
    "Precision": [
        0.40952827069326575,
        0.6834922828841281,
        0.7313153517110266,
        0.7707228431973292,
        0.8140188014101057,
        0.8650779459336444,
        1.0
    ],
    "Recall": [
        1.0,
        0.9981564463821943,
        0.9938637923378144,
        0.981685573183696,
        0.9321787574179484,
        0.7161196560494126,
        0.0
    ],
    "Precision-Recall AUC": 0.9016195480755774,
    "Chance Level": 0.40952827069326575
}