{
    "Precision": [
        0.40952827069326575,
        0.7388650824568238,
        0.8004743358210579,
        0.8368818720691592,
        0.8625189717604599,
        0.8836048017533373,
        0.9002243907530136,
        0.9143717728055077,
        0.9256856789633542,
        0.937330598490953,
        0.9480434535320214,
        1.0
    ],
    "Recall": [
        1.0,
        0.9953843876576104,
        0.9901094021234508,
        0.9822238370137123,
        0.9712028850941289,
        0.954839664661634,
        0.928558933161089,
        0.8864532450580652,
        0.8161425322621884,
        0.6887354836973343,
        0.4486025325313202,
        0.0
    ],
    "Precision-Recall AUC": 0.9451466041441234,
    "Chance Level": 0.40952827069326575
}