{
    "Precision": [
        0.40952827069326575,
        0.8342226502511778,
        1.0
    ],
    "Recall": [
        1.0,
        0.8625677876010927,
        0.0
    ],
    "Precision-Recall AUC": 0.8765364070667723,
    "Chance Level": 0.40952827069326575
}