{
    "Precision": [
        0.3804945649820276,
        1.0
    ],
    "Recall": [
        1.0,
        0.0
    ],
    "Precision-Recall AUC": 0.6902472824910137,
    "Chance Level": 0.3804945649820276
}