{
    "Bins": [
        20.0,
        21.0,
        22.0,
        23.0,
        24.0,
        25.0,
        26.0,
        27.0,
        28.0,
        29.0,
        30.0,
        31.0,
        32.0,
        33.0,
        34.0,
        35.0,
        36.0,
        37.0,
        38.0,
        39.0,
        40.0,
        41.0,
        42.0,
        43.0,
        44.0,
        45.0,
        46.0,
        47.0,
        48.0,
        49.0,
        50.0,
        51.0,
        52.0,
        53.0,
        54.0,
        55.0,
        56.0,
        57.0,
        58.0,
        59.0,
        60.0
    ],
    "Efficiency": [
        0.9514066496163683,
        0.9432933478735005,
        0.9429373246024322,
        0.9422442244224423,
        0.9375907111756169,
        0.930511686670878,
        0.928804347826087,
        0.9322441134070159,
        0.9229747675962815,
        0.9224865694551037,
        0.9319826338639653,
        0.9257612042422169,
        0.9273707580082461,
        0.9278846153846154,
        0.9227179935841353,
        0.925140863965656,
        0.917557251908397,
        0.9229426433915212,
        0.917364990689013,
        0.9234972677595629,
        0.9205421827529797,
        0.9220902612826604,
        0.9165120593692022,
        0.8980716253443526,
        0.8847771236333053,
        0.8124165554072096,
        0.7279909706546276,
        0.6324110671936759,
        0.4565826330532213,
        0.34297520661157027,
        0.21081081081081082,
        0.23308270676691728,
        0.24528301886792453,
        0.2222222222222222,
        0.23255813953488372,
        0.2033898305084746,
        0.20588235294117646,
        0.09433962264150944,
        0.11864406779661017,
        0.05555555555555555
    ]
}