{
    "Bins": [
        20.0,
        21.0,
        22.0,
        23.0,
        24.0,
        25.0,
        26.0,
        27.0,
        28.0,
        29.0,
        30.0,
        31.0,
        32.0,
        33.0,
        34.0,
        35.0,
        36.0,
        37.0,
        38.0,
        39.0,
        40.0,
        41.0,
        42.0,
        43.0,
        44.0,
        45.0,
        46.0,
        47.0,
        48.0,
        49.0,
        50.0,
        51.0,
        52.0,
        53.0,
        54.0,
        55.0,
        56.0,
        57.0,
        58.0,
        59.0,
        60.0
    ],
    "Efficiency": [
        0.9641943734015346,
        0.9618320610687023,
        0.960710944808232,
        0.9463696369636964,
        0.9375907111756169,
        0.919772583701832,
        0.908695652173913,
        0.8995675156174916,
        0.8933156263833555,
        0.8952417498081351,
        0.9073806078147613,
        0.901813205610674,
        0.9023152553124009,
        0.91015625,
        0.9177602799650044,
        0.9205795546015562,
        0.9122137404580153,
        0.9234413965087281,
        0.9162011173184358,
        0.9156569256355429,
        0.9221780789904184,
        0.9192399049881235,
        0.9165120593692022,
        0.8977655341291705,
        0.883515559293524,
        0.8451268357810414,
        0.8284424379232506,
        0.7450592885375494,
        0.6890756302521008,
        0.6115702479338843,
        0.5783783783783784,
        0.518796992481203,
        0.4056603773584906,
        0.3333333333333333,
        0.38372093023255816,
        0.3050847457627119,
        0.23529411764705882,
        0.16981132075471697,
        0.2542372881355932,
        0.2222222222222222
    ]
}