{
    "Bins": [
        20.0,
        21.0,
        22.0,
        23.0,
        24.0,
        25.0,
        26.0,
        27.0,
        28.0,
        29.0,
        30.0,
        31.0,
        32.0,
        33.0,
        34.0,
        35.0,
        36.0,
        37.0,
        38.0,
        39.0,
        40.0,
        41.0,
        42.0,
        43.0,
        44.0,
        45.0,
        46.0,
        47.0,
        48.0,
        49.0,
        50.0,
        51.0,
        52.0,
        53.0,
        54.0,
        55.0,
        56.0,
        57.0,
        58.0,
        59.0,
        60.0
    ],
    "Efficiency": [
        0.47698209718670076,
        0.46892039258451473,
        0.4864359214218896,
        0.518976897689769,
        0.5217706821480407,
        0.5198989260897031,
        0.5239130434782608,
        0.5410860163382989,
        0.536963258078796,
        0.5533384497313891,
        0.5683791606367583,
        0.5689360246322271,
        0.588011417697431,
        0.5913461538461539,
        0.5885097696121319,
        0.6012878991145694,
        0.6002544529262086,
        0.6339152119700748,
        0.6163873370577281,
        0.6281777144214777,
        0.6594998831502688,
        0.6565320665083135,
        0.6620726212562947,
        0.6792164064891337,
        0.6753574432296047,
        0.6675567423230975,
        0.6670428893905191,
        0.7312252964426877,
        0.6582633053221288,
        0.6694214876033058,
        0.6864864864864865,
        0.6992481203007519,
        0.6886792452830188,
        0.7777777777777778,
        0.686046511627907,
        0.6949152542372882,
        0.7058823529411765,
        0.7169811320754716,
        0.7288135593220338,
        0.7777777777777778
    ]
}