{
    "Bins": [
        20.0,
        21.0,
        22.0,
        23.0,
        24.0,
        25.0,
        26.0,
        27.0,
        28.0,
        29.0,
        30.0,
        31.0,
        32.0,
        33.0,
        34.0,
        35.0,
        36.0,
        37.0,
        38.0,
        39.0,
        40.0,
        41.0,
        42.0,
        43.0,
        44.0,
        45.0,
        46.0,
        47.0,
        48.0,
        49.0,
        50.0,
        51.0,
        52.0,
        53.0,
        54.0,
        55.0,
        56.0,
        57.0,
        58.0,
        59.0,
        60.0
    ],
    "Efficiency": [
        0.9462915601023018,
        0.9334787350054525,
        0.921421889616464,
        0.9125412541254125,
        0.888243831640058,
        0.8540745420088439,
        0.8380434782608696,
        0.814031715521384,
        0.8189464364763169,
        0.8303914044512664,
        0.8288712011577424,
        0.8173109818679439,
        0.8430066603235015,
        0.8464543269230769,
        0.8495188101487314,
        0.8612825328682586,
        0.862086513994911,
        0.8733167082294264,
        0.86731843575419,
        0.8714659063910668,
        0.8707641972423463,
        0.87458432304038,
        0.8714550755367082,
        0.852157943067034,
        0.8271656854499579,
        0.7843791722296395,
        0.7652370203160271,
        0.7351778656126482,
        0.6750700280112045,
        0.6239669421487604,
        0.6162162162162163,
        0.556390977443609,
        0.49056603773584906,
        0.4222222222222222,
        0.47674418604651164,
        0.423728813559322,
        0.39705882352941174,
        0.3018867924528302,
        0.3050847457627119,
        0.4166666666666667
    ]
}