{
    "Bins": [
        20.0,
        21.0,
        22.0,
        23.0,
        24.0,
        25.0,
        26.0,
        27.0,
        28.0,
        29.0,
        30.0,
        31.0,
        32.0,
        33.0,
        34.0,
        35.0,
        36.0,
        37.0,
        38.0,
        39.0,
        40.0,
        41.0,
        42.0,
        43.0,
        44.0,
        45.0,
        46.0,
        47.0,
        48.0,
        49.0,
        50.0,
        51.0,
        52.0,
        53.0,
        54.0,
        55.0,
        56.0,
        57.0,
        58.0,
        59.0,
        60.0
    ],
    "Efficiency": [
        0.9718670076726342,
        0.9749182115594329,
        0.9691300280636108,
        0.966996699669967,
        0.9622641509433962,
        0.950726468730259,
        0.9472826086956522,
        0.9365689572321,
        0.9318282425852147,
        0.9378357636224098,
        0.9327062228654125,
        0.9308929182346903,
        0.9368855058674278,
        0.9371995192307693,
        0.9419655876348789,
        0.9415079152133083,
        0.9371501272264631,
        0.940149625935162,
        0.938780260707635,
        0.9334758850083155,
        0.9422762327646647,
        0.9380047505938243,
        0.9366551815531408,
        0.9256198347107438,
        0.9100084104289319,
        0.8858477970627503,
        0.8690744920993227,
        0.8260869565217391,
        0.7787114845938375,
        0.7355371900826446,
        0.7135135135135136,
        0.5789473684210527,
        0.4528301886792453,
        0.4888888888888889,
        0.4418604651162791,
        0.4406779661016949,
        0.27941176470588236,
        0.18867924528301888,
        0.23728813559322035,
        0.3888888888888889
    ]
}