{
    "Bins": [
        20.0,
        21.0,
        22.0,
        23.0,
        24.0,
        25.0,
        26.0,
        27.0,
        28.0,
        29.0,
        30.0,
        31.0,
        32.0,
        33.0,
        34.0,
        35.0,
        36.0,
        37.0,
        38.0,
        39.0,
        40.0,
        41.0,
        42.0,
        43.0,
        44.0,
        45.0,
        46.0,
        47.0,
        48.0,
        49.0,
        50.0,
        51.0,
        52.0,
        53.0,
        54.0,
        55.0,
        56.0,
        57.0,
        58.0,
        59.0,
        60.0
    ],
    "Efficiency": [
        0.9156010230179028,
        0.9291166848418757,
        0.9064546304957904,
        0.8927392739273927,
        0.8817126269956459,
        0.8635502210991788,
        0.8467391304347827,
        0.8351753964440173,
        0.8255865427180168,
        0.8223330775134305,
        0.829232995658466,
        0.8258638385220664,
        0.8385664446558833,
        0.84765625,
        0.8547681539807525,
        0.8650389052857527,
        0.8676844783715013,
        0.873067331670823,
        0.8701117318435754,
        0.8721786647659777,
        0.8740359897172236,
        0.8646080760095012,
        0.8682745825602969,
        0.8549127640036731,
        0.8183347350714887,
        0.7997329773030708,
        0.7855530474040632,
        0.7766798418972332,
        0.6862745098039216,
        0.6735537190082644,
        0.6594594594594595,
        0.48872180451127817,
        0.5377358490566038,
        0.5,
        0.5232558139534884,
        0.3898305084745763,
        0.38235294117647056,
        0.32075471698113206,
        0.423728813559322,
        0.5
    ]
}