{
    "Bins": [
        20.0,
        21.0,
        22.0,
        23.0,
        24.0,
        25.0,
        26.0,
        27.0,
        28.0,
        29.0,
        30.0,
        31.0,
        32.0,
        33.0,
        34.0,
        35.0,
        36.0,
        37.0,
        38.0,
        39.0,
        40.0,
        41.0,
        42.0,
        43.0,
        44.0,
        45.0,
        46.0,
        47.0,
        48.0,
        49.0,
        50.0,
        51.0,
        52.0,
        53.0,
        54.0,
        55.0,
        56.0,
        57.0,
        58.0,
        59.0,
        60.0
    ],
    "Efficiency": [
        0.9411764705882353,
        0.9618320610687023,
        0.9635173058933583,
        0.9661716171617162,
        0.9658925979680697,
        0.9646241313960834,
        0.9652173913043478,
        0.9682844786160499,
        0.9690128375387339,
        0.966615502686109,
        0.9685238784370478,
        0.9616832021895313,
        0.9641611163970821,
        0.9654447115384616,
        0.9597550306211724,
        0.951703783203649,
        0.9458015267175572,
        0.9451371571072319,
        0.9385474860335196,
        0.93703967688287,
        0.9401729376022435,
        0.9451306413301662,
        0.9475218658892128,
        0.9436792164064891,
        0.9415475189234651,
        0.9465954606141522,
        0.9401805869074492,
        0.9604743083003953,
        0.938375350140056,
        0.8925619834710744,
        0.8648648648648649,
        0.8796992481203008,
        0.8207547169811321,
        0.8111111111111111,
        0.7906976744186046,
        0.7627118644067796,
        0.6764705882352942,
        0.7358490566037735,
        0.7288135593220338,
        0.75
    ]
}