{
    "Bins": [
        20.0,
        21.0,
        22.0,
        23.0,
        24.0,
        25.0,
        26.0,
        27.0,
        28.0,
        29.0,
        30.0,
        31.0,
        32.0,
        33.0,
        34.0,
        35.0,
        36.0,
        37.0,
        38.0,
        39.0,
        40.0,
        41.0,
        42.0,
        43.0,
        44.0,
        45.0,
        46.0,
        47.0,
        48.0,
        49.0,
        50.0,
        51.0,
        52.0,
        53.0,
        54.0,
        55.0,
        56.0,
        57.0,
        58.0,
        59.0,
        60.0
    ],
    "Efficiency": [
        0.8925831202046036,
        0.9094874591057798,
        0.9158091674462114,
        0.9158415841584159,
        0.9150943396226415,
        0.914087176247631,
        0.9146739130434782,
        0.9207111965401249,
        0.9123505976095617,
        0.9159631619339985,
        0.9251085383502171,
        0.9209716045159083,
        0.9254678084364097,
        0.9320913461538461,
        0.9294254884806066,
        0.9262141132277971,
        0.9216284987277353,
        0.929426433915212,
        0.9220204841713222,
        0.9268234735091471,
        0.9305912596401028,
        0.9306413301662708,
        0.9329446064139941,
        0.9213345576981941,
        0.9137931034482759,
        0.8825100133511349,
        0.881489841986456,
        0.8201581027667985,
        0.7535014005602241,
        0.7107438016528925,
        0.6108108108108108,
        0.48120300751879697,
        0.36792452830188677,
        0.3111111111111111,
        0.10465116279069768,
        0.13559322033898305,
        0.20588235294117646,
        0.07547169811320754,
        0.13559322033898305,
        0.0
    ]
}