{
    "Bins": [
        20.0,
        21.0,
        22.0,
        23.0,
        24.0,
        25.0,
        26.0,
        27.0,
        28.0,
        29.0,
        30.0,
        31.0,
        32.0,
        33.0,
        34.0,
        35.0,
        36.0,
        37.0,
        38.0,
        39.0,
        40.0,
        41.0,
        42.0,
        43.0,
        44.0,
        45.0,
        46.0,
        47.0,
        48.0,
        49.0,
        50.0,
        51.0,
        52.0,
        53.0,
        54.0,
        55.0,
        56.0,
        57.0,
        58.0,
        59.0,
        60.0
    ],
    "Efficiency": [
        0.9769820971867008,
        0.9825517993456925,
        0.9812909260991581,
        0.9818481848184818,
        0.974600870827286,
        0.9722046746683513,
        0.9635869565217391,
        0.9629985583853916,
        0.9552899513058876,
        0.9570222563315426,
        0.9562228654124457,
        0.9493670886075949,
        0.9565493181097368,
        0.9588341346153846,
        0.9585885097696122,
        0.9586799034075664,
        0.9516539440203562,
        0.9541147132169576,
        0.9522811918063314,
        0.952007602755999,
        0.9523253096517879,
        0.9467933491686461,
        0.951497482109727,
        0.9412304866850322,
        0.9280908326324643,
        0.9098798397863819,
        0.9029345372460497,
        0.8557312252964426,
        0.8123249299719888,
        0.7520661157024794,
        0.7513513513513513,
        0.6165413533834586,
        0.6320754716981132,
        0.5555555555555556,
        0.46511627906976744,
        0.4406779661016949,
        0.3088235294117647,
        0.22641509433962265,
        0.2711864406779661,
        0.19444444444444445
    ]
}