{
    "Bins": [
        20.0,
        21.0,
        22.0,
        23.0,
        24.0,
        25.0,
        26.0,
        27.0,
        28.0,
        29.0,
        30.0,
        31.0,
        32.0,
        33.0,
        34.0,
        35.0,
        36.0,
        37.0,
        38.0,
        39.0,
        40.0,
        41.0,
        42.0,
        43.0,
        44.0,
        45.0,
        46.0,
        47.0,
        48.0,
        49.0,
        50.0,
        51.0,
        52.0,
        53.0,
        54.0,
        55.0,
        56.0,
        57.0,
        58.0,
        59.0,
        60.0
    ],
    "Efficiency": [
        0.9782608695652174,
        0.9792802617230099,
        0.9784845650140318,
        0.9694719471947195,
        0.9608127721335269,
        0.9513581806696146,
        0.9418478260869565,
        0.9308024987986545,
        0.9300575475874281,
        0.9267075978511128,
        0.9243849493487699,
        0.9247348614437222,
        0.9251506501744371,
        0.9347956730769231,
        0.9413823272090989,
        0.9353367319559968,
        0.9363867684478372,
        0.9413965087281796,
        0.9385474860335196,
        0.9360893323829889,
        0.9390044402897874,
        0.9406175771971497,
        0.9355950172276702,
        0.9259259259259259,
        0.9087468460891506,
        0.8704939919893191,
        0.8623024830699775,
        0.8142292490118577,
        0.742296918767507,
        0.71900826446281,
        0.6756756756756757,
        0.6015037593984962,
        0.5660377358490566,
        0.5333333333333333,
        0.5,
        0.4576271186440678,
        0.36764705882352944,
        0.20754716981132076,
        0.2542372881355932,
        0.3333333333333333
    ]
}