{
    "Bins": [
        20.0,
        21.0,
        22.0,
        23.0,
        24.0,
        25.0,
        26.0,
        27.0,
        28.0,
        29.0,
        30.0,
        31.0,
        32.0,
        33.0,
        34.0,
        35.0,
        36.0,
        37.0,
        38.0,
        39.0,
        40.0,
        41.0,
        42.0,
        43.0,
        44.0,
        45.0,
        46.0,
        47.0,
        48.0,
        49.0,
        50.0,
        51.0,
        52.0,
        53.0,
        54.0,
        55.0,
        56.0,
        57.0,
        58.0,
        59.0,
        60.0
    ],
    "Efficiency": [
        0.26214833759590794,
        0.26608505997818976,
        0.27970065481758655,
        0.28217821782178215,
        0.28374455732946297,
        0.2552116234996841,
        0.2940217391304348,
        0.29985583853916387,
        0.30323151837096063,
        0.30928626247122026,
        0.3060781476121563,
        0.3044816968867602,
        0.30605772280367904,
        0.3128004807692308,
        0.3242927967337416,
        0.3139254091762812,
        0.32290076335877865,
        0.32917705735660846,
        0.3303072625698324,
        0.33760988358279875,
        0.3281140453376957,
        0.342042755344418,
        0.3535648025443944,
        0.371900826446281,
        0.34987384356602186,
        0.34979973297730305,
        0.3182844243792325,
        0.35177865612648224,
        0.3389355742296919,
        0.34297520661157027,
        0.32972972972972975,
        0.2857142857142857,
        0.37735849056603776,
        0.3888888888888889,
        0.3953488372093023,
        0.3220338983050847,
        0.25,
        0.37735849056603776,
        0.4406779661016949,
        0.5
    ]
}