{
    "Bins": [
        20.0,
        21.0,
        22.0,
        23.0,
        24.0,
        25.0,
        26.0,
        27.0,
        28.0,
        29.0,
        30.0,
        31.0,
        32.0,
        33.0,
        34.0,
        35.0,
        36.0,
        37.0,
        38.0,
        39.0,
        40.0,
        41.0,
        42.0,
        43.0,
        44.0,
        45.0,
        46.0,
        47.0,
        48.0,
        49.0,
        50.0,
        51.0,
        52.0,
        53.0,
        54.0,
        55.0,
        56.0,
        57.0,
        58.0,
        59.0,
        60.0
    ],
    "Efficiency": [
        0.9744245524296675,
        0.9705561613958561,
        0.9635173058933583,
        0.9653465346534653,
        0.9608127721335269,
        0.9519898926089703,
        0.941304347826087,
        0.9384911100432485,
        0.9274015050907481,
        0.9236377590176515,
        0.9117221418234442,
        0.8997605200136846,
        0.882651443070092,
        0.8765024038461539,
        0.8626421697287839,
        0.8526965387711296,
        0.8384223918575063,
        0.844638403990025,
        0.8358938547486033,
        0.8306010928961749,
        0.8223884085066604,
        0.8254156769596199,
        0.8147362841240392,
        0.797979797979798,
        0.7867956265769555,
        0.7556742323097463,
        0.7483069977426636,
        0.7292490118577075,
        0.6274509803921569,
        0.6198347107438017,
        0.654054054054054,
        0.5789473684210527,
        0.5943396226415094,
        0.5555555555555556,
        0.43023255813953487,
        0.4406779661016949,
        0.4117647058823529,
        0.32075471698113206,
        0.3389830508474576,
        0.19444444444444445
    ]
}