{
    "Bins": [
        20.0,
        21.0,
        22.0,
        23.0,
        24.0,
        25.0,
        26.0,
        27.0,
        28.0,
        29.0,
        30.0,
        31.0,
        32.0,
        33.0,
        34.0,
        35.0,
        36.0,
        37.0,
        38.0,
        39.0,
        40.0,
        41.0,
        42.0,
        43.0,
        44.0,
        45.0,
        46.0,
        47.0,
        48.0,
        49.0,
        50.0,
        51.0,
        52.0,
        53.0,
        54.0,
        55.0,
        56.0,
        57.0,
        58.0,
        59.0,
        60.0
    ],
    "Efficiency": [
        0.09462915601023018,
        0.09487459105779716,
        0.08980355472404115,
        0.08663366336633663,
        0.08345428156748912,
        0.08528111181301326,
        0.10271739130434783,
        0.09706871696299856,
        0.10270030987162461,
        0.10092095165003838,
        0.11107091172214183,
        0.09408142319534725,
        0.09736758642562639,
        0.09885817307692307,
        0.10352872557596968,
        0.10920311242286021,
        0.10966921119592875,
        0.11346633416458853,
        0.10963687150837989,
        0.1247327156094084,
        0.12386071512035522,
        0.12612826603325417,
        0.12748476013782137,
        0.12733394551576369,
        0.1312026913372582,
        0.11815754339118825,
        0.12302483069977427,
        0.1482213438735178,
        0.1484593837535014,
        0.16115702479338842,
        0.14594594594594595,
        0.16541353383458646,
        0.11320754716981132,
        0.12222222222222222,
        0.1511627906976744,
        0.15254237288135594,
        0.27941176470588236,
        0.20754716981132076,
        0.22033898305084745,
        0.19444444444444445
    ]
}