{
    "Bins": [
        20.0,
        21.0,
        22.0,
        23.0,
        24.0,
        25.0,
        26.0,
        27.0,
        28.0,
        29.0,
        30.0,
        31.0,
        32.0,
        33.0,
        34.0,
        35.0,
        36.0,
        37.0,
        38.0,
        39.0,
        40.0,
        41.0,
        42.0,
        43.0,
        44.0,
        45.0,
        46.0,
        47.0,
        48.0,
        49.0,
        50.0,
        51.0,
        52.0,
        53.0,
        54.0,
        55.0,
        56.0,
        57.0,
        58.0,
        59.0,
        60.0
    ],
    "Efficiency": [
        0.9347826086956522,
        0.95092693565976,
        0.9550982226379794,
        0.9678217821782178,
        0.9680696661828737,
        0.9614655716993051,
        0.9679347826086957,
        0.9706871696299856,
        0.9725542275343072,
        0.9662317728319263,
        0.9728654124457308,
        0.9705781731098186,
        0.9752616555661275,
        0.9759615384615384,
        0.9714202391367746,
        0.973437080762007,
        0.9709923664122138,
        0.9733167082294264,
        0.964851024208566,
        0.9669755286291281,
        0.9619069876139285,
        0.959144893111639,
        0.9541478929234031,
        0.9455157636975818,
        0.9373423044575273,
        0.9445927903871829,
        0.9446952595936795,
        0.9644268774703557,
        0.9411764705882353,
        0.9090909090909091,
        0.8918918918918919,
        0.9022556390977443,
        0.8584905660377359,
        0.8666666666666667,
        0.7906976744186046,
        0.7457627118644068,
        0.5882352941176471,
        0.6226415094339622,
        0.5932203389830508,
        0.6111111111111112
    ]
}