{
    "Bins": [
        20.0,
        21.0,
        22.0,
        23.0,
        24.0,
        25.0,
        26.0,
        27.0,
        28.0,
        29.0,
        30.0,
        31.0,
        32.0,
        33.0,
        34.0,
        35.0,
        36.0,
        37.0,
        38.0,
        39.0,
        40.0,
        41.0,
        42.0,
        43.0,
        44.0,
        45.0,
        46.0,
        47.0,
        48.0,
        49.0,
        50.0,
        51.0,
        52.0,
        53.0,
        54.0,
        55.0,
        56.0,
        57.0,
        58.0,
        59.0,
        60.0
    ],
    "Efficiency": [
        0.9846547314578005,
        0.9880043620501636,
        0.9887745556594949,
        0.9876237623762376,
        0.9854862119013063,
        0.98547062539482,
        0.9804347826086957,
        0.984142239308025,
        0.9769809650287737,
        0.9762087490406753,
        0.9779305354558611,
        0.9753677728361273,
        0.9739930225182366,
        0.9696514423076923,
        0.9591717701953922,
        0.9495572846793667,
        0.9473282442748091,
        0.944638403990025,
        0.9341247672253259,
        0.9363269185079591,
        0.9338630521149801,
        0.9258907363420428,
        0.922873045322025,
        0.9106213651668197,
        0.9058031959629941,
        0.9012016021361816,
        0.9029345372460497,
        0.883399209486166,
        0.8487394957983193,
        0.8305785123966942,
        0.8378378378378378,
        0.8045112781954887,
        0.8113207547169812,
        0.8222222222222222,
        0.8255813953488372,
        0.8135593220338984,
        0.8088235294117647,
        0.7547169811320755,
        0.7288135593220338,
        0.7777777777777778
    ]
}