{
    "Bins": [
        20.0,
        21.0,
        22.0,
        23.0,
        24.0,
        25.0,
        26.0,
        27.0,
        28.0,
        29.0,
        30.0,
        31.0,
        32.0,
        33.0,
        34.0,
        35.0,
        36.0,
        37.0,
        38.0,
        39.0,
        40.0,
        41.0,
        42.0,
        43.0,
        44.0,
        45.0,
        46.0,
        47.0,
        48.0,
        49.0,
        50.0,
        51.0,
        52.0,
        53.0,
        54.0,
        55.0,
        56.0,
        57.0,
        58.0,
        59.0,
        60.0
    ],
    "Efficiency": [
        0.24040920716112532,
        0.25517993456924754,
        0.2722170252572498,
        0.31683168316831684,
        0.3251088534107402,
        0.30701200252684774,
        0.3179347826086957,
        0.3512734262373859,
        0.3421868083222665,
        0.3733691481197237,
        0.37228654124457305,
        0.3681149503934314,
        0.37678401522359656,
        0.38461538461538464,
        0.40536599591717704,
        0.39871210088543063,
        0.41017811704834606,
        0.42443890274314217,
        0.422951582867784,
        0.4269422665716322,
        0.4416919841084366,
        0.465083135391924,
        0.4609064404982772,
        0.4640342822161004,
        0.4587888982338099,
        0.46328437917222964,
        0.4435665914221219,
        0.4723320158102767,
        0.48179271708683474,
        0.49173553719008267,
        0.4,
        0.47368421052631576,
        0.4716981132075472,
        0.4444444444444444,
        0.5348837209302325,
        0.5254237288135594,
        0.6176470588235294,
        0.49056603773584906,
        0.5423728813559322,
        0.6388888888888888
    ]
}