{
    "Bins": [
        20.0,
        21.0,
        22.0,
        23.0,
        24.0,
        25.0,
        26.0,
        27.0,
        28.0,
        29.0,
        30.0,
        31.0,
        32.0,
        33.0,
        34.0,
        35.0,
        36.0,
        37.0,
        38.0,
        39.0,
        40.0,
        41.0,
        42.0,
        43.0,
        44.0,
        45.0,
        46.0,
        47.0,
        48.0,
        49.0,
        50.0,
        51.0,
        52.0,
        53.0,
        54.0,
        55.0,
        56.0,
        57.0,
        58.0,
        59.0,
        60.0
    ],
    "Efficiency": [
        0.9782608695652174,
        0.9858233369683751,
        0.9850327408793265,
        0.9900990099009901,
        0.9869375907111756,
        0.9842072015161086,
        0.9831521739130434,
        0.9865449303219606,
        0.981850376272687,
        0.9758250191864927,
        0.9837192474674384,
        0.9743414300376325,
        0.9797018712337456,
        0.9765625,
        0.973753280839895,
        0.9699490206600483,
        0.9628498727735368,
        0.9610972568578554,
        0.9518156424581006,
        0.9493941553813258,
        0.9460154241645244,
        0.9375296912114014,
        0.930294195600318,
        0.9146005509641874,
        0.8986543313708999,
        0.8898531375166889,
        0.881489841986456,
        0.8656126482213439,
        0.8263305322128851,
        0.8057851239669421,
        0.8,
        0.6842105263157895,
        0.7358490566037735,
        0.7333333333333333,
        0.6744186046511628,
        0.5423728813559322,
        0.4411764705882353,
        0.3584905660377358,
        0.423728813559322,
        0.4166666666666667
    ]
}