{
    "Bins": [
        20.0,
        21.0,
        22.0,
        23.0,
        24.0,
        25.0,
        26.0,
        27.0,
        28.0,
        29.0,
        30.0,
        31.0,
        32.0,
        33.0,
        34.0,
        35.0,
        36.0,
        37.0,
        38.0,
        39.0,
        40.0,
        41.0,
        42.0,
        43.0,
        44.0,
        45.0,
        46.0,
        47.0,
        48.0,
        49.0,
        50.0,
        51.0,
        52.0,
        53.0,
        54.0,
        55.0,
        56.0,
        57.0,
        58.0,
        59.0,
        60.0
    ],
    "Efficiency": [
        0.9820971867007673,
        0.9803707742639041,
        0.9850327408793265,
        0.9826732673267327,
        0.97677793904209,
        0.9709412507896399,
        0.9608695652173913,
        0.9615569437770303,
        0.9561752988047809,
        0.9589409056024558,
        0.9540520984081042,
        0.9469722887444406,
        0.9581351094196003,
        0.9576322115384616,
        0.9609215514727326,
        0.9559967802522136,
        0.9519083969465649,
        0.957356608478803,
        0.9515828677839852,
        0.9498693276312663,
        0.9537275064267352,
        0.9467933491686461,
        0.9491121123774185,
        0.9393939393939394,
        0.9259882253994953,
        0.904539385847797,
        0.899548532731377,
        0.8656126482213439,
        0.8123249299719888,
        0.7520661157024794,
        0.7297297297297297,
        0.6090225563909775,
        0.6037735849056604,
        0.5555555555555556,
        0.5,
        0.4406779661016949,
        0.3382352941176471,
        0.22641509433962265,
        0.288135593220339,
        0.16666666666666666
    ]
}