{
    "False Positive Rate": [
        0.0,
        0.12066113479564802,
        0.12095700472047016,
        1.0
    ],
    "True Positive Rate": [
        0.0,
        0.8641003913973289,
        0.8698973758893865,
        1.0
    ],
    "ROC AUC": 0.8742482808797767
}