{
    "False Positive Rate": [
        0.0,
        0.13233454819317617,
        0.1326304181179983,
        1.0
    ],
    "True Positive Rate": [
        0.0,
        0.861746627392433,
        0.8675436118844907,
        1.0
    ],
    "ROC AUC": 0.8672005086763577
}