{
    "False Positive Rate": [
        0.0,
        0.028551447745336685,
        0.028564896378283147,
        0.028564896378283147,
        0.02886076630310529,
        0.052920370644324005,
        0.07203087806124507,
        0.07203087806124507,
        0.08855924795244563,
        0.10401172720792931,
        0.1197735250211816,
        0.13888403243810266,
        0.16322605807119706,
        0.1970359212986,
        0.259612410398483,
        1.0
    ],
    "True Positive Rate": [
        0.0,
        0.4657493712087587,
        0.46576282128878665,
        0.4658031715288706,
        0.47158670594090035,
        0.7124372890018695,
        0.8328558554923402,
        0.8328693055723682,
        0.8951969764220097,
        0.9284186740911109,
        0.9499388021358727,
        0.9647876904867584,
        0.9757226055495031,
        0.9844517074876595,
        0.9920106524633822,
        1.0
    ],
    "ROC AUC": 0.9532972908450932
}