{
    "False Positive Rate": [
        0.0,
        0.010101363159734358,
        0.010101363159734358,
        0.016392869626004895,
        0.024501922404753584,
        0.03149248514505418,
        0.039217056973086334,
        0.05008738203425376,
        0.06270534778049633,
        0.08192939531632297,
        0.11321216357916812,
        0.17703600139811254,
        1.0
    ],
    "True Positive Rate": [
        0.0,
        0.665319826997496,
        0.665490553152743,
        0.8215342590484862,
        0.8884020031868882,
        0.9244252219440018,
        0.94792852264967,
        0.9631231504666515,
        0.9755861597996813,
        0.9834964716594582,
        0.9896995219667654,
        0.9950489414978375,
        1.0
    ],
    "ROC AUC": 0.9851153049006424
}