{
    "Precision": [
        0.40952827069326575,
        0.6455525395007297,
        0.7078044386209156,
        0.7576955356417684,
        0.7599923451254853,
        0.8039851401553529,
        0.8388819357530246,
        0.840343203230148,
        0.8404747874400202,
        0.8605776070564803,
        0.8772204806687566,
        0.8771562990067956,
        0.8783429470372313,
        0.9260700389105059,
        0.9259259259259259,
        1.0
    ],
    "Recall": [
        1.0,
        0.5536447189589978,
        0.46522142828307295,
        0.3766097452666424,
        0.3740799052655659,
        0.16017385921709526,
        0.1352926136745926,
        0.13443139154656655,
        0.1343506519720641,
        0.08139894769421231,
        0.022593624264933457,
        0.02258016766918305,
        0.02253979788193183,
        0.006405339577193762,
        0.006391882981443354,
        0.0
    ],
    "Precision-Recall AUC": 0.6675600645031537,
    "Chance Level": 0.40952827069326575
}