{
    "Precision": [
        0.40952827069326575,
        0.7509462372245084,
        0.8143919796732545,
        0.8465571126121585,
        0.8713775959629138,
        0.8947992295154837,
        1.0
    ],
    "Recall": [
        1.0,
        0.9798285629701398,
        0.9531979599800843,
        0.9039602761293448,
        0.7853807543767578,
        0.4875862904202495,
        0.0
    ],
    "Precision-Recall AUC": 0.9002116549550299,
    "Chance Level": 0.40952827069326575
}