{
    "Precision": [
        0.40952827069326575,
        0.8221558106364192,
        0.8214251515027154,
        1.0
    ],
    "Recall": [
        1.0,
        0.8144335446018867,
        0.8080282050246929,
        0.0
    ],
    "Precision-Recall AUC": 0.8554249195416559,
    "Chance Level": 0.40952827069326575
}