{
    "Bins": [
        20.0,
        21.0,
        22.0,
        23.0,
        24.0,
        25.0,
        26.0,
        27.0,
        28.0,
        29.0,
        30.0,
        31.0,
        32.0,
        33.0,
        34.0,
        35.0,
        36.0,
        37.0,
        38.0,
        39.0,
        40.0,
        41.0,
        42.0,
        43.0,
        44.0,
        45.0,
        46.0,
        47.0,
        48.0,
        49.0,
        50.0,
        51.0,
        52.0,
        53.0,
        54.0,
        55.0,
        56.0,
        57.0,
        58.0,
        59.0,
        60.0
    ],
    "Efficiency": [
        0.9579439252336449,
        0.9757085020242915,
        0.9828178694158075,
        0.9702970297029703,
        0.9680589680589681,
        0.9715639810426541,
        0.9724137931034482,
        0.9757575757575757,
        0.9571183533447685,
        0.9760765550239234,
        0.9630177514792899,
        0.9777468706536857,
        0.9648648648648649,
        0.9854304635761589,
        0.9550425273390036,
        0.9667458432304038,
        0.976,
        0.9774590163934426,
        0.9758656873032528,
        0.9680741503604532,
        0.9768177028451,
        0.9673340358271865,
        0.9781420765027322,
        0.9659685863874345,
        0.9602169981916817,
        0.9682539682539683,
        0.9585798816568047,
        0.9694656488549618,
        0.922077922077922,
        0.9444444444444444,
        1.0,
        0.9696969696969697,
        0.9642857142857143,
        1.0,
        1.0,
        1.0,
        0.8666666666666667,
        1.0,
        0.875,
        0.7142857142857143
    ]
}