{
    "Bins": [
        20.0,
        21.0,
        22.0,
        23.0,
        24.0,
        25.0,
        26.0,
        27.0,
        28.0,
        29.0,
        30.0,
        31.0,
        32.0,
        33.0,
        34.0,
        35.0,
        36.0,
        37.0,
        38.0,
        39.0,
        40.0,
        41.0,
        42.0,
        43.0,
        44.0,
        45.0,
        46.0,
        47.0,
        48.0,
        49.0,
        50.0,
        51.0,
        52.0,
        53.0,
        54.0,
        55.0,
        56.0,
        57.0,
        58.0,
        59.0,
        60.0
    ],
    "Efficiency": [
        0.6448598130841121,
        0.6963562753036437,
        0.7422680412371134,
        0.8085808580858086,
        0.7788697788697788,
        0.8246445497630331,
        0.8413793103448276,
        0.8464646464646465,
        0.8113207547169812,
        0.8755980861244019,
        0.8609467455621301,
        0.874826147426982,
        0.8959459459459459,
        0.9072847682119205,
        0.8991494532199271,
        0.9073634204275535,
        0.9165714285714286,
        0.9252049180327869,
        0.9307450157397692,
        0.9309989701338826,
        0.9441517386722866,
        0.9325605900948367,
        0.9519125683060109,
        0.9463350785340314,
        0.945750452079566,
        0.9619047619047619,
        0.9644970414201184,
        0.9618320610687023,
        0.9090909090909091,
        0.9814814814814815,
        0.9791666666666666,
        0.9696969696969697,
        0.9642857142857143,
        1.0,
        0.9473684210526315,
        1.0,
        1.0,
        1.0,
        1.0,
        1.0
    ]
}