{
    "Bins": [
        20.0,
        21.0,
        22.0,
        23.0,
        24.0,
        25.0,
        26.0,
        27.0,
        28.0,
        29.0,
        30.0,
        31.0,
        32.0,
        33.0,
        34.0,
        35.0,
        36.0,
        37.0,
        38.0,
        39.0,
        40.0,
        41.0,
        42.0,
        43.0,
        44.0,
        45.0,
        46.0,
        47.0,
        48.0,
        49.0,
        50.0,
        51.0,
        52.0,
        53.0,
        54.0,
        55.0,
        56.0,
        57.0,
        58.0,
        59.0,
        60.0
    ],
    "Efficiency": [
        0.0,
        0.012145748987854251,
        0.061855670103092786,
        0.20132013201320131,
        0.32923832923832924,
        0.5379146919431279,
        0.6505747126436782,
        0.7898989898989899,
        0.8576329331046312,
        0.9186602870813397,
        0.9215976331360947,
        0.9485396383866481,
        0.9675675675675676,
        0.9774834437086093,
        0.9623329283110571,
        0.9619952494061758,
        0.9622857142857143,
        0.9733606557377049,
        0.974816369359916,
        0.9701338825952626,
        0.9810326659641728,
        0.9704952581664911,
        0.9814207650273225,
        0.9842931937172775,
        0.9746835443037974,
        0.9619047619047619,
        0.9763313609467456,
        0.9847328244274809,
        0.948051948051948,
        0.9814814814814815,
        0.9791666666666666,
        1.0,
        0.9642857142857143,
        1.0,
        0.9473684210526315,
        1.0,
        1.0,
        1.0,
        1.0,
        0.8571428571428571
    ]
}