{
    "Bins": [
        20.0,
        21.0,
        22.0,
        23.0,
        24.0,
        25.0,
        26.0,
        27.0,
        28.0,
        29.0,
        30.0,
        31.0,
        32.0,
        33.0,
        34.0,
        35.0,
        36.0,
        37.0,
        38.0,
        39.0,
        40.0,
        41.0,
        42.0,
        43.0,
        44.0,
        45.0,
        46.0,
        47.0,
        48.0,
        49.0,
        50.0,
        51.0,
        52.0,
        53.0,
        54.0,
        55.0,
        56.0,
        57.0,
        58.0,
        59.0,
        60.0
    ],
    "Efficiency": [
        0.5186915887850467,
        0.6396761133603239,
        0.7285223367697594,
        0.8283828382838284,
        0.8058968058968059,
        0.8436018957345972,
        0.8942528735632184,
        0.9252525252525252,
        0.9039451114922813,
        0.937799043062201,
        0.9319526627218935,
        0.9485396383866481,
        0.9594594594594594,
        0.9695364238410596,
        0.9538274605103281,
        0.9619952494061758,
        0.9611428571428572,
        0.9764344262295082,
        0.9758656873032528,
        0.9670442842430484,
        0.9831401475237092,
        0.9757639620653319,
        0.9814207650273225,
        0.981675392670157,
        0.9783001808318263,
        0.9746031746031746,
        0.9644970414201184,
        0.9923664122137404,
        0.935064935064935,
        0.9814814814814815,
        1.0,
        0.9696969696969697,
        0.9642857142857143,
        0.9444444444444444,
        0.9473684210526315,
        1.0,
        0.9333333333333333,
        1.0,
        0.75,
        0.7142857142857143
    ]
}