{
    "Bins": [
        20.0,
        21.0,
        22.0,
        23.0,
        24.0,
        25.0,
        26.0,
        27.0,
        28.0,
        29.0,
        30.0,
        31.0,
        32.0,
        33.0,
        34.0,
        35.0,
        36.0,
        37.0,
        38.0,
        39.0,
        40.0,
        41.0,
        42.0,
        43.0,
        44.0,
        45.0,
        46.0,
        47.0,
        48.0,
        49.0,
        50.0,
        51.0,
        52.0,
        53.0,
        54.0,
        55.0,
        56.0,
        57.0,
        58.0,
        59.0,
        60.0
    ],
    "Efficiency": [
        0.5887850467289719,
        0.7692307692307693,
        0.8591065292096219,
        0.9207920792079208,
        0.9164619164619164,
        0.9454976303317536,
        0.9655172413793104,
        0.9636363636363636,
        0.9588336192109777,
        0.9792663476874003,
        0.9763313609467456,
        0.9833101529902643,
        0.9905405405405405,
        0.9947019867549669,
        0.9842041312272175,
        0.9928741092636579,
        0.9942857142857143,
        0.9918032786885246,
        0.9926547743966422,
        0.9907312049433573,
        0.9947312961011591,
        0.9884088514225501,
        0.994535519125683,
        0.993455497382199,
        0.9927667269439421,
        0.9809523809523809,
        0.9704142011834319,
        0.9923664122137404,
        0.961038961038961,
        0.9814814814814815,
        1.0,
        0.9696969696969697,
        0.9642857142857143,
        0.9444444444444444,
        0.9473684210526315,
        1.0,
        0.9333333333333333,
        1.0,
        0.875,
        0.8571428571428571
    ]
}