{
    "Bins": [
        20.0,
        21.0,
        22.0,
        23.0,
        24.0,
        25.0,
        26.0,
        27.0,
        28.0,
        29.0,
        30.0,
        31.0,
        32.0,
        33.0,
        34.0,
        35.0,
        36.0,
        37.0,
        38.0,
        39.0,
        40.0,
        41.0,
        42.0,
        43.0,
        44.0,
        45.0,
        46.0,
        47.0,
        48.0,
        49.0,
        50.0,
        51.0,
        52.0,
        53.0,
        54.0,
        55.0,
        56.0,
        57.0,
        58.0,
        59.0,
        60.0
    ],
    "Efficiency": [
        0.09813084112149532,
        0.27530364372469635,
        0.5498281786941581,
        0.7326732673267327,
        0.7469287469287469,
        0.8364928909952607,
        0.903448275862069,
        0.9393939393939394,
        0.9536878216123499,
        0.9617224880382775,
        0.9585798816568047,
        0.972183588317107,
        0.9756756756756757,
        0.9854304635761589,
        0.9708383961117861,
        0.9655581947743468,
        0.9702857142857143,
        0.9784836065573771,
        0.9811122770199371,
        0.9701338825952626,
        0.982086406743941,
        0.9704952581664911,
        0.985792349726776,
        0.9842931937172775,
        0.9801084990958409,
        0.9746031746031746,
        0.9763313609467456,
        0.9923664122137404,
        0.961038961038961,
        0.9814814814814815,
        0.9791666666666666,
        0.9696969696969697,
        0.9285714285714286,
        1.0,
        0.9473684210526315,
        0.9166666666666666,
        0.8666666666666667,
        1.0,
        0.75,
        0.5714285714285714
    ]
}