{
    "False Positive Rate": [
        0.0,
        0.14942298043151028,
        1.0
    ],
    "True Positive Rate": [
        0.0,
        0.8866965620328849,
        1.0
    ],
    "ROC AUC": 0.8686367908006872
}