{
    "False Positive Rate": [
        0.0,
        0.11379829402910185,
        0.21535373808329153,
        0.2890115403913698,
        0.35313597591570495,
        0.43622679377822376,
        1.0
    ],
    "True Positive Rate": [
        0.0,
        0.7444942700548082,
        0.942700548081714,
        0.986846038863976,
        0.996711509715994,
        0.9986048829098156,
        1.0
    ],
    "ROC AUC": 0.9089695098764959
}