{
    "False Positive Rate": [
        0.0,
        0.023482187656798797,
        0.04044154540893126,
        0.05810336176618164,
        0.07476166583040643,
        0.09222277972905168,
        0.11219267436026091,
        0.1390868038133467,
        0.17912694430506773,
        0.23261414952333165,
        0.32012042147516306,
        1.0
    ],
    "True Positive Rate": [
        0.0,
        0.49725959142999504,
        0.7305430991529647,
        0.8468360737419033,
        0.9054309915296462,
        0.9407075236671649,
        0.9635276532137519,
        0.9788739412057798,
        0.9876432486297957,
        0.9932237169905331,
        0.9971101145989039,
        1.0
    ],
    "ROC AUC": 0.9643513083035268
}