{
    "False Positive Rate": [
        0.0,
        0.12584044154540894,
        1.0
    ],
    "True Positive Rate": [
        0.0,
        0.8871948181365221,
        1.0
    ],
    "ROC AUC": 0.8806771882955566
}