{
    "Bins": [
        20.0,
        21.0,
        22.0,
        23.0,
        24.0,
        25.0,
        26.0,
        27.0,
        28.0,
        29.0,
        30.0,
        31.0,
        32.0,
        33.0,
        34.0,
        35.0,
        36.0,
        37.0,
        38.0,
        39.0,
        40.0,
        41.0,
        42.0,
        43.0,
        44.0,
        45.0,
        46.0,
        47.0,
        48.0,
        49.0,
        50.0,
        51.0,
        52.0,
        53.0,
        54.0,
        55.0,
        56.0,
        57.0,
        58.0,
        59.0,
        60.0
    ],
    "Efficiency": [
        0.9961783439490446,
        0.9906735751295337,
        0.9878277153558053,
        0.9830076465590484,
        0.9848046309696092,
        0.9794064203513022,
        0.9688982604111755,
        0.963116643614569,
        0.9711899791231733,
        0.9642573471008737,
        0.9657754010695188,
        0.9689396644055694,
        0.9754658385093168,
        0.977621091354997,
        0.9770408163265306,
        0.9788693743139407,
        0.9832985386221295,
        0.984796468857283,
        0.9819819819819819,
        0.9851714550509731,
        0.9849570200573066,
        0.9885084989226718,
        0.982908230344465,
        0.9866220735785953,
        0.9794520547945206,
        0.9770992366412213,
        0.9774774774774775,
        0.9812889812889813,
        0.9505813953488372,
        0.96,
        0.8765432098765432,
        0.9121621621621622,
        0.8411214953271028,
        0.7640449438202247,
        0.7916666666666666,
        0.8135593220338984,
        0.6724137931034483,
        0.8163265306122449,
        0.8,
        0.6666666666666666
    ]
}