{
    "Bins": [
        20.0,
        21.0,
        22.0,
        23.0,
        24.0,
        25.0,
        26.0,
        27.0,
        28.0,
        29.0,
        30.0,
        31.0,
        32.0,
        33.0,
        34.0,
        35.0,
        36.0,
        37.0,
        38.0,
        39.0,
        40.0,
        41.0,
        42.0,
        43.0,
        44.0,
        45.0,
        46.0,
        47.0,
        48.0,
        49.0,
        50.0,
        51.0,
        52.0,
        53.0,
        54.0,
        55.0,
        56.0,
        57.0,
        58.0,
        59.0,
        60.0
    ],
    "Efficiency": [
        0.7503184713375797,
        0.7336787564766839,
        0.7743445692883895,
        0.7960917587085812,
        0.8364688856729378,
        0.8098122350090854,
        0.8323668950975224,
        0.8506224066390041,
        0.8421711899791232,
        0.863780778395552,
        0.8780748663101604,
        0.879328811138879,
        0.8866459627329193,
        0.9031269160024524,
        0.8973922902494331,
        0.8962678375411636,
        0.9086638830897703,
        0.9183423246689554,
        0.9208155523944997,
        0.9242354031510658,
        0.9312320916905444,
        0.9387119942542494,
        0.9416250328687878,
        0.9446640316205533,
        0.9563356164383562,
        0.9375433726578765,
        0.9459459459459459,
        0.9480249480249481,
        0.9302325581395349,
        0.944,
        0.9382716049382716,
        0.9459459459459459,
        0.9813084112149533,
        0.9775280898876404,
        0.9027777777777778,
        0.9661016949152542,
        0.9482758620689655,
        0.9795918367346939,
        0.92,
        1.0
    ]
}