{
    "Bins": [
        20.0,
        21.0,
        22.0,
        23.0,
        24.0,
        25.0,
        26.0,
        27.0,
        28.0,
        29.0,
        30.0,
        31.0,
        32.0,
        33.0,
        34.0,
        35.0,
        36.0,
        37.0,
        38.0,
        39.0,
        40.0,
        41.0,
        42.0,
        43.0,
        44.0,
        45.0,
        46.0,
        47.0,
        48.0,
        49.0,
        50.0,
        51.0,
        52.0,
        53.0,
        54.0,
        55.0,
        56.0,
        57.0,
        58.0,
        59.0,
        60.0
    ],
    "Efficiency": [
        0.8089171974522293,
        0.7989637305699482,
        0.8295880149812734,
        0.8462192013593883,
        0.8567293777134588,
        0.8709872804360993,
        0.889826041117554,
        0.8985707699400646,
        0.8860125260960334,
        0.8903891977760127,
        0.9008912655971479,
        0.9018207782934666,
        0.9164596273291925,
        0.9181483752299203,
        0.9169501133786848,
        0.9198682766190999,
        0.9144050104384134,
        0.9283962726826875,
        0.9274537695590327,
        0.9260889712696941,
        0.9319484240687679,
        0.9360785252573618,
        0.9405732316592164,
        0.9431438127090301,
        0.9516267123287672,
        0.9292158223455933,
        0.9459459459459459,
        0.9542619542619543,
        0.936046511627907,
        0.932,
        0.9074074074074074,
        0.9391891891891891,
        0.9345794392523364,
        0.9438202247191011,
        0.9444444444444444,
        0.9830508474576272,
        0.9310344827586207,
        0.9183673469387755,
        0.94,
        0.9743589743589743
    ]
}