{
    "Bins": [
        20.0,
        21.0,
        22.0,
        23.0,
        24.0,
        25.0,
        26.0,
        27.0,
        28.0,
        29.0,
        30.0,
        31.0,
        32.0,
        33.0,
        34.0,
        35.0,
        36.0,
        37.0,
        38.0,
        39.0,
        40.0,
        41.0,
        42.0,
        43.0,
        44.0,
        45.0,
        46.0,
        47.0,
        48.0,
        49.0,
        50.0,
        51.0,
        52.0,
        53.0,
        54.0,
        55.0,
        56.0,
        57.0,
        58.0,
        59.0,
        60.0
    ],
    "Efficiency": [
        0.9121019108280255,
        0.9202072538860103,
        0.9194756554307116,
        0.9082412914188616,
        0.9196816208393632,
        0.9103573591762568,
        0.9161834475487612,
        0.9082526509912402,
        0.911482254697286,
        0.9086576648133439,
        0.899108734402852,
        0.9018207782934666,
        0.9065217391304348,
        0.9107909258123851,
        0.8962585034013606,
        0.9023051591657519,
        0.8940501043841336,
        0.9051005394801374,
        0.8933143669985776,
        0.8936515291936978,
        0.8980420248328558,
        0.9025616471151544,
        0.8992900341835394,
        0.8984493767102463,
        0.8886986301369864,
        0.9007633587786259,
        0.8952702702702703,
        0.9043659043659044,
        0.9040697674418605,
        0.896,
        0.8703703703703703,
        0.8986486486486487,
        0.8130841121495327,
        0.7865168539325843,
        0.8888888888888888,
        0.864406779661017,
        0.896551724137931,
        0.9183673469387755,
        0.94,
        0.9230769230769231
    ]
}