{
    "Bins": [
        20.0,
        21.0,
        22.0,
        23.0,
        24.0,
        25.0,
        26.0,
        27.0,
        28.0,
        29.0,
        30.0,
        31.0,
        32.0,
        33.0,
        34.0,
        35.0,
        36.0,
        37.0,
        38.0,
        39.0,
        40.0,
        41.0,
        42.0,
        43.0,
        44.0,
        45.0,
        46.0,
        47.0,
        48.0,
        49.0,
        50.0,
        51.0,
        52.0,
        53.0,
        54.0,
        55.0,
        56.0,
        57.0,
        58.0,
        59.0,
        60.0
    ],
    "Efficiency": [
        0.7490445859872611,
        0.7202072538860104,
        0.7659176029962547,
        0.7748513169073916,
        0.8285094066570188,
        0.8086008479709267,
        0.83078545071165,
        0.8464730290456431,
        0.838830897703549,
        0.8486894360603654,
        0.8723707664884135,
        0.8732595501606569,
        0.8841614906832298,
        0.8951563458001226,
        0.8942743764172335,
        0.8932491767288694,
        0.9039665970772442,
        0.9193231976459049,
        0.9177335229966809,
        0.9179796107506951,
        0.9283667621776505,
        0.934163275077807,
        0.941362082566395,
        0.9437519002736394,
        0.9503424657534246,
        0.9368494101318529,
        0.9459459459459459,
        0.9563409563409564,
        0.936046511627907,
        0.94,
        0.9320987654320988,
        0.9594594594594594,
        0.9439252336448598,
        0.9550561797752809,
        0.9166666666666666,
        0.9661016949152542,
        0.9310344827586207,
        1.0,
        0.92,
        1.0
    ]
}