{
    "Bins": [
        20.0,
        21.0,
        22.0,
        23.0,
        24.0,
        25.0,
        26.0,
        27.0,
        28.0,
        29.0,
        30.0,
        31.0,
        32.0,
        33.0,
        34.0,
        35.0,
        36.0,
        37.0,
        38.0,
        39.0,
        40.0,
        41.0,
        42.0,
        43.0,
        44.0,
        45.0,
        46.0,
        47.0,
        48.0,
        49.0,
        50.0,
        51.0,
        52.0,
        53.0,
        54.0,
        55.0,
        56.0,
        57.0,
        58.0,
        59.0,
        60.0
    ],
    "Efficiency": [
        0.9859872611464968,
        0.9844559585492227,
        0.9897003745318352,
        0.9881053525913339,
        0.9876989869753979,
        0.9921259842519685,
        0.9910384818133896,
        0.991701244813278,
        0.9878914405010438,
        0.9857029388403494,
        0.9903743315508021,
        0.9885755087468762,
        0.9909937888198758,
        0.9914163090128756,
        0.9886621315192744,
        0.9884742041712404,
        0.9840814196242171,
        0.9879843060323688,
        0.9874348032242769,
        0.9858665430954587,
        0.9825692454632283,
        0.986593248743117,
        0.9850118327636077,
        0.9826695044086349,
        0.9841609589041096,
        0.9764052741151977,
        0.9831081081081081,
        0.9875259875259875,
        0.9709302325581395,
        0.968,
        0.9691358024691358,
        0.9864864864864865,
        0.9906542056074766,
        0.9775280898876404,
        0.9583333333333334,
        0.9830508474576272,
        0.9482758620689655,
        0.9387755102040817,
        0.96,
        1.0
    ]
}