{
    "Bins": [
        20.0,
        21.0,
        22.0,
        23.0,
        24.0,
        25.0,
        26.0,
        27.0,
        28.0,
        29.0,
        30.0,
        31.0,
        32.0,
        33.0,
        34.0,
        35.0,
        36.0,
        37.0,
        38.0,
        39.0,
        40.0,
        41.0,
        42.0,
        43.0,
        44.0,
        45.0,
        46.0,
        47.0,
        48.0,
        49.0,
        50.0,
        51.0,
        52.0,
        53.0,
        54.0,
        55.0,
        56.0,
        57.0,
        58.0,
        59.0,
        60.0
    ],
    "Efficiency": [
        0.8089171974522293,
        0.7937823834196891,
        0.8258426966292135,
        0.8394222599830077,
        0.8465991316931982,
        0.8612961841308298,
        0.871375856615709,
        0.8764407561088059,
        0.8663883089770354,
        0.8741064336775218,
        0.8855614973262033,
        0.8839700107104606,
        0.9027950310559006,
        0.9049662783568363,
        0.905045351473923,
        0.9075192096597146,
        0.9065762004175365,
        0.9210397253555664,
        0.9172593646277857,
        0.9182113067655236,
        0.9231136580706781,
        0.9310509935360306,
        0.9290034183539311,
        0.9325022803283672,
        0.934931506849315,
        0.9139486467730743,
        0.9245495495495496,
        0.9313929313929314,
        0.8924418604651163,
        0.876,
        0.8148148148148148,
        0.8243243243243243,
        0.794392523364486,
        0.7078651685393258,
        0.75,
        0.7966101694915254,
        0.7413793103448276,
        0.7755102040816326,
        0.68,
        0.6410256410256411
    ]
}