{
    "Bins": [
        20.0,
        21.0,
        22.0,
        23.0,
        24.0,
        25.0,
        26.0,
        27.0,
        28.0,
        29.0,
        30.0,
        31.0,
        32.0,
        33.0,
        34.0,
        35.0,
        36.0,
        37.0,
        38.0,
        39.0,
        40.0,
        41.0,
        42.0,
        43.0,
        44.0,
        45.0,
        46.0,
        47.0,
        48.0,
        49.0,
        50.0,
        51.0,
        52.0,
        53.0,
        54.0,
        55.0,
        56.0,
        57.0,
        58.0,
        59.0,
        60.0
    ],
    "Efficiency": [
        0.8305732484076433,
        0.8176165803108808,
        0.8567415730337079,
        0.8581138487680544,
        0.894356005788712,
        0.889763779527559,
        0.9124934106483922,
        0.9183955739972337,
        0.9093945720250521,
        0.9158061953931692,
        0.9240641711229947,
        0.9225276686897537,
        0.9341614906832298,
        0.9411404046597179,
        0.939625850340136,
        0.9396267837541163,
        0.9386743215031316,
        0.9462972045120157,
        0.9490279753437648,
        0.9497219647822057,
        0.9520057306590258,
        0.9581039023222409,
        0.9595056534315014,
        0.9577379142596534,
        0.9648972602739726,
        0.9444829979181124,
        0.9605855855855856,
        0.9584199584199584,
        0.9505813953488372,
        0.948,
        0.9506172839506173,
        0.9459459459459459,
        0.9532710280373832,
        0.9662921348314607,
        0.9444444444444444,
        0.9830508474576272,
        0.9827586206896551,
        0.9183673469387755,
        0.94,
        0.9743589743589743
    ]
}