{
    "Bins": [
        20.0,
        21.0,
        22.0,
        23.0,
        24.0,
        25.0,
        26.0,
        27.0,
        28.0,
        29.0,
        30.0,
        31.0,
        32.0,
        33.0,
        34.0,
        35.0,
        36.0,
        37.0,
        38.0,
        39.0,
        40.0,
        41.0,
        42.0,
        43.0,
        44.0,
        45.0,
        46.0,
        47.0,
        48.0,
        49.0,
        50.0,
        51.0,
        52.0,
        53.0,
        54.0,
        55.0,
        56.0,
        57.0,
        58.0,
        59.0,
        60.0
    ],
    "Efficiency": [
        0.9184713375796179,
        0.9015544041450777,
        0.9344569288389513,
        0.9345794392523364,
        0.9450072358900145,
        0.949121744397335,
        0.955719557195572,
        0.9566620562471185,
        0.948643006263048,
        0.9511517077045274,
        0.9568627450980393,
        0.9560871117458051,
        0.9633540372670808,
        0.9659717964438994,
        0.9631519274376418,
        0.9610318331503842,
        0.9624217118997912,
        0.9698381559588033,
        0.9675201517306781,
        0.9696478220574606,
        0.9668099331423113,
        0.9715106535791238,
        0.9737049697607152,
        0.9735481909394953,
        0.978595890410959,
        0.9583622484385843,
        0.9763513513513513,
        0.9688149688149689,
        0.9709302325581395,
        0.956,
        0.9814814814814815,
        0.9594594594594594,
        0.9719626168224299,
        0.9662921348314607,
        0.9722222222222222,
        0.9830508474576272,
        0.9827586206896551,
        0.9387755102040817,
        0.96,
        1.0
    ]
}