{
    "Bins": [
        20.0,
        21.0,
        22.0,
        23.0,
        24.0,
        25.0,
        26.0,
        27.0,
        28.0,
        29.0,
        30.0,
        31.0,
        32.0,
        33.0,
        34.0,
        35.0,
        36.0,
        37.0,
        38.0,
        39.0,
        40.0,
        41.0,
        42.0,
        43.0,
        44.0,
        45.0,
        46.0,
        47.0,
        48.0,
        49.0,
        50.0,
        51.0,
        52.0,
        53.0,
        54.0,
        55.0,
        56.0,
        57.0,
        58.0,
        59.0,
        60.0
    ],
    "Efficiency": [
        0.7643312101910829,
        0.7606217616580311,
        0.7790262172284644,
        0.8113848768054376,
        0.841534008683068,
        0.8304058146577832,
        0.8766473379019505,
        0.8838174273858921,
        0.8805845511482254,
        0.8788721207307387,
        0.899108734402852,
        0.8953945019635844,
        0.9093167701863354,
        0.9101778050275904,
        0.9149659863945578,
        0.9152030735455543,
        0.9191022964509394,
        0.9239823442864149,
        0.9298245614035088,
        0.9300278035217794,
        0.940305635148042,
        0.9499640890591333,
        0.9529318958716803,
        0.9534813013073883,
        0.9563356164383562,
        0.9403192227619709,
        0.9436936936936937,
        0.9459459459459459,
        0.936046511627907,
        0.96,
        0.9567901234567902,
        0.9391891891891891,
        0.9252336448598131,
        0.9662921348314607,
        0.9444444444444444,
        0.9491525423728814,
        0.9482758620689655,
        0.9387755102040817,
        0.92,
        0.9743589743589743
    ]
}