{
    "Bins": [
        20.0,
        21.0,
        22.0,
        23.0,
        24.0,
        25.0,
        26.0,
        27.0,
        28.0,
        29.0,
        30.0,
        31.0,
        32.0,
        33.0,
        34.0,
        35.0,
        36.0,
        37.0,
        38.0,
        39.0,
        40.0,
        41.0,
        42.0,
        43.0,
        44.0,
        45.0,
        46.0,
        47.0,
        48.0,
        49.0,
        50.0,
        51.0,
        52.0,
        53.0,
        54.0,
        55.0,
        56.0,
        57.0,
        58.0,
        59.0,
        60.0
    ],
    "Efficiency": [
        0.9949044585987261,
        0.9937823834196892,
        0.9859550561797753,
        0.9804587935429057,
        0.9775687409551375,
        0.9781950333131435,
        0.9630996309963099,
        0.9571230982019364,
        0.9607515657620042,
        0.9594916600476568,
        0.9629233511586452,
        0.9614423420207069,
        0.9732919254658385,
        0.9733292458614347,
        0.9764739229024944,
        0.9763995609220637,
        0.9801670146137788,
        0.980137322216773,
        0.9800853485064012,
        0.9819277108433735,
        0.9847182425978988,
        0.9880296863777831,
        0.9781751249013937,
        0.9829735481909395,
        0.9747431506849316,
        0.9625260235947258,
        0.9695945945945946,
        0.972972972972973,
        0.9418604651162791,
        0.932,
        0.8580246913580247,
        0.8513513513513513,
        0.8598130841121495,
        0.7415730337078652,
        0.7222222222222222,
        0.8135593220338984,
        0.7068965517241379,
        0.8163265306122449,
        0.82,
        0.6923076923076923
    ]
}