{
    "Bins": [
        20.0,
        21.0,
        22.0,
        23.0,
        24.0,
        25.0,
        26.0,
        27.0,
        28.0,
        29.0,
        30.0,
        31.0,
        32.0,
        33.0,
        34.0,
        35.0,
        36.0,
        37.0,
        38.0,
        39.0,
        40.0,
        41.0,
        42.0,
        43.0,
        44.0,
        45.0,
        46.0,
        47.0,
        48.0,
        49.0,
        50.0,
        51.0,
        52.0,
        53.0,
        54.0,
        55.0,
        56.0,
        57.0,
        58.0,
        59.0,
        60.0
    ],
    "Efficiency": [
        0.9630573248407643,
        0.9326424870466321,
        0.954119850187266,
        0.9643160577740016,
        0.9573082489146165,
        0.964869775893398,
        0.9731154454401687,
        0.9635776855693868,
        0.9711899791231733,
        0.9646544876886418,
        0.9614973262032086,
        0.9625133880756872,
        0.9658385093167702,
        0.9662783568362967,
        0.9620181405895691,
        0.9640504939626784,
        0.9639874739039666,
        0.9668955370279548,
        0.9627785680417259,
        0.9636237256719185,
        0.9648997134670487,
        0.9650466842231267,
        0.9687089140152512,
        0.9626026147765279,
        0.9631849315068494,
        0.952116585704372,
        0.9718468468468469,
        0.9708939708939709,
        0.9563953488372093,
        0.956,
        0.9506172839506173,
        0.972972972972973,
        0.9439252336448598,
        0.9662921348314607,
        0.9722222222222222,
        0.9661016949152542,
        0.9655172413793104,
        0.9591836734693877,
        0.96,
        0.9743589743589743
    ]
}