{
    "Bins": [
        20.0,
        21.0,
        22.0,
        23.0,
        24.0,
        25.0,
        26.0,
        27.0,
        28.0,
        29.0,
        30.0,
        31.0,
        32.0,
        33.0,
        34.0,
        35.0,
        36.0,
        37.0,
        38.0,
        39.0,
        40.0,
        41.0,
        42.0,
        43.0,
        44.0,
        45.0,
        46.0,
        47.0,
        48.0,
        49.0,
        50.0,
        51.0,
        52.0,
        53.0,
        54.0,
        55.0,
        56.0,
        57.0,
        58.0,
        59.0,
        60.0
    ],
    "Efficiency": [
        0.9770700636942675,
        0.9709844559585492,
        0.9831460674157303,
        0.9804587935429057,
        0.984081041968162,
        0.987886129618413,
        0.9836584080126516,
        0.9838635315813739,
        0.9824634655532359,
        0.9849086576648134,
        0.9868092691622103,
        0.985362370581935,
        0.9888198757763975,
        0.9858982219497241,
        0.98781179138322,
        0.9871020856201976,
        0.9848643006263048,
        0.9874938695438941,
        0.9883831199620673,
        0.9856348470806302,
        0.9885386819484241,
        0.9887479051951161,
        0.9876413357875361,
        0.9844937671024627,
        0.985445205479452,
        0.9757113115891742,
        0.9808558558558559,
        0.9812889812889813,
        0.9593023255813954,
        0.944,
        0.9506172839506173,
        0.972972972972973,
        0.9626168224299065,
        0.9438202247191011,
        0.9305555555555556,
        0.9491525423728814,
        0.9137931034482759,
        0.9795918367346939,
        0.88,
        0.8717948717948718
    ]
}