{
    "Bins": [
        20.0,
        21.0,
        22.0,
        23.0,
        24.0,
        25.0,
        26.0,
        27.0,
        28.0,
        29.0,
        30.0,
        31.0,
        32.0,
        33.0,
        34.0,
        35.0,
        36.0,
        37.0,
        38.0,
        39.0,
        40.0,
        41.0,
        42.0,
        43.0,
        44.0,
        45.0,
        46.0,
        47.0,
        48.0,
        49.0,
        50.0,
        51.0,
        52.0,
        53.0,
        54.0,
        55.0,
        56.0,
        57.0,
        58.0,
        59.0,
        60.0
    ],
    "Efficiency": [
        0.9949044585987261,
        0.9844559585492227,
        0.9803370786516854,
        0.9762107051826678,
        0.9638205499276411,
        0.9509388249545729,
        0.9451765946230891,
        0.9354541263254956,
        0.9277661795407098,
        0.93208895949166,
        0.9361853832442067,
        0.944305605141021,
        0.9583850931677018,
        0.9598405885959534,
        0.9583333333333334,
        0.9618551042810098,
        0.9660751565762005,
        0.9708190289357528,
        0.9670459933617829,
        0.9710379981464319,
        0.9706303724928367,
        0.9782140292075653,
        0.9713384170391796,
        0.9695956217695348,
        0.9653253424657534,
        0.9430950728660652,
        0.9470720720720721,
        0.9313929313929314,
        0.8808139534883721,
        0.86,
        0.7777777777777778,
        0.7972972972972973,
        0.7663551401869159,
        0.651685393258427,
        0.5833333333333334,
        0.6271186440677966,
        0.6206896551724138,
        0.7346938775510204,
        0.62,
        0.5384615384615384
    ]
}