{
    "Bins": [
        20.0,
        21.0,
        22.0,
        23.0,
        24.0,
        25.0,
        26.0,
        27.0,
        28.0,
        29.0,
        30.0,
        31.0,
        32.0,
        33.0,
        34.0,
        35.0,
        36.0,
        37.0,
        38.0,
        39.0,
        40.0,
        41.0,
        42.0,
        43.0,
        44.0,
        45.0,
        46.0,
        47.0,
        48.0,
        49.0,
        50.0,
        51.0,
        52.0,
        53.0,
        54.0,
        55.0,
        56.0,
        57.0,
        58.0,
        59.0,
        60.0
    ],
    "Efficiency": [
        0.9796178343949045,
        0.9803108808290155,
        0.9653558052434457,
        0.945624468988955,
        0.9276410998552822,
        0.8933979406420351,
        0.8798102266736954,
        0.8635315813739051,
        0.8538622129436325,
        0.8542494042891183,
        0.8766488413547238,
        0.8857550874687612,
        0.8950310559006212,
        0.9000613120784795,
        0.9180839002267573,
        0.91602634467618,
        0.9269311064718163,
        0.9318293281020108,
        0.9310099573257468,
        0.9388322520852641,
        0.9348137535816619,
        0.9523581517835767,
        0.9382066789376807,
        0.9352386743691091,
        0.9190924657534246,
        0.9014573213046495,
        0.8986486486486487,
        0.8565488565488566,
        0.7790697674418605,
        0.788,
        0.7037037037037037,
        0.7094594594594594,
        0.7570093457943925,
        0.6292134831460674,
        0.6666666666666666,
        0.6949152542372882,
        0.5862068965517241,
        0.5918367346938775,
        0.62,
        0.6153846153846154
    ]
}