{
    "Bins": [
        20.0,
        21.0,
        22.0,
        23.0,
        24.0,
        25.0,
        26.0,
        27.0,
        28.0,
        29.0,
        30.0,
        31.0,
        32.0,
        33.0,
        34.0,
        35.0,
        36.0,
        37.0,
        38.0,
        39.0,
        40.0,
        41.0,
        42.0,
        43.0,
        44.0,
        45.0,
        46.0,
        47.0,
        48.0,
        49.0,
        50.0,
        51.0,
        52.0,
        53.0,
        54.0,
        55.0,
        56.0,
        57.0,
        58.0,
        59.0,
        60.0
    ],
    "Efficiency": [
        0.9949044585987261,
        0.9937823834196892,
        0.9897003745318352,
        0.9804587935429057,
        0.9775687409551375,
        0.9769836462749849,
        0.9652082235108065,
        0.9603503918856616,
        0.9703549060542798,
        0.9634630659253376,
        0.9657754010695188,
        0.9667975722956087,
        0.9754658385093168,
        0.9757817290006131,
        0.9722222222222222,
        0.9780461031833151,
        0.9772964509394572,
        0.9786660127513487,
        0.9788999525841631,
        0.9775254865616312,
        0.9825692454632283,
        0.982283935839119,
        0.9818564291348935,
        0.9753724536333231,
        0.9747431506849316,
        0.9673837612768911,
        0.9707207207207207,
        0.9542619542619543,
        0.9302325581395349,
        0.944,
        0.8395061728395061,
        0.8648648648648649,
        0.8504672897196262,
        0.7752808988764045,
        0.7777777777777778,
        0.8135593220338984,
        0.7931034482758621,
        0.7551020408163265,
        0.8,
        0.717948717948718
    ]
}