{
    "Bins": [
        20.0,
        21.0,
        22.0,
        23.0,
        24.0,
        25.0,
        26.0,
        27.0,
        28.0,
        29.0,
        30.0,
        31.0,
        32.0,
        33.0,
        34.0,
        35.0,
        36.0,
        37.0,
        38.0,
        39.0,
        40.0,
        41.0,
        42.0,
        43.0,
        44.0,
        45.0,
        46.0,
        47.0,
        48.0,
        49.0,
        50.0,
        51.0,
        52.0,
        53.0,
        54.0,
        55.0,
        56.0,
        57.0,
        58.0,
        59.0,
        60.0
    ],
    "Efficiency": [
        0.9656050955414013,
        0.9564766839378238,
        0.9672284644194756,
        0.9660152931180969,
        0.9739507959479016,
        0.9775893397940641,
        0.9762783342119136,
        0.9714153988012909,
        0.9778705636743215,
        0.9781572676727561,
        0.9803921568627451,
        0.9771510174937522,
        0.9807453416149068,
        0.9760882893930104,
        0.9753401360544217,
        0.9772228320526893,
        0.9762526096033403,
        0.9759686120647376,
        0.9746325272641062,
        0.9752085264133457,
        0.9751671442215855,
        0.9784534354800096,
        0.9755456218774652,
        0.9698996655518395,
        0.9738869863013698,
        0.9646079111727967,
        0.9774774774774775,
        0.9688149688149689,
        0.9651162790697675,
        0.948,
        0.9444444444444444,
        0.972972972972973,
        0.9439252336448598,
        0.9325842696629213,
        0.9027777777777778,
        0.9661016949152542,
        0.9310344827586207,
        0.9591836734693877,
        0.88,
        1.0
    ]
}