{
    "Bins": [
        20.0,
        21.0,
        22.0,
        23.0,
        24.0,
        25.0,
        26.0,
        27.0,
        28.0,
        29.0,
        30.0,
        31.0,
        32.0,
        33.0,
        34.0,
        35.0,
        36.0,
        37.0,
        38.0,
        39.0,
        40.0,
        41.0,
        42.0,
        43.0,
        44.0,
        45.0,
        46.0,
        47.0,
        48.0,
        49.0,
        50.0,
        51.0,
        52.0,
        53.0,
        54.0,
        55.0,
        56.0,
        57.0,
        58.0,
        59.0,
        60.0
    ],
    "Efficiency": [
        0.8815286624203822,
        0.8683937823834197,
        0.8913857677902621,
        0.9082412914188616,
        0.9167872648335745,
        0.919442761962447,
        0.9319978914074855,
        0.9377593360995851,
        0.9298538622129436,
        0.93208895949166,
        0.9386809269162211,
        0.9339521599428775,
        0.948136645962733,
        0.9481912936848559,
        0.9486961451247166,
        0.9467618002195389,
        0.9459812108559499,
        0.9531633153506621,
        0.9511616880037933,
        0.9531974050046339,
        0.9558261700095511,
        0.9547522145080201,
        0.9608204049434657,
        0.9613864396473092,
        0.9683219178082192,
        0.9486467730742539,
        0.9617117117117117,
        0.9625779625779626,
        0.9505813953488372,
        0.944,
        0.9444444444444444,
        0.9527027027027027,
        0.9532710280373832,
        0.9662921348314607,
        0.9583333333333334,
        0.9830508474576272,
        0.9827586206896551,
        0.9183673469387755,
        0.96,
        0.9743589743589743
    ]
}