{
    "Bins": [
        20.0,
        21.0,
        22.0,
        23.0,
        24.0,
        25.0,
        26.0,
        27.0,
        28.0,
        29.0,
        30.0,
        31.0,
        32.0,
        33.0,
        34.0,
        35.0,
        36.0,
        37.0,
        38.0,
        39.0,
        40.0,
        41.0,
        42.0,
        43.0,
        44.0,
        45.0,
        46.0,
        47.0,
        48.0,
        49.0,
        50.0,
        51.0,
        52.0,
        53.0,
        54.0,
        55.0,
        56.0,
        57.0,
        58.0,
        59.0,
        60.0
    ],
    "Efficiency": [
        0.9936305732484076,
        0.9958549222797928,
        0.9887640449438202,
        0.983857264231096,
        0.9819102749638206,
        0.9800121138703816,
        0.9646810753821824,
        0.9621945597049332,
        0.9703549060542798,
        0.9662430500397141,
        0.9657754010695188,
        0.9664405569439486,
        0.977639751552795,
        0.9770079705702023,
        0.9773242630385488,
        0.9805159165751921,
        0.9830375782881002,
        0.9833251593918587,
        0.9817449027975343,
        0.9837812789620018,
        0.9842406876790831,
        0.9887479051951161,
        0.982908230344465,
        0.9829735481909395,
        0.9798801369863014,
        0.9722414989590562,
        0.9707207207207207,
        0.9792099792099792,
        0.9534883720930233,
        0.956,
        0.8580246913580247,
        0.8581081081081081,
        0.822429906542056,
        0.7303370786516854,
        0.7638888888888888,
        0.7457627118644068,
        0.7931034482758621,
        0.7551020408163265,
        0.72,
        0.5897435897435898
    ]
}