{
    "Bins": [
        20.0,
        21.0,
        22.0,
        23.0,
        24.0,
        25.0,
        26.0,
        27.0,
        28.0,
        29.0,
        30.0,
        31.0,
        32.0,
        33.0,
        34.0,
        35.0,
        36.0,
        37.0,
        38.0,
        39.0,
        40.0,
        41.0,
        42.0,
        43.0,
        44.0,
        45.0,
        46.0,
        47.0,
        48.0,
        49.0,
        50.0,
        51.0,
        52.0,
        53.0,
        54.0,
        55.0,
        56.0,
        57.0,
        58.0,
        59.0,
        60.0
    ],
    "Efficiency": [
        0.9949044585987261,
        0.9937823834196892,
        0.9915730337078652,
        0.9864061172472387,
        0.9884225759768451,
        0.9775893397940641,
        0.9688982604111755,
        0.9612724757952974,
        0.9636743215031315,
        0.960285941223193,
        0.9650623885918004,
        0.9667975722956087,
        0.974223602484472,
        0.9763948497854077,
        0.9778911564625851,
        0.9772228320526893,
        0.9822546972860126,
        0.9838155958803335,
        0.98316737790422,
        0.9863299351251158,
        0.9878223495702005,
        0.9887479051951161,
        0.9821193794372863,
        0.9866220735785953,
        0.980736301369863,
        0.9687716863289383,
        0.9752252252252253,
        0.972972972972973,
        0.9534883720930233,
        0.952,
        0.8765432098765432,
        0.8986486486486487,
        0.8504672897196262,
        0.797752808988764,
        0.8472222222222222,
        0.8135593220338984,
        0.7758620689655172,
        0.8163265306122449,
        0.78,
        0.6410256410256411
    ]
}