{
    "Bins": [
        20.0,
        21.0,
        22.0,
        23.0,
        24.0,
        25.0,
        26.0,
        27.0,
        28.0,
        29.0,
        30.0,
        31.0,
        32.0,
        33.0,
        34.0,
        35.0,
        36.0,
        37.0,
        38.0,
        39.0,
        40.0,
        41.0,
        42.0,
        43.0,
        44.0,
        45.0,
        46.0,
        47.0,
        48.0,
        49.0,
        50.0,
        51.0,
        52.0,
        53.0,
        54.0,
        55.0,
        56.0,
        57.0,
        58.0,
        59.0,
        60.0
    ],
    "Efficiency": [
        0.9006369426751593,
        0.8880829015544042,
        0.9269662921348315,
        0.9269328802039083,
        0.9442836468885673,
        0.9503331314354937,
        0.9541381128096995,
        0.9608114338404795,
        0.9574112734864301,
        0.9563145353455124,
        0.9657754010695188,
        0.9660835415922885,
        0.967391304347826,
        0.9714898835070509,
        0.9710884353741497,
        0.9703622392974753,
        0.9671189979123174,
        0.9737616478666012,
        0.9727358937885253,
        0.9759036144578314,
        0.9799426934097422,
        0.9801292793871199,
        0.9779121745990008,
        0.9814533292794162,
        0.9815924657534246,
        0.9687716863289383,
        0.9786036036036037,
        0.9771309771309772,
        0.9738372093023255,
        0.976,
        0.9691358024691358,
        0.9594594594594594,
        0.9532710280373832,
        0.9887640449438202,
        0.9444444444444444,
        1.0,
        0.9827586206896551,
        0.9795918367346939,
        0.94,
        0.9743589743589743
    ]
}