{
    "Bins": [
        20.0,
        21.0,
        22.0,
        23.0,
        24.0,
        25.0,
        26.0,
        27.0,
        28.0,
        29.0,
        30.0,
        31.0,
        32.0,
        33.0,
        34.0,
        35.0,
        36.0,
        37.0,
        38.0,
        39.0,
        40.0,
        41.0,
        42.0,
        43.0,
        44.0,
        45.0,
        46.0,
        47.0,
        48.0,
        49.0,
        50.0,
        51.0,
        52.0,
        53.0,
        54.0,
        55.0,
        56.0,
        57.0,
        58.0,
        59.0,
        60.0
    ],
    "Efficiency": [
        0.9273885350318471,
        0.9160621761658031,
        0.9438202247191011,
        0.9422259983007647,
        0.9493487698986975,
        0.9539672925499697,
        0.9636267791249341,
        0.9562010142923006,
        0.9578288100208768,
        0.9575059571088165,
        0.9565062388591801,
        0.9585862192074259,
        0.9630434782608696,
        0.9662783568362967,
        0.9614512471655329,
        0.962403951701427,
        0.9603340292275574,
        0.971554683668465,
        0.9668089141773353,
        0.969416126042632,
        0.9668099331423113,
        0.9712712473066795,
        0.9710754667367868,
        0.9708117968987534,
        0.9755993150684932,
        0.9597501734906315,
        0.9763513513513513,
        0.975051975051975,
        0.9709302325581395,
        0.964,
        0.9814814814814815,
        0.9662162162162162,
        0.9719626168224299,
        0.9662921348314607,
        0.9861111111111112,
        0.9830508474576272,
        0.9827586206896551,
        0.9387755102040817,
        0.96,
        1.0
    ]
}