{
    "Bins": [
        20.0,
        21.0,
        22.0,
        23.0,
        24.0,
        25.0,
        26.0,
        27.0,
        28.0,
        29.0,
        30.0,
        31.0,
        32.0,
        33.0,
        34.0,
        35.0,
        36.0,
        37.0,
        38.0,
        39.0,
        40.0,
        41.0,
        42.0,
        43.0,
        44.0,
        45.0,
        46.0,
        47.0,
        48.0,
        49.0,
        50.0,
        51.0,
        52.0,
        53.0,
        54.0,
        55.0,
        56.0,
        57.0,
        58.0,
        59.0,
        60.0
    ],
    "Efficiency": [
        0.9974522292993631,
        0.9927461139896373,
        0.9850187265917603,
        0.9813084112149533,
        0.9725036179450073,
        0.9539672925499697,
        0.9430680021085925,
        0.9359151682803135,
        0.9277661795407098,
        0.9297061159650516,
        0.9397504456327985,
        0.9450196358443413,
        0.9506211180124223,
        0.9616799509503372,
        0.9583333333333334,
        0.9632272228320526,
        0.9684237995824635,
        0.9703285924472781,
        0.9724988146040777,
        0.9724281742354032,
        0.9775549188156638,
        0.9794110605697869,
        0.9731790691559296,
        0.9717239282456673,
        0.9653253424657534,
        0.9437890353920888,
        0.9459459459459459,
        0.9230769230769231,
        0.8808139534883721,
        0.888,
        0.8024691358024691,
        0.831081081081081,
        0.7570093457943925,
        0.7415730337078652,
        0.625,
        0.6440677966101694,
        0.6551724137931034,
        0.7142857142857143,
        0.64,
        0.5384615384615384
    ]
}