{
    "Bins": [
        20.0,
        21.0,
        22.0,
        23.0,
        24.0,
        25.0,
        26.0,
        27.0,
        28.0,
        29.0,
        30.0,
        31.0,
        32.0,
        33.0,
        34.0,
        35.0,
        36.0,
        37.0,
        38.0,
        39.0,
        40.0,
        41.0,
        42.0,
        43.0,
        44.0,
        45.0,
        46.0,
        47.0,
        48.0,
        49.0,
        50.0,
        51.0,
        52.0,
        53.0,
        54.0,
        55.0,
        56.0,
        57.0,
        58.0,
        59.0,
        60.0
    ],
    "Efficiency": [
        0.8191082802547771,
        0.8176165803108808,
        0.8548689138576779,
        0.8632115548003398,
        0.8878437047756874,
        0.889763779527559,
        0.9098576700052715,
        0.9156293222683264,
        0.9081419624217119,
        0.9150119142176331,
        0.9265597147950089,
        0.9225276686897537,
        0.9381987577639752,
        0.940220723482526,
        0.9393424036281179,
        0.937980241492865,
        0.9363256784968684,
        0.9492398234428642,
        0.9466571834992887,
        0.9469416126042632,
        0.9508118433619867,
        0.9590615274120182,
        0.9576650013147515,
        0.959866220735786,
        0.9648972602739726,
        0.9430950728660652,
        0.9650900900900901,
        0.9584199584199584,
        0.9593023255813954,
        0.948,
        0.9567901234567902,
        0.9459459459459459,
        0.9532710280373832,
        0.9662921348314607,
        0.9305555555555556,
        0.9830508474576272,
        0.9655172413793104,
        0.9183673469387755,
        0.9,
        0.9743589743589743
    ]
}