{
    "Bins": [
        20.0,
        21.0,
        22.0,
        23.0,
        24.0,
        25.0,
        26.0,
        27.0,
        28.0,
        29.0,
        30.0,
        31.0,
        32.0,
        33.0,
        34.0,
        35.0,
        36.0,
        37.0,
        38.0,
        39.0,
        40.0,
        41.0,
        42.0,
        43.0,
        44.0,
        45.0,
        46.0,
        47.0,
        48.0,
        49.0,
        50.0,
        51.0,
        52.0,
        53.0,
        54.0,
        55.0,
        56.0,
        57.0,
        58.0,
        59.0,
        60.0
    ],
    "Efficiency": [
        0.9821656050955414,
        0.9616580310880829,
        0.9728464419475655,
        0.9796091758708582,
        0.9739507959479016,
        0.9818291944276196,
        0.9873484449130205,
        0.9797141539880129,
        0.9874739039665971,
        0.9781572676727561,
        0.9789661319073084,
        0.9782220635487326,
        0.9767080745341615,
        0.9812998160637646,
        0.9736394557823129,
        0.9763995609220637,
        0.9762526096033403,
        0.9779303580186366,
        0.9755808440018966,
        0.9745134383688601,
        0.975883476599809,
        0.9746229351209001,
        0.9781751249013937,
        0.9702037093341441,
        0.9730308219178082,
        0.9632199861207494,
        0.972972972972973,
        0.9771309771309772,
        0.9680232558139535,
        0.968,
        0.9506172839506173,
        0.9797297297297297,
        0.9439252336448598,
        0.9550561797752809,
        0.9861111111111112,
        0.9661016949152542,
        0.9655172413793104,
        0.9183673469387755,
        0.94,
        0.9743589743589743
    ]
}