{
    "Bins": [
        20.0,
        21.0,
        22.0,
        23.0,
        24.0,
        25.0,
        26.0,
        27.0,
        28.0,
        29.0,
        30.0,
        31.0,
        32.0,
        33.0,
        34.0,
        35.0,
        36.0,
        37.0,
        38.0,
        39.0,
        40.0,
        41.0,
        42.0,
        43.0,
        44.0,
        45.0,
        46.0,
        47.0,
        48.0,
        49.0,
        50.0,
        51.0,
        52.0,
        53.0,
        54.0,
        55.0,
        56.0,
        57.0,
        58.0,
        59.0,
        60.0
    ],
    "Efficiency": [
        0.9961783439490446,
        0.9958549222797928,
        0.9915730337078652,
        0.9889549702633815,
        0.9884225759768451,
        0.9800121138703816,
        0.9710068529256721,
        0.9635776855693868,
        0.9674321503131524,
        0.9598888006354249,
        0.9629233511586452,
        0.9607283113173867,
        0.9723602484472049,
        0.9742489270386266,
        0.9761904761904762,
        0.9777716794731065,
        0.9788622129436325,
        0.9825895046591466,
        0.9836415362731152,
        0.9840129749768304,
        0.9861509073543457,
        0.9870720612880057,
        0.9823823297396792,
        0.9823654606263302,
        0.976027397260274,
        0.9625260235947258,
        0.9740990990990991,
        0.9625779625779626,
        0.936046511627907,
        0.924,
        0.845679012345679,
        0.831081081081081,
        0.8317757009345794,
        0.797752808988764,
        0.7638888888888888,
        0.7627118644067796,
        0.7241379310344828,
        0.6938775510204082,
        0.76,
        0.6153846153846154
    ]
}