{
    "Bins": [
        20.0,
        21.0,
        22.0,
        23.0,
        24.0,
        25.0,
        26.0,
        27.0,
        28.0,
        29.0,
        30.0,
        31.0,
        32.0,
        33.0,
        34.0,
        35.0,
        36.0,
        37.0,
        38.0,
        39.0,
        40.0,
        41.0,
        42.0,
        43.0,
        44.0,
        45.0,
        46.0,
        47.0,
        48.0,
        49.0,
        50.0,
        51.0,
        52.0,
        53.0,
        54.0,
        55.0,
        56.0,
        57.0,
        58.0,
        59.0,
        60.0
    ],
    "Efficiency": [
        0.9949044585987261,
        0.9813471502590674,
        0.9850187265917603,
        0.9685641461342396,
        0.9630969609261939,
        0.9636583888552392,
        0.9588824459673169,
        0.9525126786537574,
        0.9582463465553236,
        0.9547259729944401,
        0.9554367201426025,
        0.9514459121742235,
        0.9677018633540373,
        0.9659717964438994,
        0.9705215419501134,
        0.9769484083424808,
        0.9749478079331941,
        0.980872976949485,
        0.9784257942152679,
        0.9754402224281742,
        0.9797039159503342,
        0.9770169978453436,
        0.9747567709702866,
        0.9644268774703557,
        0.954195205479452,
        0.9417071478140181,
        0.9425675675675675,
        0.918918918918919,
        0.9011627906976745,
        0.868,
        0.8209876543209876,
        0.7837837837837838,
        0.719626168224299,
        0.7415730337078652,
        0.75,
        0.6440677966101694,
        0.7413793103448276,
        0.7142857142857143,
        0.7,
        0.6153846153846154
    ]
}