{
    "Bins": [
        20.0,
        21.0,
        22.0,
        23.0,
        24.0,
        25.0,
        26.0,
        27.0,
        28.0,
        29.0,
        30.0,
        31.0,
        32.0,
        33.0,
        34.0,
        35.0,
        36.0,
        37.0,
        38.0,
        39.0,
        40.0,
        41.0,
        42.0,
        43.0,
        44.0,
        45.0,
        46.0,
        47.0,
        48.0,
        49.0,
        50.0,
        51.0,
        52.0,
        53.0,
        54.0,
        55.0,
        56.0,
        57.0,
        58.0,
        59.0,
        60.0
    ],
    "Efficiency": [
        0.8955414012738854,
        0.8984455958549222,
        0.901685393258427,
        0.8878504672897196,
        0.88205499276411,
        0.8752271350696548,
        0.8782287822878229,
        0.8653757491931766,
        0.8772442588726513,
        0.8546465448768864,
        0.841711229946524,
        0.8464833987861478,
        0.8468944099378882,
        0.8433476394849786,
        0.8208616780045351,
        0.8260153677277717,
        0.819937369519833,
        0.8146150073565473,
        0.8098624940730204,
        0.7926320667284523,
        0.8037249283667621,
        0.8003351687814221,
        0.7941099132264002,
        0.775615688659167,
        0.7624143835616438,
        0.7571131158917418,
        0.7804054054054054,
        0.7713097713097713,
        0.7761627906976745,
        0.772,
        0.7222222222222222,
        0.8243243243243243,
        0.7102803738317757,
        0.651685393258427,
        0.7083333333333334,
        0.711864406779661,
        0.6724137931034483,
        0.7755102040816326,
        0.66,
        0.6923076923076923
    ]
}