{
    "Bins": [
        20.0,
        21.0,
        22.0,
        23.0,
        24.0,
        25.0,
        26.0,
        27.0,
        28.0,
        29.0,
        30.0,
        31.0,
        32.0,
        33.0,
        34.0,
        35.0,
        36.0,
        37.0,
        38.0,
        39.0,
        40.0,
        41.0,
        42.0,
        43.0,
        44.0,
        45.0,
        46.0,
        47.0,
        48.0,
        49.0,
        50.0,
        51.0,
        52.0,
        53.0,
        54.0,
        55.0,
        56.0,
        57.0,
        58.0,
        59.0,
        60.0
    ],
    "Efficiency": [
        0.8853503184713376,
        0.8715025906735752,
        0.8923220973782772,
        0.8980458793542906,
        0.9196816208393632,
        0.9212598425196851,
        0.9230363732208751,
        0.91701244813278,
        0.9160751565762004,
        0.9114376489277204,
        0.9215686274509803,
        0.9150303463048911,
        0.9338509316770186,
        0.9356223175965666,
        0.9336734693877551,
        0.9349615806805708,
        0.9365866388308977,
        0.9465424227562531,
        0.9454717875770507,
        0.9478683966635774,
        0.9462750716332379,
        0.9545128082355758,
        0.9539836970812516,
        0.9501368197020371,
        0.9452054794520548,
        0.9278278972935462,
        0.9380630630630631,
        0.9376299376299376,
        0.9127906976744186,
        0.892,
        0.845679012345679,
        0.831081081081081,
        0.8037383177570093,
        0.7640449438202247,
        0.7777777777777778,
        0.7288135593220338,
        0.7413793103448276,
        0.6938775510204082,
        0.72,
        0.5384615384615384
    ]
}