{
    "Bins": [
        20.0,
        21.0,
        22.0,
        23.0,
        24.0,
        25.0,
        26.0,
        27.0,
        28.0,
        29.0,
        30.0,
        31.0,
        32.0,
        33.0,
        34.0,
        35.0,
        36.0,
        37.0,
        38.0,
        39.0,
        40.0,
        41.0,
        42.0,
        43.0,
        44.0,
        45.0,
        46.0,
        47.0,
        48.0,
        49.0,
        50.0,
        51.0,
        52.0,
        53.0,
        54.0,
        55.0,
        56.0,
        57.0,
        58.0,
        59.0,
        60.0
    ],
    "Efficiency": [
        0.9554140127388535,
        0.9523316062176166,
        0.9765917602996255,
        0.9643160577740016,
        0.9782923299565847,
        0.9818291944276196,
        0.981549815498155,
        0.9815583218072844,
        0.9812108559498957,
        0.9861000794281175,
        0.9871657754010695,
        0.9857193859335951,
        0.9875776397515528,
        0.9862047823421214,
        0.9872448979591837,
        0.9871020856201976,
        0.9866910229645094,
        0.9879843060323688,
        0.9881460407776197,
        0.9870250231696015,
        0.9899713467048711,
        0.9889873114675605,
        0.9902708388114646,
        0.9884463362724232,
        0.9867294520547946,
        0.9833448993754337,
        0.9898648648648649,
        0.9812889812889813,
        0.9767441860465116,
        0.96,
        0.9629629629629629,
        0.9864864864864865,
        0.9626168224299065,
        0.9325842696629213,
        0.9583333333333334,
        0.9830508474576272,
        0.896551724137931,
        0.9387755102040817,
        0.76,
        0.7692307692307693
    ]
}