{
    "Bins": [
        20.0,
        21.0,
        22.0,
        23.0,
        24.0,
        25.0,
        26.0,
        27.0,
        28.0,
        29.0,
        30.0,
        31.0,
        32.0,
        33.0,
        34.0,
        35.0,
        36.0,
        37.0,
        38.0,
        39.0,
        40.0,
        41.0,
        42.0,
        43.0,
        44.0,
        45.0,
        46.0,
        47.0,
        48.0,
        49.0,
        50.0,
        51.0,
        52.0,
        53.0,
        54.0,
        55.0,
        56.0,
        57.0,
        58.0,
        59.0,
        60.0
    ],
    "Efficiency": [
        0.9579617834394905,
        0.944041450777202,
        0.9653558052434457,
        0.9617672047578589,
        0.9688856729377714,
        0.9757722592368262,
        0.9757511860832894,
        0.9695712309820194,
        0.9753653444676409,
        0.9761715647339158,
        0.9778966131907308,
        0.9778650481970724,
        0.9791925465838509,
        0.9748620478234212,
        0.9742063492063492,
        0.9761251372118551,
        0.9749478079331941,
        0.9757233938205002,
        0.974158368895211,
        0.9749768303985171,
        0.9732569245463228,
        0.9779746229351209,
        0.9758085721798581,
        0.9702037093341441,
        0.9730308219178082,
        0.9646079111727967,
        0.9808558558558559,
        0.9667359667359667,
        0.9651162790697675,
        0.952,
        0.9444444444444444,
        0.972972972972973,
        0.9532710280373832,
        0.9325842696629213,
        0.9305555555555556,
        0.9830508474576272,
        0.9655172413793104,
        0.9591836734693877,
        0.9,
        0.9743589743589743
    ]
}