{
    "Bins": [
        20.0,
        21.0,
        22.0,
        23.0,
        24.0,
        25.0,
        26.0,
        27.0,
        28.0,
        29.0,
        30.0,
        31.0,
        32.0,
        33.0,
        34.0,
        35.0,
        36.0,
        37.0,
        38.0,
        39.0,
        40.0,
        41.0,
        42.0,
        43.0,
        44.0,
        45.0,
        46.0,
        47.0,
        48.0,
        49.0,
        50.0,
        51.0,
        52.0,
        53.0,
        54.0,
        55.0,
        56.0,
        57.0,
        58.0,
        59.0,
        60.0
    ],
    "Efficiency": [
        0.913375796178344,
        0.8797927461139896,
        0.9213483146067416,
        0.9260832625318607,
        0.9319826338639653,
        0.9436705027256208,
        0.9493937796520823,
        0.9543568464730291,
        0.9440501043841336,
        0.943208895949166,
        0.9522281639928699,
        0.952873973580864,
        0.9608695652173913,
        0.9616799509503372,
        0.9600340136054422,
        0.9582875960482986,
        0.9566805845511482,
        0.9664051005394801,
        0.9630156472261735,
        0.9640871177015755,
        0.9656160458452722,
        0.9695954033995691,
        0.9700236655272153,
        0.9708117968987534,
        0.9747431506849316,
        0.9541984732824428,
        0.9707207207207207,
        0.9688149688149689,
        0.9622093023255814,
        0.952,
        0.9629629629629629,
        0.9527027027027027,
        0.9626168224299065,
        0.9775280898876404,
        0.9444444444444444,
        0.9830508474576272,
        0.9827586206896551,
        0.9183673469387755,
        0.96,
        0.9743589743589743
    ]
}