{
    "Bins": [
        20.0,
        21.0,
        22.0,
        23.0,
        24.0,
        25.0,
        26.0,
        27.0,
        28.0,
        29.0,
        30.0,
        31.0,
        32.0,
        33.0,
        34.0,
        35.0,
        36.0,
        37.0,
        38.0,
        39.0,
        40.0,
        41.0,
        42.0,
        43.0,
        44.0,
        45.0,
        46.0,
        47.0,
        48.0,
        49.0,
        50.0,
        51.0,
        52.0,
        53.0,
        54.0,
        55.0,
        56.0,
        57.0,
        58.0,
        59.0,
        60.0
    ],
    "Efficiency": [
        0.9248407643312102,
        0.910880829015544,
        0.9419475655430711,
        0.9328802039082413,
        0.9536903039073806,
        0.9678982434887947,
        0.9673168160253031,
        0.9663439372982942,
        0.9607515657620042,
        0.965845909451946,
        0.9739750445632799,
        0.9721528025705105,
        0.9767080745341615,
        0.976701410177805,
        0.9750566893424036,
        0.9785949506037321,
        0.9775574112734864,
        0.9820990681706719,
        0.9836415362731152,
        0.9840129749768304,
        0.9851957975167144,
        0.9856356236533397,
        0.9868524848803576,
        0.9854058984493768,
        0.9858732876712328,
        0.9791811242192922,
        0.9898648648648649,
        0.9854469854469855,
        0.9796511627906976,
        0.972,
        0.9753086419753086,
        0.9797297297297297,
        0.9813084112149533,
        1.0,
        0.9861111111111112,
        1.0,
        0.9827586206896551,
        1.0,
        0.94,
        1.0
    ]
}