{
    "Bins": [
        20.0,
        21.0,
        22.0,
        23.0,
        24.0,
        25.0,
        26.0,
        27.0,
        28.0,
        29.0,
        30.0,
        31.0,
        32.0,
        33.0,
        34.0,
        35.0,
        36.0,
        37.0,
        38.0,
        39.0,
        40.0,
        41.0,
        42.0,
        43.0,
        44.0,
        45.0,
        46.0,
        47.0,
        48.0,
        49.0,
        50.0,
        51.0,
        52.0,
        53.0,
        54.0,
        55.0,
        56.0,
        57.0,
        58.0,
        59.0,
        60.0
    ],
    "Efficiency": [
        0.9859872611464968,
        0.9854922279792746,
        0.9878277153558053,
        0.9872557349192863,
        0.9869753979739508,
        0.9897032101756511,
        0.9905113336847654,
        0.9912402028584602,
        0.9870563674321503,
        0.9841143764892772,
        0.9878787878787879,
        0.9885755087468762,
        0.9909937888198758,
        0.9901900674432863,
        0.9869614512471655,
        0.9873765093304061,
        0.9853862212943633,
        0.9872486512996567,
        0.9869606448553817,
        0.9849397590361446,
        0.9823304680038204,
        0.9856356236533397,
        0.9836970812516435,
        0.9811492854971116,
        0.9837328767123288,
        0.9750173490631506,
        0.9864864864864865,
        0.9854469854469855,
        0.9709302325581395,
        0.968,
        0.9629629629629629,
        0.9797297297297297,
        0.9906542056074766,
        0.9662921348314607,
        0.9444444444444444,
        0.9830508474576272,
        0.9655172413793104,
        0.9183673469387755,
        0.96,
        1.0
    ]
}