{
    "Bins": [
        20.0,
        21.0,
        22.0,
        23.0,
        24.0,
        25.0,
        26.0,
        27.0,
        28.0,
        29.0,
        30.0,
        31.0,
        32.0,
        33.0,
        34.0,
        35.0,
        36.0,
        37.0,
        38.0,
        39.0,
        40.0,
        41.0,
        42.0,
        43.0,
        44.0,
        45.0,
        46.0,
        47.0,
        48.0,
        49.0,
        50.0,
        51.0,
        52.0,
        53.0,
        54.0,
        55.0,
        56.0,
        57.0,
        58.0,
        59.0,
        60.0
    ],
    "Efficiency": [
        0.4713375796178344,
        0.45803108808290155,
        0.4691011235955056,
        0.48853016142735767,
        0.5057887120115774,
        0.5178679588128408,
        0.5466526093832367,
        0.5564776394651914,
        0.5306889352818371,
        0.5440826052422557,
        0.546524064171123,
        0.5458764726883256,
        0.5683229813664596,
        0.5579399141630901,
        0.5575396825396826,
        0.5655872667398463,
        0.5777661795407099,
        0.5654732712113781,
        0.576339497392129,
        0.5806302131603337,
        0.5804680038204394,
        0.5963610246588461,
        0.6237181172758348,
        0.607783520826999,
        0.6100171232876712,
        0.6023594725884802,
        0.5698198198198198,
        0.6133056133056133,
        0.6482558139534884,
        0.616,
        0.6234567901234568,
        0.6351351351351351,
        0.6261682242990654,
        0.5617977528089888,
        0.5694444444444444,
        0.6101694915254238,
        0.6206896551724138,
        0.5510204081632653,
        0.52,
        0.5897435897435898
    ]
}