{
    "Bins": [
        20.0,
        21.0,
        22.0,
        23.0,
        24.0,
        25.0,
        26.0,
        27.0,
        28.0,
        29.0,
        30.0,
        31.0,
        32.0,
        33.0,
        34.0,
        35.0,
        36.0,
        37.0,
        38.0,
        39.0,
        40.0,
        41.0,
        42.0,
        43.0,
        44.0,
        45.0,
        46.0,
        47.0,
        48.0,
        49.0,
        50.0,
        51.0,
        52.0,
        53.0,
        54.0,
        55.0,
        56.0,
        57.0,
        58.0,
        59.0,
        60.0
    ],
    "Efficiency": [
        0.9987261146496815,
        1.0,
        0.9990636704119851,
        1.0,
        1.0,
        0.9993943064809206,
        0.9984185556141276,
        0.9990779160903642,
        1.0,
        0.9992057188244639,
        0.9996434937611408,
        0.9985719385933595,
        0.9996894409937889,
        0.9993868792152054,
        0.9997165532879818,
        0.9997255762897914,
        0.9986951983298539,
        0.9987739087788131,
        0.9992887624466572,
        0.9988415199258572,
        0.9988061127029608,
        0.9978453435480009,
        0.9992111490928215,
        0.9975676497415628,
        0.9982876712328768,
        0.993060374739764,
        0.9966216216216216,
        0.9958419958419958,
        0.9854651162790697,
        0.98,
        0.9876543209876543,
        0.9864864864864865,
        0.9813084112149533,
        1.0,
        0.9861111111111112,
        1.0,
        0.9482758620689655,
        0.9387755102040817,
        0.94,
        0.9487179487179487
    ]
}