{
    "Bins": [
        20.0,
        21.0,
        22.0,
        23.0,
        24.0,
        25.0,
        26.0,
        27.0,
        28.0,
        29.0,
        30.0,
        31.0,
        32.0,
        33.0,
        34.0,
        35.0,
        36.0,
        37.0,
        38.0,
        39.0,
        40.0,
        41.0,
        42.0,
        43.0,
        44.0,
        45.0,
        46.0,
        47.0,
        48.0,
        49.0,
        50.0,
        51.0,
        52.0,
        53.0,
        54.0,
        55.0,
        56.0,
        57.0,
        58.0,
        59.0,
        60.0
    ],
    "Efficiency": [
        0.9987261146496815,
        1.0,
        1.0,
        1.0,
        1.0,
        1.0,
        0.9984185556141276,
        0.9995389580451821,
        1.0,
        0.9996028594122319,
        0.9996434937611408,
        0.9989289539450197,
        1.0,
        1.0,
        1.0,
        1.0,
        0.9994780793319415,
        1.0,
        1.0,
        1.0,
        0.9995224450811844,
        0.9995211874551113,
        0.9997370496976071,
        0.9993919124353907,
        1.0,
        0.9979181124219292,
        0.9977477477477478,
        1.0,
        0.9941860465116279,
        0.988,
        0.9876543209876543,
        0.9864864864864865,
        0.9813084112149533,
        0.9887640449438202,
        0.9722222222222222,
        1.0,
        0.9310344827586207,
        0.9591836734693877,
        0.96,
        0.8974358974358975
    ]
}