{
    "Bins": [
        20.0,
        21.0,
        22.0,
        23.0,
        24.0,
        25.0,
        26.0,
        27.0,
        28.0,
        29.0,
        30.0,
        31.0,
        32.0,
        33.0,
        34.0,
        35.0,
        36.0,
        37.0,
        38.0,
        39.0,
        40.0,
        41.0,
        42.0,
        43.0,
        44.0,
        45.0,
        46.0,
        47.0,
        48.0,
        49.0,
        50.0,
        51.0,
        52.0,
        53.0,
        54.0,
        55.0,
        56.0,
        57.0,
        58.0,
        59.0,
        60.0
    ],
    "Efficiency": [
        0.9961783439490446,
        0.9948186528497409,
        0.9925093632958801,
        0.9872557349192863,
        0.9862518089725036,
        0.9836462749848577,
        0.9746968898260411,
        0.966804979253112,
        0.9707724425887265,
        0.9674344718030182,
        0.9668449197860962,
        0.9664405569439486,
        0.9726708074534162,
        0.976701410177805,
        0.9756235827664399,
        0.9810647639956093,
        0.9830375782881002,
        0.9860225600784699,
        0.9857752489331437,
        0.9854031510658017,
        0.9871060171919771,
        0.9889873114675605,
        0.9831711806468577,
        0.9847978108847674,
        0.9798801369863014,
        0.9666897987508675,
        0.972972972972973,
        0.9771309771309772,
        0.9447674418604651,
        0.936,
        0.8703703703703703,
        0.8648648648648649,
        0.8691588785046729,
        0.7415730337078652,
        0.7916666666666666,
        0.7457627118644068,
        0.7413793103448276,
        0.7346938775510204,
        0.74,
        0.5897435897435898
    ]
}