{
    "False Positive Rate": [
        0.0,
        0.011010136315973435,
        0.011045089129674938,
        0.011045089129674938,
        0.01740650122334848,
        0.023977630199231038,
        0.031317721076546665,
        0.040265641384131426,
        0.0505767214260748,
        0.050611674239776305,
        0.06557147850401958,
        0.08336246067808459,
        0.11279272981475008,
        0.164557846906676,
        1.0
    ],
    "True Positive Rate": [
        0.0,
        0.6656043705895743,
        0.6657181880264057,
        0.665832005463237,
        0.8165832005463237,
        0.8864671067607558,
        0.9278966537673572,
        0.951115410880947,
        0.9674482130662417,
        0.9674482130662417,
        0.9778055998178921,
        0.9853175506487594,
        0.9914067835192352,
        0.9959025722740724,
        1.0
    ],
    "ROC AUC": 0.9852567810487484
}