{
    "Bins": [
        20.0,
        21.0,
        22.0,
        23.0,
        24.0,
        25.0,
        26.0,
        27.0,
        28.0,
        29.0,
        30.0,
        31.0,
        32.0,
        33.0,
        34.0,
        35.0,
        36.0,
        37.0,
        38.0,
        39.0,
        40.0,
        41.0,
        42.0,
        43.0,
        44.0,
        45.0,
        46.0,
        47.0,
        48.0,
        49.0,
        50.0,
        51.0,
        52.0,
        53.0,
        54.0,
        55.0,
        56.0,
        57.0,
        58.0,
        59.0,
        60.0
    ],
    "Efficiency": [
        0.7426751592356687,
        0.7181347150259068,
        0.7677902621722846,
        0.7740016992353441,
        0.8306801736613604,
        0.8140520896426409,
        0.8313125988402741,
        0.8455509451360074,
        0.8384133611691023,
        0.8502779984114377,
        0.8702317290552585,
        0.8757586576222778,
        0.8850931677018633,
        0.8960760269773145,
        0.895124716553288,
        0.8976399560922064,
        0.9068371607515657,
        0.9188327611574301,
        0.9215267899478425,
        0.9230769230769231,
        0.9307545367717287,
        0.9379937754369164,
        0.942939784380752,
        0.9446640316205533,
        0.9533390410958904,
        0.9430950728660652,
        0.9504504504504504,
        0.9563409563409564,
        0.936046511627907,
        0.94,
        0.9320987654320988,
        0.9594594594594594,
        0.9626168224299065,
        0.9662921348314607,
        0.9166666666666666,
        0.9661016949152542,
        0.9310344827586207,
        0.9795918367346939,
        0.94,
        1.0
    ]
}