{
    "Bins": [
        20.0,
        21.0,
        22.0,
        23.0,
        24.0,
        25.0,
        26.0,
        27.0,
        28.0,
        29.0,
        30.0,
        31.0,
        32.0,
        33.0,
        34.0,
        35.0,
        36.0,
        37.0,
        38.0,
        39.0,
        40.0,
        41.0,
        42.0,
        43.0,
        44.0,
        45.0,
        46.0,
        47.0,
        48.0,
        49.0,
        50.0,
        51.0,
        52.0,
        53.0,
        54.0,
        55.0,
        56.0,
        57.0,
        58.0,
        59.0,
        60.0
    ],
    "Efficiency": [
        0.9859872611464968,
        0.9792746113989638,
        0.9840823970037453,
        0.9855564995751912,
        0.9855282199710564,
        0.9903089036947305,
        0.9857670005271482,
        0.9847856154910097,
        0.9883089770354906,
        0.9781572676727561,
        0.9818181818181818,
        0.9810781863620136,
        0.981055900621118,
        0.9812998160637646,
        0.9756235827664399,
        0.9733809001097695,
        0.9746868475991649,
        0.9732712113781266,
        0.9715504978662873,
        0.9701112140871178,
        0.9725405921680993,
        0.9746229351209001,
        0.9708125164343939,
        0.9702037093341441,
        0.9670376712328768,
        0.9548924358084664,
        0.9673423423423423,
        0.9688149688149689,
        0.9563953488372093,
        0.972,
        0.9197530864197531,
        0.9594594594594594,
        0.9252336448598131,
        0.9325842696629213,
        0.9305555555555556,
        0.9491525423728814,
        0.9482758620689655,
        0.8979591836734694,
        0.86,
        0.9743589743589743
    ]
}