{
    "Bins": [
        20.0,
        21.0,
        22.0,
        23.0,
        24.0,
        25.0,
        26.0,
        27.0,
        28.0,
        29.0,
        30.0,
        31.0,
        32.0,
        33.0,
        34.0,
        35.0,
        36.0,
        37.0,
        38.0,
        39.0,
        40.0,
        41.0,
        42.0,
        43.0,
        44.0,
        45.0,
        46.0,
        47.0,
        48.0,
        49.0,
        50.0,
        51.0,
        52.0,
        53.0,
        54.0,
        55.0,
        56.0,
        57.0,
        58.0,
        59.0,
        60.0
    ],
    "Efficiency": [
        0.9936305732484076,
        0.9813471502590674,
        0.9812734082397003,
        0.967714528462192,
        0.967438494934877,
        0.9636583888552392,
        0.966789667896679,
        0.9594283079760259,
        0.9624217118997912,
        0.9567116759332804,
        0.9550802139037433,
        0.9582292038557658,
        0.9627329192546584,
        0.9662783568362967,
        0.9679705215419501,
        0.9714599341383096,
        0.9728601252609603,
        0.9720451201569397,
        0.9736842105263158,
        0.9708063021316033,
        0.9746895893027698,
        0.9717500598515681,
        0.9750197212726794,
        0.9705077531164488,
        0.9644691780821918,
        0.9535045107564192,
        0.9572072072072072,
        0.9501039501039501,
        0.9331395348837209,
        0.928,
        0.8333333333333334,
        0.831081081081081,
        0.8411214953271028,
        0.8426966292134831,
        0.8055555555555556,
        0.8813559322033898,
        0.8448275862068966,
        0.7755102040816326,
        0.82,
        0.8205128205128205
    ]
}