{
    "Bins": [
        20.0,
        21.0,
        22.0,
        23.0,
        24.0,
        25.0,
        26.0,
        27.0,
        28.0,
        29.0,
        30.0,
        31.0,
        32.0,
        33.0,
        34.0,
        35.0,
        36.0,
        37.0,
        38.0,
        39.0,
        40.0,
        41.0,
        42.0,
        43.0,
        44.0,
        45.0,
        46.0,
        47.0,
        48.0,
        49.0,
        50.0,
        51.0,
        52.0,
        53.0,
        54.0,
        55.0,
        56.0,
        57.0,
        58.0,
        59.0,
        60.0
    ],
    "Efficiency": [
        0.9345794392523364,
        0.9595141700404858,
        0.9862542955326461,
        0.976897689768977,
        0.9680589680589681,
        0.981042654028436,
        0.9862068965517241,
        0.9838383838383838,
        0.9742710120068611,
        0.988835725677831,
        0.9837278106508875,
        0.9916550764951322,
        0.9905405405405405,
        0.9960264900662251,
        0.9866342648845686,
        0.9845605700712589,
        0.9885714285714285,
        0.9948770491803278,
        0.9968520461699895,
        0.9886714727085479,
        0.9978925184404637,
        0.9863013698630136,
        0.9967213114754099,
        0.9947643979057592,
        0.9981916817359855,
        0.9936507936507937,
        1.0,
        1.0,
        0.987012987012987,
        1.0,
        1.0,
        1.0,
        1.0,
        1.0,
        1.0,
        1.0,
        1.0,
        1.0,
        1.0,
        0.8571428571428571
    ]
}