{
    "Bins": [
        20.0,
        21.0,
        22.0,
        23.0,
        24.0,
        25.0,
        26.0,
        27.0,
        28.0,
        29.0,
        30.0,
        31.0,
        32.0,
        33.0,
        34.0,
        35.0,
        36.0,
        37.0,
        38.0,
        39.0,
        40.0,
        41.0,
        42.0,
        43.0,
        44.0,
        45.0,
        46.0,
        47.0,
        48.0,
        49.0,
        50.0,
        51.0,
        52.0,
        53.0,
        54.0,
        55.0,
        56.0,
        57.0,
        58.0,
        59.0,
        60.0
    ],
    "Efficiency": [
        0.3364485981308411,
        0.3319838056680162,
        0.4570446735395189,
        0.5412541254125413,
        0.538083538083538,
        0.6255924170616114,
        0.664367816091954,
        0.7515151515151515,
        0.7650085763293311,
        0.8389154704944178,
        0.849112426035503,
        0.8636995827538247,
        0.9067567567567567,
        0.9258278145695364,
        0.9185905224787363,
        0.9156769596199525,
        0.9234285714285714,
        0.9549180327868853,
        0.9475341028331584,
        0.9423274974253347,
        0.9610115911485775,
        0.9557428872497366,
        0.9715846994535519,
        0.9685863874345549,
        0.969258589511754,
        0.9714285714285714,
        0.9940828402366864,
        0.9847328244274809,
        0.961038961038961,
        0.9629629629629629,
        0.9791666666666666,
        0.9393939393939394,
        0.8928571428571429,
        1.0,
        0.9473684210526315,
        1.0,
        1.0,
        1.0,
        1.0,
        0.8571428571428571
    ]
}