{
    "Bins": [
        20.0,
        21.0,
        22.0,
        23.0,
        24.0,
        25.0,
        26.0,
        27.0,
        28.0,
        29.0,
        30.0,
        31.0,
        32.0,
        33.0,
        34.0,
        35.0,
        36.0,
        37.0,
        38.0,
        39.0,
        40.0,
        41.0,
        42.0,
        43.0,
        44.0,
        45.0,
        46.0,
        47.0,
        48.0,
        49.0,
        50.0,
        51.0,
        52.0,
        53.0,
        54.0,
        55.0,
        56.0,
        57.0,
        58.0,
        59.0,
        60.0
    ],
    "Efficiency": [
        0.5420560747663551,
        0.6072874493927125,
        0.697594501718213,
        0.7392739273927392,
        0.7936117936117936,
        0.8459715639810427,
        0.8528735632183908,
        0.8929292929292929,
        0.8867924528301887,
        0.9330143540669856,
        0.9363905325443787,
        0.9346314325452016,
        0.9472972972972973,
        0.9576158940397351,
        0.9380315917375456,
        0.9513064133016627,
        0.9634285714285714,
        0.9713114754098361,
        0.9716684155299056,
        0.9670442842430484,
        0.9694415173867229,
        0.9683877766069547,
        0.9726775956284153,
        0.9712041884816754,
        0.9620253164556962,
        0.9523809523809523,
        0.9349112426035503,
        0.9236641221374046,
        0.922077922077922,
        0.9074074074074074,
        0.9583333333333334,
        0.7878787878787878,
        0.8928571428571429,
        0.8888888888888888,
        0.8947368421052632,
        0.75,
        0.8666666666666667,
        0.6428571428571429,
        0.625,
        0.42857142857142855
    ]
}