{
    "Bins": [
        20.0,
        21.0,
        22.0,
        23.0,
        24.0,
        25.0,
        26.0,
        27.0,
        28.0,
        29.0,
        30.0,
        31.0,
        32.0,
        33.0,
        34.0,
        35.0,
        36.0,
        37.0,
        38.0,
        39.0,
        40.0,
        41.0,
        42.0,
        43.0,
        44.0,
        45.0,
        46.0,
        47.0,
        48.0,
        49.0,
        50.0,
        51.0,
        52.0,
        53.0,
        54.0,
        55.0,
        56.0,
        57.0,
        58.0,
        59.0,
        60.0
    ],
    "Efficiency": [
        0.9018691588785047,
        0.8987854251012146,
        0.9209621993127147,
        0.9240924092409241,
        0.9459459459459459,
        0.9502369668246445,
        0.9586206896551724,
        0.9616161616161616,
        0.9519725557461407,
        0.9744816586921851,
        0.9674556213017751,
        0.9791376912378303,
        0.9824324324324324,
        0.990728476821192,
        0.9781287970838396,
        0.982185273159145,
        0.9805714285714285,
        0.9897540983606558,
        0.9905561385099685,
        0.984552008238929,
        0.9926238145416227,
        0.9894625922023182,
        0.9934426229508196,
        0.9908376963350786,
        0.9963833634719711,
        0.9873015873015873,
        0.9822485207100592,
        0.9923664122137404,
        0.987012987012987,
        1.0,
        1.0,
        1.0,
        1.0,
        1.0,
        1.0,
        1.0,
        1.0,
        1.0,
        1.0,
        1.0
    ]
}