{
    "Bins": [
        20.0,
        21.0,
        22.0,
        23.0,
        24.0,
        25.0,
        26.0,
        27.0,
        28.0,
        29.0,
        30.0,
        31.0,
        32.0,
        33.0,
        34.0,
        35.0,
        36.0,
        37.0,
        38.0,
        39.0,
        40.0,
        41.0,
        42.0,
        43.0,
        44.0,
        45.0,
        46.0,
        47.0,
        48.0,
        49.0,
        50.0,
        51.0,
        52.0,
        53.0,
        54.0,
        55.0,
        56.0,
        57.0,
        58.0,
        59.0,
        60.0
    ],
    "Efficiency": [
        0.8598130841121495,
        0.8744939271255061,
        0.9037800687285223,
        0.9240924092409241,
        0.9238329238329238,
        0.933649289099526,
        0.9563218390804598,
        0.9636363636363636,
        0.934819897084048,
        0.9665071770334929,
        0.9615384615384616,
        0.972183588317107,
        0.9743243243243244,
        0.9880794701986755,
        0.9732685297691372,
        0.9762470308788599,
        0.976,
        0.985655737704918,
        0.9884575026232949,
        0.9814624098867147,
        0.9894625922023182,
        0.982086406743941,
        0.9912568306010929,
        0.9882198952879581,
        0.9909584086799277,
        0.9841269841269841,
        0.9822485207100592,
        0.9923664122137404,
        0.974025974025974,
        0.9814814814814815,
        1.0,
        1.0,
        1.0,
        1.0,
        1.0,
        1.0,
        1.0,
        1.0,
        1.0,
        0.8571428571428571
    ]
}