{
    "Bins": [
        20.0,
        21.0,
        22.0,
        23.0,
        24.0,
        25.0,
        26.0,
        27.0,
        28.0,
        29.0,
        30.0,
        31.0,
        32.0,
        33.0,
        34.0,
        35.0,
        36.0,
        37.0,
        38.0,
        39.0,
        40.0,
        41.0,
        42.0,
        43.0,
        44.0,
        45.0,
        46.0,
        47.0,
        48.0,
        49.0,
        50.0,
        51.0,
        52.0,
        53.0,
        54.0,
        55.0,
        56.0,
        57.0,
        58.0,
        59.0,
        60.0
    ],
    "Efficiency": [
        0.6448598130841121,
        0.6963562753036437,
        0.7835051546391752,
        0.8547854785478548,
        0.8378378378378378,
        0.8791469194312796,
        0.9195402298850575,
        0.9333333333333333,
        0.9159519725557461,
        0.9409888357256778,
        0.9423076923076923,
        0.9624478442280946,
        0.9662162162162162,
        0.9801324503311258,
        0.9623329283110571,
        0.9619952494061758,
        0.968,
        0.9866803278688525,
        0.9874081846799581,
        0.972193614830072,
        0.9905163329820864,
        0.9810326659641728,
        0.9901639344262295,
        0.9856020942408377,
        0.9927667269439421,
        0.9809523809523809,
        0.9822485207100592,
        0.9923664122137404,
        0.961038961038961,
        0.9814814814814815,
        1.0,
        1.0,
        1.0,
        1.0,
        0.9473684210526315,
        1.0,
        1.0,
        1.0,
        1.0,
        0.8571428571428571
    ]
}