{
    "Bins": [
        20.0,
        21.0,
        22.0,
        23.0,
        24.0,
        25.0,
        26.0,
        27.0,
        28.0,
        29.0,
        30.0,
        31.0,
        32.0,
        33.0,
        34.0,
        35.0,
        36.0,
        37.0,
        38.0,
        39.0,
        40.0,
        41.0,
        42.0,
        43.0,
        44.0,
        45.0,
        46.0,
        47.0,
        48.0,
        49.0,
        50.0,
        51.0,
        52.0,
        53.0,
        54.0,
        55.0,
        56.0,
        57.0,
        58.0,
        59.0,
        60.0
    ],
    "Efficiency": [
        0.985981308411215,
        0.9878542510121457,
        0.9862542955326461,
        0.9933993399339934,
        0.9803439803439803,
        0.9928909952606635,
        0.9908045977011494,
        0.9858585858585859,
        0.9811320754716981,
        0.9936204146730463,
        0.9792899408284024,
        0.9930458970792768,
        0.9878378378378379,
        0.9947019867549669,
        0.9854191980558931,
        0.9845605700712589,
        0.9862857142857143,
        0.9907786885245902,
        0.9958027282266527,
        0.9814624098867147,
        0.9947312961011591,
        0.982086406743941,
        0.994535519125683,
        0.9895287958115183,
        0.9909584086799277,
        0.9936507936507937,
        1.0,
        1.0,
        0.974025974025974,
        0.9814814814814815,
        1.0,
        1.0,
        1.0,
        1.0,
        1.0,
        1.0,
        1.0,
        1.0,
        1.0,
        0.8571428571428571
    ]
}