{
    "Bins": [
        20.0,
        21.0,
        22.0,
        23.0,
        24.0,
        25.0,
        26.0,
        27.0,
        28.0,
        29.0,
        30.0,
        31.0,
        32.0,
        33.0,
        34.0,
        35.0,
        36.0,
        37.0,
        38.0,
        39.0,
        40.0,
        41.0,
        42.0,
        43.0,
        44.0,
        45.0,
        46.0,
        47.0,
        48.0,
        49.0,
        50.0,
        51.0,
        52.0,
        53.0,
        54.0,
        55.0,
        56.0,
        57.0,
        58.0,
        59.0,
        60.0
    ],
    "Efficiency": [
        0.8084112149532711,
        0.8299595141700404,
        0.7800687285223368,
        0.8250825082508251,
        0.7837837837837838,
        0.7985781990521327,
        0.7954022988505747,
        0.7858585858585858,
        0.7564322469982847,
        0.7511961722488039,
        0.7455621301775148,
        0.7246175243393602,
        0.7337837837837838,
        0.7245033112582782,
        0.7083839611178615,
        0.6912114014251781,
        0.6982857142857143,
        0.6741803278688525,
        0.6736621196222455,
        0.6776519052523172,
        0.6543730242360379,
        0.6459430979978925,
        0.6185792349726776,
        0.5903141361256544,
        0.5822784810126582,
        0.5682539682539682,
        0.5857988165680473,
        0.5343511450381679,
        0.5324675324675324,
        0.5,
        0.625,
        0.6363636363636364,
        0.6785714285714286,
        0.7222222222222222,
        0.5263157894736842,
        0.6666666666666666,
        0.5333333333333333,
        0.5714285714285714,
        0.5,
        0.7142857142857143
    ]
}