{
    "Bins": [
        20.0,
        21.0,
        22.0,
        23.0,
        24.0,
        25.0,
        26.0,
        27.0,
        28.0,
        29.0,
        30.0,
        31.0,
        32.0,
        33.0,
        34.0,
        35.0,
        36.0,
        37.0,
        38.0,
        39.0,
        40.0,
        41.0,
        42.0,
        43.0,
        44.0,
        45.0,
        46.0,
        47.0,
        48.0,
        49.0,
        50.0,
        51.0,
        52.0,
        53.0,
        54.0,
        55.0,
        56.0,
        57.0,
        58.0,
        59.0,
        60.0
    ],
    "Efficiency": [
        0.6869158878504673,
        0.7692307692307693,
        0.7835051546391752,
        0.8613861386138614,
        0.8378378378378378,
        0.8578199052132701,
        0.9080459770114943,
        0.9292929292929293,
        0.9056603773584906,
        0.937799043062201,
        0.9363905325443787,
        0.9499304589707928,
        0.9621621621621622,
        0.9708609271523179,
        0.9562575941676792,
        0.9619952494061758,
        0.9657142857142857,
        0.9784836065573771,
        0.9779643231899265,
        0.9701338825952626,
        0.9852476290832455,
        0.9768177028451,
        0.985792349726776,
        0.9869109947643979,
        0.9891500904159132,
        0.9777777777777777,
        0.9763313609467456,
        0.9923664122137404,
        0.974025974025974,
        1.0,
        1.0,
        0.9696969696969697,
        1.0,
        1.0,
        1.0,
        1.0,
        1.0,
        1.0,
        1.0,
        1.0
    ]
}