{
    "Bins": [
        20.0,
        21.0,
        22.0,
        23.0,
        24.0,
        25.0,
        26.0,
        27.0,
        28.0,
        29.0,
        30.0,
        31.0,
        32.0,
        33.0,
        34.0,
        35.0,
        36.0,
        37.0,
        38.0,
        39.0,
        40.0,
        41.0,
        42.0,
        43.0,
        44.0,
        45.0,
        46.0,
        47.0,
        48.0,
        49.0,
        50.0,
        51.0,
        52.0,
        53.0,
        54.0,
        55.0,
        56.0,
        57.0,
        58.0,
        59.0,
        60.0
    ],
    "Efficiency": [
        0.3364485981308411,
        0.3360323886639676,
        0.4639175257731959,
        0.5445544554455446,
        0.5405405405405406,
        0.6374407582938388,
        0.671264367816092,
        0.7575757575757576,
        0.7684391080617495,
        0.8437001594896332,
        0.8550295857988166,
        0.8678720445062587,
        0.9067567567567567,
        0.9271523178807947,
        0.9185905224787363,
        0.9168646080760094,
        0.9257142857142857,
        0.9549180327868853,
        0.9496327387198321,
        0.9433573635427395,
        0.9620653319283456,
        0.9557428872497366,
        0.9726775956284153,
        0.9698952879581152,
        0.969258589511754,
        0.9714285714285714,
        0.9940828402366864,
        0.9847328244274809,
        0.961038961038961,
        0.9629629629629629,
        0.9791666666666666,
        0.9393939393939394,
        0.8928571428571429,
        1.0,
        0.9473684210526315,
        1.0,
        1.0,
        1.0,
        1.0,
        0.8571428571428571
    ]
}