{
    "Bins": [
        20.0,
        21.0,
        22.0,
        23.0,
        24.0,
        25.0,
        26.0,
        27.0,
        28.0,
        29.0,
        30.0,
        31.0,
        32.0,
        33.0,
        34.0,
        35.0,
        36.0,
        37.0,
        38.0,
        39.0,
        40.0,
        41.0,
        42.0,
        43.0,
        44.0,
        45.0,
        46.0,
        47.0,
        48.0,
        49.0,
        50.0,
        51.0,
        52.0,
        53.0,
        54.0,
        55.0,
        56.0,
        57.0,
        58.0,
        59.0,
        60.0
    ],
    "Efficiency": [
        0.5841121495327103,
        0.7408906882591093,
        0.8591065292096219,
        0.9174917491749175,
        0.9164619164619164,
        0.9478672985781991,
        0.9655172413793104,
        0.9616161616161616,
        0.9605488850771869,
        0.9760765550239234,
        0.9763313609467456,
        0.980528511821975,
        0.9891891891891892,
        0.9933774834437086,
        0.9866342648845686,
        0.9904988123515439,
        0.9908571428571429,
        0.992827868852459,
        0.993704092339979,
        0.9886714727085479,
        0.9947312961011591,
        0.9894625922023182,
        0.994535519125683,
        0.9908376963350786,
        0.9909584086799277,
        0.9873015873015873,
        0.9822485207100592,
        0.9923664122137404,
        0.948051948051948,
        0.9814814814814815,
        1.0,
        1.0,
        0.9642857142857143,
        0.9444444444444444,
        1.0,
        1.0,
        0.8666666666666667,
        1.0,
        0.875,
        0.7142857142857143
    ]
}