{
    "Bins": [
        20.0,
        21.0,
        22.0,
        23.0,
        24.0,
        25.0,
        26.0,
        27.0,
        28.0,
        29.0,
        30.0,
        31.0,
        32.0,
        33.0,
        34.0,
        35.0,
        36.0,
        37.0,
        38.0,
        39.0,
        40.0,
        41.0,
        42.0,
        43.0,
        44.0,
        45.0,
        46.0,
        47.0,
        48.0,
        49.0,
        50.0,
        51.0,
        52.0,
        53.0,
        54.0,
        55.0,
        56.0,
        57.0,
        58.0,
        59.0,
        60.0
    ],
    "Efficiency": [
        0.6728971962616822,
        0.7489878542510121,
        0.7800687285223368,
        0.8547854785478548,
        0.8304668304668305,
        0.8530805687203792,
        0.903448275862069,
        0.9212121212121213,
        0.8987993138936535,
        0.9346092503987241,
        0.9349112426035503,
        0.9457579972183588,
        0.9567567567567568,
        0.9629139072847682,
        0.9550425273390036,
        0.9548693586698337,
        0.96,
        0.9774590163934426,
        0.9758656873032528,
        0.9639546858908342,
        0.9831401475237092,
        0.9757639620653319,
        0.9846994535519126,
        0.9829842931937173,
        0.9837251356238698,
        0.9777777777777777,
        0.9763313609467456,
        0.9923664122137404,
        0.948051948051948,
        0.9814814814814815,
        1.0,
        0.9696969696969697,
        1.0,
        1.0,
        0.9473684210526315,
        1.0,
        1.0,
        1.0,
        1.0,
        0.8571428571428571
    ]
}