{
    "Bins": [
        20.0,
        21.0,
        22.0,
        23.0,
        24.0,
        25.0,
        26.0,
        27.0,
        28.0,
        29.0,
        30.0,
        31.0,
        32.0,
        33.0,
        34.0,
        35.0,
        36.0,
        37.0,
        38.0,
        39.0,
        40.0,
        41.0,
        42.0,
        43.0,
        44.0,
        45.0,
        46.0,
        47.0,
        48.0,
        49.0,
        50.0,
        51.0,
        52.0,
        53.0,
        54.0,
        55.0,
        56.0,
        57.0,
        58.0,
        59.0,
        60.0
    ],
    "Efficiency": [
        0.6261682242990654,
        0.7327935222672065,
        0.8797250859106529,
        0.9273927392739274,
        0.9312039312039312,
        0.9407582938388626,
        0.9701149425287356,
        0.9757575757575757,
        0.9656946826758147,
        0.9808612440191388,
        0.9763313609467456,
        0.9819193324061196,
        0.9918918918918919,
        0.9947019867549669,
        0.9866342648845686,
        0.9869358669833729,
        0.9942857142857143,
        0.9918032786885246,
        0.9926547743966422,
        0.9907312049433573,
        0.9926238145416227,
        0.9894625922023182,
        0.994535519125683,
        0.9895287958115183,
        0.9891500904159132,
        0.9841269841269841,
        0.9822485207100592,
        0.9923664122137404,
        0.974025974025974,
        0.9814814814814815,
        1.0,
        1.0,
        0.9642857142857143,
        1.0,
        1.0,
        1.0,
        1.0,
        1.0,
        1.0,
        1.0
    ]
}