{
    "Bins": [
        20.0,
        21.0,
        22.0,
        23.0,
        24.0,
        25.0,
        26.0,
        27.0,
        28.0,
        29.0,
        30.0,
        31.0,
        32.0,
        33.0,
        34.0,
        35.0,
        36.0,
        37.0,
        38.0,
        39.0,
        40.0,
        41.0,
        42.0,
        43.0,
        44.0,
        45.0,
        46.0,
        47.0,
        48.0,
        49.0,
        50.0,
        51.0,
        52.0,
        53.0,
        54.0,
        55.0,
        56.0,
        57.0,
        58.0,
        59.0,
        60.0
    ],
    "Efficiency": [
        0.48130841121495327,
        0.6032388663967612,
        0.7525773195876289,
        0.8613861386138614,
        0.8796068796068796,
        0.9052132701421801,
        0.9540229885057471,
        0.9535353535353536,
        0.9605488850771869,
        0.9681020733652312,
        0.9585798816568047,
        0.9777468706536857,
        0.9783783783783784,
        0.9894039735099338,
        0.9708383961117861,
        0.9643705463182898,
        0.9737142857142858,
        0.9795081967213115,
        0.9842602308499475,
        0.9691040164778579,
        0.9810326659641728,
        0.9662802950474183,
        0.9814207650273225,
        0.9829842931937173,
        0.9819168173598554,
        0.9714285714285714,
        0.9940828402366864,
        0.9923664122137404,
        0.935064935064935,
        0.9814814814814815,
        0.9791666666666666,
        0.9090909090909091,
        0.8928571428571429,
        0.9444444444444444,
        0.9473684210526315,
        0.9166666666666666,
        0.8,
        1.0,
        0.625,
        0.8571428571428571
    ]
}