{
    "Bins": [
        20.0,
        21.0,
        22.0,
        23.0,
        24.0,
        25.0,
        26.0,
        27.0,
        28.0,
        29.0,
        30.0,
        31.0,
        32.0,
        33.0,
        34.0,
        35.0,
        36.0,
        37.0,
        38.0,
        39.0,
        40.0,
        41.0,
        42.0,
        43.0,
        44.0,
        45.0,
        46.0,
        47.0,
        48.0,
        49.0,
        50.0,
        51.0,
        52.0,
        53.0,
        54.0,
        55.0,
        56.0,
        57.0,
        58.0,
        59.0,
        60.0
    ],
    "Efficiency": [
        0.6261682242990654,
        0.7408906882591093,
        0.865979381443299,
        0.900990099009901,
        0.941031941031941,
        0.943127962085308,
        0.9747126436781609,
        0.9777777777777777,
        0.9656946826758147,
        0.9840510366826156,
        0.9807692307692307,
        0.9874826147426982,
        0.9932432432432432,
        0.9960264900662251,
        0.9854191980558931,
        0.9904988123515439,
        0.9931428571428571,
        0.9948770491803278,
        0.9958027282266527,
        0.9917610710607621,
        0.9957850368809273,
        0.9915700737618546,
        0.9989071038251366,
        0.9947643979057592,
        0.9963833634719711,
        0.9936507936507937,
        0.9822485207100592,
        0.9923664122137404,
        0.974025974025974,
        1.0,
        1.0,
        0.9696969696969697,
        1.0,
        1.0,
        1.0,
        1.0,
        1.0,
        1.0,
        1.0,
        0.8571428571428571
    ]
}