{
    "Bins": [
        20.0,
        21.0,
        22.0,
        23.0,
        24.0,
        25.0,
        26.0,
        27.0,
        28.0,
        29.0,
        30.0,
        31.0,
        32.0,
        33.0,
        34.0,
        35.0,
        36.0,
        37.0,
        38.0,
        39.0,
        40.0,
        41.0,
        42.0,
        43.0,
        44.0,
        45.0,
        46.0,
        47.0,
        48.0,
        49.0,
        50.0,
        51.0,
        52.0,
        53.0,
        54.0,
        55.0,
        56.0,
        57.0,
        58.0,
        59.0,
        60.0
    ],
    "Efficiency": [
        0.6822429906542056,
        0.757085020242915,
        0.7903780068728522,
        0.8547854785478548,
        0.8402948402948403,
        0.8554502369668247,
        0.9057471264367816,
        0.9232323232323232,
        0.9005145797598628,
        0.9362041467304625,
        0.9349112426035503,
        0.9485396383866481,
        0.9594594594594594,
        0.9629139072847682,
        0.9562575941676792,
        0.9572446555819477,
        0.9611428571428572,
        0.9774590163934426,
        0.9769150052465897,
        0.964984552008239,
        0.9831401475237092,
        0.9757639620653319,
        0.9846994535519126,
        0.9829842931937173,
        0.9855334538878843,
        0.9777777777777777,
        0.9763313609467456,
        0.9923664122137404,
        0.948051948051948,
        0.9814814814814815,
        1.0,
        0.9696969696969697,
        1.0,
        1.0,
        0.9473684210526315,
        1.0,
        1.0,
        1.0,
        1.0,
        0.8571428571428571
    ]
}