{
    "Bins": [
        20.0,
        21.0,
        22.0,
        23.0,
        24.0,
        25.0,
        26.0,
        27.0,
        28.0,
        29.0,
        30.0,
        31.0,
        32.0,
        33.0,
        34.0,
        35.0,
        36.0,
        37.0,
        38.0,
        39.0,
        40.0,
        41.0,
        42.0,
        43.0,
        44.0,
        45.0,
        46.0,
        47.0,
        48.0,
        49.0,
        50.0,
        51.0,
        52.0,
        53.0,
        54.0,
        55.0,
        56.0,
        57.0,
        58.0,
        59.0,
        60.0
    ],
    "Efficiency": [
        0.9719626168224299,
        0.9838056680161943,
        0.979381443298969,
        0.976897689768977,
        0.9680589680589681,
        0.9739336492890995,
        0.9747126436781609,
        0.9737373737373738,
        0.9571183533447685,
        0.9776714513556619,
        0.9704142011834319,
        0.9777468706536857,
        0.9689189189189189,
        0.9867549668874173,
        0.9623329283110571,
        0.9714964370546318,
        0.976,
        0.9784836065573771,
        0.9758656873032528,
        0.9660144181256437,
        0.9747102212855637,
        0.9652265542676501,
        0.9814207650273225,
        0.9698952879581152,
        0.9620253164556962,
        0.9777777777777777,
        0.9763313609467456,
        0.9694656488549618,
        0.935064935064935,
        0.9444444444444444,
        1.0,
        1.0,
        1.0,
        1.0,
        1.0,
        1.0,
        1.0,
        1.0,
        1.0,
        0.8571428571428571
    ]
}