{
    "Bins": [
        20.0,
        21.0,
        22.0,
        23.0,
        24.0,
        25.0,
        26.0,
        27.0,
        28.0,
        29.0,
        30.0,
        31.0,
        32.0,
        33.0,
        34.0,
        35.0,
        36.0,
        37.0,
        38.0,
        39.0,
        40.0,
        41.0,
        42.0,
        43.0,
        44.0,
        45.0,
        46.0,
        47.0,
        48.0,
        49.0,
        50.0,
        51.0,
        52.0,
        53.0,
        54.0,
        55.0,
        56.0,
        57.0,
        58.0,
        59.0,
        60.0
    ],
    "Efficiency": [
        0.5747663551401869,
        0.708502024291498,
        0.8213058419243986,
        0.8778877887788779,
        0.8943488943488943,
        0.9312796208530806,
        0.9540229885057471,
        0.9616161616161616,
        0.9639794168096055,
        0.9744816586921851,
        0.9748520710059172,
        0.980528511821975,
        0.9864864864864865,
        0.9933774834437086,
        0.976913730255164,
        0.9833729216152018,
        0.9862857142857143,
        0.9887295081967213,
        0.9926547743966422,
        0.9876416065911432,
        0.9926238145416227,
        0.9873551106427819,
        0.9967213114754099,
        0.9921465968586387,
        0.9909584086799277,
        0.9809523809523809,
        0.9644970414201184,
        0.9923664122137404,
        0.974025974025974,
        0.9814814814814815,
        1.0,
        0.9696969696969697,
        0.9642857142857143,
        1.0,
        0.9473684210526315,
        1.0,
        0.9333333333333333,
        1.0,
        0.875,
        0.8571428571428571
    ]
}