{
    "Bins": [
        20.0,
        21.0,
        22.0,
        23.0,
        24.0,
        25.0,
        26.0,
        27.0,
        28.0,
        29.0,
        30.0,
        31.0,
        32.0,
        33.0,
        34.0,
        35.0,
        36.0,
        37.0,
        38.0,
        39.0,
        40.0,
        41.0,
        42.0,
        43.0,
        44.0,
        45.0,
        46.0,
        47.0,
        48.0,
        49.0,
        50.0,
        51.0,
        52.0,
        53.0,
        54.0,
        55.0,
        56.0,
        57.0,
        58.0,
        59.0,
        60.0
    ],
    "Efficiency": [
        0.09345794392523364,
        0.27125506072874495,
        0.5601374570446735,
        0.7623762376237624,
        0.7985257985257985,
        0.8720379146919431,
        0.9379310344827586,
        0.9373737373737374,
        0.9365351629502573,
        0.9505582137161085,
        0.9644970414201184,
        0.9707927677329624,
        0.9756756756756757,
        0.9814569536423841,
        0.9671931956257594,
        0.9619952494061758,
        0.976,
        0.9774590163934426,
        0.974816369359916,
        0.96086508753862,
        0.9715489989462592,
        0.9673340358271865,
        0.9748633879781421,
        0.9869109947643979,
        0.9801084990958409,
        0.9555555555555556,
        0.9467455621301775,
        0.9694656488549618,
        0.948051948051948,
        0.9814814814814815,
        0.9791666666666666,
        0.9696969696969697,
        1.0,
        1.0,
        0.9473684210526315,
        1.0,
        0.8666666666666667,
        1.0,
        0.875,
        1.0
    ]
}