{
    "Bins": [
        20.0,
        21.0,
        22.0,
        23.0,
        24.0,
        25.0,
        26.0,
        27.0,
        28.0,
        29.0,
        30.0,
        31.0,
        32.0,
        33.0,
        34.0,
        35.0,
        36.0,
        37.0,
        38.0,
        39.0,
        40.0,
        41.0,
        42.0,
        43.0,
        44.0,
        45.0,
        46.0,
        47.0,
        48.0,
        49.0,
        50.0,
        51.0,
        52.0,
        53.0,
        54.0,
        55.0,
        56.0,
        57.0,
        58.0,
        59.0,
        60.0
    ],
    "Efficiency": [
        0.5887850467289719,
        0.6153846153846154,
        0.7079037800687286,
        0.7656765676567657,
        0.7985257985257985,
        0.8483412322274881,
        0.864367816091954,
        0.907070707070707,
        0.8936535162950258,
        0.9186602870813397,
        0.9304733727810651,
        0.9401947148817803,
        0.9310810810810811,
        0.952317880794702,
        0.9501822600243013,
        0.9608076009501187,
        0.9645714285714285,
        0.9713114754098361,
        0.9737670514165793,
        0.96086508753862,
        0.9757639620653319,
        0.9673340358271865,
        0.9726775956284153,
        0.9620418848167539,
        0.9493670886075949,
        0.9587301587301588,
        0.9349112426035503,
        0.916030534351145,
        0.9090909090909091,
        0.8888888888888888,
        0.9166666666666666,
        0.9090909090909091,
        0.8214285714285714,
        0.9444444444444444,
        1.0,
        0.8333333333333334,
        0.7333333333333333,
        0.8571428571428571,
        0.75,
        0.7142857142857143
    ]
}