{
    "Bins": [
        20.0,
        21.0,
        22.0,
        23.0,
        24.0,
        25.0,
        26.0,
        27.0,
        28.0,
        29.0,
        30.0,
        31.0,
        32.0,
        33.0,
        34.0,
        35.0,
        36.0,
        37.0,
        38.0,
        39.0,
        40.0,
        41.0,
        42.0,
        43.0,
        44.0,
        45.0,
        46.0,
        47.0,
        48.0,
        49.0,
        50.0,
        51.0,
        52.0,
        53.0,
        54.0,
        55.0,
        56.0,
        57.0,
        58.0,
        59.0,
        60.0
    ],
    "Efficiency": [
        0.5700934579439252,
        0.6720647773279352,
        0.8109965635738832,
        0.8877887788778878,
        0.8918918918918919,
        0.919431279620853,
        0.9517241379310345,
        0.9737373737373738,
        0.9605488850771869,
        0.9744816586921851,
        0.9792899408284024,
        0.9819193324061196,
        0.9891891891891892,
        0.9933774834437086,
        0.9854191980558931,
        0.9893111638954869,
        0.9885714285714285,
        0.9918032786885246,
        0.9947534102833159,
        0.9855818743563337,
        0.9926238145416227,
        0.9884088514225501,
        0.9934426229508196,
        0.9960732984293194,
        0.9891500904159132,
        0.9873015873015873,
        0.9704142011834319,
        0.9923664122137404,
        0.961038961038961,
        0.9814814814814815,
        1.0,
        0.9696969696969697,
        0.9642857142857143,
        0.9444444444444444,
        0.9473684210526315,
        0.9166666666666666,
        0.8666666666666667,
        1.0,
        0.75,
        0.7142857142857143
    ]
}