{
    "Bins": [
        20.0,
        21.0,
        22.0,
        23.0,
        24.0,
        25.0,
        26.0,
        27.0,
        28.0,
        29.0,
        30.0,
        31.0,
        32.0,
        33.0,
        34.0,
        35.0,
        36.0,
        37.0,
        38.0,
        39.0,
        40.0,
        41.0,
        42.0,
        43.0,
        44.0,
        45.0,
        46.0,
        47.0,
        48.0,
        49.0,
        50.0,
        51.0,
        52.0,
        53.0,
        54.0,
        55.0,
        56.0,
        57.0,
        58.0,
        59.0,
        60.0
    ],
    "Efficiency": [
        0.5700934579439252,
        0.6882591093117408,
        0.8316151202749141,
        0.9141914191419142,
        0.914004914004914,
        0.9312796208530806,
        0.9563218390804598,
        0.9696969696969697,
        0.9588336192109777,
        0.9824561403508771,
        0.9733727810650887,
        0.9791376912378303,
        0.9891891891891892,
        0.9947019867549669,
        0.9842041312272175,
        0.9893111638954869,
        0.9851428571428571,
        0.9897540983606558,
        0.9947534102833159,
        0.9876416065911432,
        0.9947312961011591,
        0.9873551106427819,
        0.9934426229508196,
        0.9908376963350786,
        0.9855334538878843,
        0.9873015873015873,
        0.9822485207100592,
        0.9923664122137404,
        0.948051948051948,
        0.9814814814814815,
        1.0,
        1.0,
        0.9642857142857143,
        0.9444444444444444,
        0.9473684210526315,
        1.0,
        0.9333333333333333,
        1.0,
        0.75,
        0.7142857142857143
    ]
}