{
    "False Positive Rate": [
        0.0,
        0.021232512342856075,
        0.021232512342856075,
        0.02158716529627521,
        0.041849048503457865,
        0.041849048503457865,
        0.05979635454095775,
        0.05979635454095775,
        0.07519575909731491,
        0.07519575909731491,
        0.08968053235274903,
        0.10531326122056614,
        0.12347522562460918,
        0.14517438659038517,
        0.14517438659038517,
        0.17803578261640549,
        0.23838278253240874,
        1.0
    ],
    "True Positive Rate": [
        0.0,
        0.3804717882470093,
        0.3804987014385101,
        0.38689058441995344,
        0.6288805457995237,
        0.6289074589910244,
        0.7718568756475986,
        0.7718703322433491,
        0.8531750837673086,
        0.8531885403630589,
        0.9009325420855032,
        0.9325824552904606,
        0.9544359667891217,
        0.9692785919018206,
        0.9692920484975711,
        0.9808108944599195,
        0.9902170548894541,
        1.0
    ],
    "ROC AUC": 0.9539973945726301
}