{
    "False Positive Rate": [
        0.0,
        0.10678787086899307,
        0.1071425238224122,
        1.0
    ],
    "True Positive Rate": [
        0.0,
        0.8309313309918857,
        0.8373366705690795,
        1.0
    ],
    "ROC AUC": 0.8649024132108253
}