{
    "False Positive Rate": [
        0.0,
        0.11710080543552316,
        0.1174554583889423,
        1.0
    ],
    "True Positive Rate": [
        0.0,
        0.8275940952457848,
        0.8339859782272281,
        1.0
    ],
    "ROC AUC": 0.8580377669415101
}