{
    "Bins": [
        20.0,
        21.0,
        22.0,
        23.0,
        24.0,
        25.0,
        26.0,
        27.0,
        28.0,
        29.0,
        30.0,
        31.0,
        32.0,
        33.0,
        34.0,
        35.0,
        36.0,
        37.0,
        38.0,
        39.0,
        40.0,
        41.0,
        42.0,
        43.0,
        44.0,
        45.0,
        46.0,
        47.0,
        48.0,
        49.0,
        50.0,
        51.0,
        52.0,
        53.0,
        54.0,
        55.0,
        56.0,
        57.0,
        58.0,
        59.0,
        60.0
    ],
    "Efficiency": [
        0.616822429906542,
        0.6275303643724697,
        0.8041237113402062,
        0.8514851485148515,
        0.8648648648648649,
        0.9123222748815166,
        0.9057471264367816,
        0.9494949494949495,
        0.9279588336192109,
        0.9649122807017544,
        0.9600591715976331,
        0.9694019471488178,
        0.9675675675675676,
        0.9801324503311258,
        0.9635479951397327,
        0.9703087885985748,
        0.9691428571428572,
        0.9836065573770492,
        0.9716684155299056,
        0.9711637487126673,
        0.9715489989462592,
        0.9789251844046365,
        0.980327868852459,
        0.9777486910994765,
        0.969258589511754,
        0.9682539682539683,
        0.9704142011834319,
        0.9770992366412213,
        0.974025974025974,
        0.9629629629629629,
        0.9583333333333334,
        0.9696969696969697,
        0.9642857142857143,
        1.0,
        0.9473684210526315,
        0.9166666666666666,
        0.8666666666666667,
        1.0,
        1.0,
        1.0
    ]
}