{
    "Bins": [
        20.0,
        21.0,
        22.0,
        23.0,
        24.0,
        25.0,
        26.0,
        27.0,
        28.0,
        29.0,
        30.0,
        31.0,
        32.0,
        33.0,
        34.0,
        35.0,
        36.0,
        37.0,
        38.0,
        39.0,
        40.0,
        41.0,
        42.0,
        43.0,
        44.0,
        45.0,
        46.0,
        47.0,
        48.0,
        49.0,
        50.0,
        51.0,
        52.0,
        53.0,
        54.0,
        55.0,
        56.0,
        57.0,
        58.0,
        59.0,
        60.0
    ],
    "Efficiency": [
        0.9345794392523364,
        0.9230769230769231,
        0.9518900343642611,
        0.9372937293729373,
        0.9459459459459459,
        0.9383886255924171,
        0.9448275862068966,
        0.9494949494949495,
        0.9433962264150944,
        0.960127591706539,
        0.9334319526627219,
        0.9541029207232267,
        0.9432432432432433,
        0.9615894039735099,
        0.945321992709599,
        0.9441805225653207,
        0.9531428571428572,
        0.9743852459016393,
        0.9601259181532005,
        0.9464469618949537,
        0.9567966280295047,
        0.9620653319283456,
        0.9693989071038251,
        0.9685863874345549,
        0.9493670886075949,
        0.9555555555555556,
        0.9585798816568047,
        0.9618320610687023,
        0.961038961038961,
        0.9444444444444444,
        1.0,
        1.0,
        0.9642857142857143,
        0.9444444444444444,
        0.9473684210526315,
        1.0,
        1.0,
        1.0,
        0.875,
        1.0
    ]
}