{
    "Bins": [
        20.0,
        21.0,
        22.0,
        23.0,
        24.0,
        25.0,
        26.0,
        27.0,
        28.0,
        29.0,
        30.0,
        31.0,
        32.0,
        33.0,
        34.0,
        35.0,
        36.0,
        37.0,
        38.0,
        39.0,
        40.0,
        41.0,
        42.0,
        43.0,
        44.0,
        45.0,
        46.0,
        47.0,
        48.0,
        49.0,
        50.0,
        51.0,
        52.0,
        53.0,
        54.0,
        55.0,
        56.0,
        57.0,
        58.0,
        59.0,
        60.0
    ],
    "Efficiency": [
        0.4158878504672897,
        0.4574898785425101,
        0.563573883161512,
        0.6336633663366337,
        0.6707616707616708,
        0.6848341232227488,
        0.7057471264367816,
        0.7838383838383839,
        0.7941680960548885,
        0.8373205741626795,
        0.8431952662721893,
        0.8734353268428373,
        0.8770270270270271,
        0.8913907284768212,
        0.905224787363305,
        0.9061757719714965,
        0.9348571428571428,
        0.9426229508196722,
        0.9464847848898216,
        0.9299691040164778,
        0.9504741833508957,
        0.9494204425711275,
        0.9726775956284153,
        0.9646596858638743,
        0.9674502712477396,
        0.9587301587301588,
        0.9704142011834319,
        0.9770992366412213,
        0.961038961038961,
        0.9814814814814815,
        0.9791666666666666,
        1.0,
        0.9285714285714286,
        1.0,
        0.9473684210526315,
        0.9166666666666666,
        1.0,
        1.0,
        0.875,
        1.0
    ]
}