{
    "Bins": [
        20.0,
        21.0,
        22.0,
        23.0,
        24.0,
        25.0,
        26.0,
        27.0,
        28.0,
        29.0,
        30.0,
        31.0,
        32.0,
        33.0,
        34.0,
        35.0,
        36.0,
        37.0,
        38.0,
        39.0,
        40.0,
        41.0,
        42.0,
        43.0,
        44.0,
        45.0,
        46.0,
        47.0,
        48.0,
        49.0,
        50.0,
        51.0,
        52.0,
        53.0,
        54.0,
        55.0,
        56.0,
        57.0,
        58.0,
        59.0,
        60.0
    ],
    "Efficiency": [
        0.5467289719626168,
        0.728744939271255,
        0.8213058419243986,
        0.9306930693069307,
        0.9090909090909091,
        0.9407582938388626,
        0.960919540229885,
        0.9717171717171718,
        0.9536878216123499,
        0.9760765550239234,
        0.9748520710059172,
        0.9819193324061196,
        0.9891891891891892,
        0.9960264900662251,
        0.9854191980558931,
        0.9881235154394299,
        0.992,
        0.9907786885245902,
        0.9905561385099685,
        0.9897013388259527,
        0.9905163329820864,
        0.9884088514225501,
        0.9923497267759562,
        0.9869109947643979,
        0.9945750452079566,
        0.9904761904761905,
        0.9822485207100592,
        0.9923664122137404,
        0.974025974025974,
        1.0,
        0.9791666666666666,
        0.9696969696969697,
        1.0,
        1.0,
        0.9473684210526315,
        1.0,
        0.8666666666666667,
        1.0,
        0.875,
        1.0
    ]
}