{
    "Bins": [
        20.0,
        21.0,
        22.0,
        23.0,
        24.0,
        25.0,
        26.0,
        27.0,
        28.0,
        29.0,
        30.0,
        31.0,
        32.0,
        33.0,
        34.0,
        35.0,
        36.0,
        37.0,
        38.0,
        39.0,
        40.0,
        41.0,
        42.0,
        43.0,
        44.0,
        45.0,
        46.0,
        47.0,
        48.0,
        49.0,
        50.0,
        51.0,
        52.0,
        53.0,
        54.0,
        55.0,
        56.0,
        57.0,
        58.0,
        59.0,
        60.0
    ],
    "Efficiency": [
        0.22897196261682243,
        0.2591093117408907,
        0.38831615120274915,
        0.429042904290429,
        0.5233415233415234,
        0.5355450236966824,
        0.5793103448275863,
        0.6585858585858586,
        0.6981132075471698,
        0.7192982456140351,
        0.7455621301775148,
        0.7760778859527121,
        0.7824324324324324,
        0.7947019867549668,
        0.8226002430133658,
        0.8420427553444181,
        0.8491428571428571,
        0.8872950819672131,
        0.8782791185729276,
        0.8774459320288363,
        0.8946259220231823,
        0.8840885142255005,
        0.9158469945355191,
        0.912303664921466,
        0.9204339963833634,
        0.926984126984127,
        0.9467455621301775,
        0.9465648854961832,
        0.935064935064935,
        0.9444444444444444,
        0.9791666666666666,
        0.9090909090909091,
        0.9642857142857143,
        1.0,
        0.9473684210526315,
        0.9166666666666666,
        0.9333333333333333,
        0.9285714285714286,
        0.875,
        1.0
    ]
}