{
    "Bins": [
        20.0,
        21.0,
        22.0,
        23.0,
        24.0,
        25.0,
        26.0,
        27.0,
        28.0,
        29.0,
        30.0,
        31.0,
        32.0,
        33.0,
        34.0,
        35.0,
        36.0,
        37.0,
        38.0,
        39.0,
        40.0,
        41.0,
        42.0,
        43.0,
        44.0,
        45.0,
        46.0,
        47.0,
        48.0,
        49.0,
        50.0,
        51.0,
        52.0,
        53.0,
        54.0,
        55.0,
        56.0,
        57.0,
        58.0,
        59.0,
        60.0
    ],
    "Efficiency": [
        0.5887850467289719,
        0.6356275303643725,
        0.718213058419244,
        0.7557755775577558,
        0.800982800982801,
        0.8341232227488151,
        0.864367816091954,
        0.8686868686868687,
        0.8679245283018868,
        0.9059011164274322,
        0.8801775147928994,
        0.9095966620305981,
        0.927027027027027,
        0.9350993377483444,
        0.9307411907654921,
        0.9311163895486936,
        0.9462857142857143,
        0.9467213114754098,
        0.9590766002098636,
        0.94129763130793,
        0.9683877766069547,
        0.9673340358271865,
        0.9715846994535519,
        0.9568062827225131,
        0.9638336347197106,
        0.9714285714285714,
        0.9585798816568047,
        0.9694656488549618,
        0.974025974025974,
        1.0,
        0.9791666666666666,
        1.0,
        1.0,
        1.0,
        0.9473684210526315,
        1.0,
        1.0,
        1.0,
        0.875,
        1.0
    ]
}