{
    "Bins": [
        20.0,
        21.0,
        22.0,
        23.0,
        24.0,
        25.0,
        26.0,
        27.0,
        28.0,
        29.0,
        30.0,
        31.0,
        32.0,
        33.0,
        34.0,
        35.0,
        36.0,
        37.0,
        38.0,
        39.0,
        40.0,
        41.0,
        42.0,
        43.0,
        44.0,
        45.0,
        46.0,
        47.0,
        48.0,
        49.0,
        50.0,
        51.0,
        52.0,
        53.0,
        54.0,
        55.0,
        56.0,
        57.0,
        58.0,
        59.0,
        60.0
    ],
    "Efficiency": [
        0.7570093457943925,
        0.7975708502024291,
        0.9037800687285223,
        0.9372937293729373,
        0.9361179361179361,
        0.957345971563981,
        0.967816091954023,
        0.9777777777777777,
        0.9656946826758147,
        0.9920255183413078,
        0.9822485207100592,
        0.9958275382475661,
        0.9945945945945946,
        0.9960264900662251,
        0.9854191980558931,
        0.994061757719715,
        0.9942857142857143,
        0.9969262295081968,
        0.9979013641133263,
        0.9897013388259527,
        0.9968387776606955,
        0.9936775553213909,
        0.9989071038251366,
        0.9947643979057592,
        1.0,
        0.9936507936507937,
        0.9940828402366864,
        0.9923664122137404,
        0.987012987012987,
        1.0,
        0.9791666666666666,
        1.0,
        1.0,
        1.0,
        0.9473684210526315,
        1.0,
        1.0,
        1.0,
        1.0,
        1.0
    ]
}