{
    "Bins": [
        20.0,
        21.0,
        22.0,
        23.0,
        24.0,
        25.0,
        26.0,
        27.0,
        28.0,
        29.0,
        30.0,
        31.0,
        32.0,
        33.0,
        34.0,
        35.0,
        36.0,
        37.0,
        38.0,
        39.0,
        40.0,
        41.0,
        42.0,
        43.0,
        44.0,
        45.0,
        46.0,
        47.0,
        48.0,
        49.0,
        50.0,
        51.0,
        52.0,
        53.0,
        54.0,
        55.0,
        56.0,
        57.0,
        58.0,
        59.0,
        60.0
    ],
    "Efficiency": [
        0.9345794392523364,
        0.9311740890688259,
        0.9484536082474226,
        0.9207920792079208,
        0.9336609336609336,
        0.9218009478672986,
        0.9356321839080459,
        0.9151515151515152,
        0.9296740994854202,
        0.9330143540669856,
        0.9068047337278107,
        0.9235048678720446,
        0.9081081081081082,
        0.9245033112582781,
        0.9015795868772782,
        0.9192399049881235,
        0.9165714285714286,
        0.9016393442622951,
        0.9076600209863589,
        0.898043254376931,
        0.9157007376185459,
        0.8956796628029505,
        0.8918032786885246,
        0.8848167539267016,
        0.8806509945750453,
        0.8761904761904762,
        0.9112426035502958,
        0.8702290076335878,
        0.9090909090909091,
        0.9074074074074074,
        0.9375,
        0.8484848484848485,
        0.9285714285714286,
        0.9444444444444444,
        0.8947368421052632,
        0.8333333333333334,
        0.8,
        0.8571428571428571,
        0.5,
        1.0
    ]
}