{
    "Bins": [
        20.0,
        21.0,
        22.0,
        23.0,
        24.0,
        25.0,
        26.0,
        27.0,
        28.0,
        29.0,
        30.0,
        31.0,
        32.0,
        33.0,
        34.0,
        35.0,
        36.0,
        37.0,
        38.0,
        39.0,
        40.0,
        41.0,
        42.0,
        43.0,
        44.0,
        45.0,
        46.0,
        47.0,
        48.0,
        49.0,
        50.0,
        51.0,
        52.0,
        53.0,
        54.0,
        55.0,
        56.0,
        57.0,
        58.0,
        59.0,
        60.0
    ],
    "Efficiency": [
        0.7383177570093458,
        0.7611336032388664,
        0.872852233676976,
        0.900990099009901,
        0.918918918918919,
        0.9407582938388626,
        0.9517241379310345,
        0.9717171717171718,
        0.9605488850771869,
        0.9808612440191388,
        0.9704142011834319,
        0.9860917941585535,
        0.9864864864864865,
        0.9920529801324504,
        0.982989064398542,
        0.9869358669833729,
        0.9942857142857143,
        0.9938524590163934,
        0.9947534102833159,
        0.9814624098867147,
        0.9926238145416227,
        0.9863013698630136,
        0.9923497267759562,
        0.9882198952879581,
        0.9927667269439421,
        0.9841269841269841,
        0.9940828402366864,
        0.9923664122137404,
        0.974025974025974,
        1.0,
        0.9791666666666666,
        0.9696969696969697,
        1.0,
        1.0,
        0.9473684210526315,
        1.0,
        1.0,
        1.0,
        1.0,
        1.0
    ]
}