{
    "Precision": [
        0.40952827069326575,
        0.7817297412871499,
        0.8360993422438613,
        0.8674038754184843,
        0.8928925571628558,
        0.915612553070425,
        1.0
    ],
    "Recall": [
        1.0,
        0.9839866510570155,
        0.9613122872175797,
        0.9204311493278431,
        0.8239608143931748,
        0.5629970530055307,
        0.0
    ],
    "Precision-Recall AUC": 0.9228276650017811,
    "Chance Level": 0.40952827069326575
}