{
    "Precision": [
        0.4999731012871034,
        0.7732442034012318,
        0.8180125408024768,
        0.8415152821636235,
        0.8580806012574375,
        0.8719719732199629,
        0.8839436546508304,
        0.8944599024766523,
        0.8944584486962271,
        0.9044119875155299,
        0.9156264320410595,
        0.9156248854346153,
        0.91562333877147,
        0.9285817676519121,
        0.9282801912528234,
        0.9282780874156644,
        1.0
    ],
    "Recall": [
        1.0,
        0.9894954874981506,
        0.9808470860401619,
        0.9713378794603827,
        0.9582240514331061,
        0.940698597156653,
        0.9149147937430228,
        0.8733943966966603,
        0.8733809466166323,
        0.8028756271099813,
        0.6718583975574655,
        0.6718449474774375,
        0.6718314973974095,
        0.43142476697736354,
        0.42564123256533376,
        0.4256277824853058,
        0.0
    ],
    "Precision-Recall AUC": 0.9274257040524123,
    "Chance Level": 0.4999731012871034
}