{
    "Precision": [
        0.4999731012871034,
        0.7249270492528075,
        0.7786722141823444,
        0.8177212965945361,
        0.8198434962350509,
        0.8587590977877063,
        0.8819383259911894,
        0.8829068941009239,
        0.8828916948248267,
        0.9000151034586921,
        0.9110738255033557,
        0.9127743387732132,
        0.9517543859649122,
        0.9514348785871964,
        0.9513274336283186,
        1.0
    ],
    "Recall": [
        1.0,
        0.551332230426771,
        0.4631669558433873,
        0.3756069348612624,
        0.3734280218967303,
        0.16028460369339198,
        0.13463530108004143,
        0.13366689531802714,
        0.13354584459777535,
        0.08014902688670998,
        0.021910180365573174,
        0.021816029805377342,
        0.005837334732141656,
        0.005796984492057728,
        0.005783534412029751,
        0.0
    ],
    "Precision-Recall AUC": 0.7359350577895583,
    "Chance Level": 0.4999731012871034
}