{
    "Precision": [
        0.4999731012871034,
        0.8597930594920058,
        0.8592285336135027,
        1.0
    ],
    "Recall": [
        1.0,
        0.8527619739337449,
        0.8469784395217151,
        0.0
    ],
    "Precision-Recall AUC": 0.8924388940388825,
    "Chance Level": 0.4999731012871034
}