{
    "Precision": [
        0.4999731012871034,
        0.8573146834245557,
        0.8567368750254953,
        1.0
    ],
    "Recall": [
        1.0,
        0.8532327267347241,
        0.8474491923226943,
        0.0
    ],
    "Precision-Recall AUC": 0.8913044342334028,
    "Chance Level": 0.4999731012871034
}