{
    "Bins": [
        20.0,
        21.0,
        22.0,
        23.0,
        24.0,
        25.0,
        26.0,
        27.0,
        28.0,
        29.0,
        30.0,
        31.0,
        32.0,
        33.0,
        34.0,
        35.0,
        36.0,
        37.0,
        38.0,
        39.0,
        40.0,
        41.0,
        42.0,
        43.0,
        44.0,
        45.0,
        46.0,
        47.0,
        48.0,
        49.0,
        50.0,
        51.0,
        52.0,
        53.0,
        54.0,
        55.0,
        56.0,
        57.0,
        58.0,
        59.0,
        60.0
    ],
    "Efficiency": [
        0.9936305732484076,
        0.9927461139896373,
        0.9971910112359551,
        0.9957519116397621,
        0.9963820549927641,
        0.9981829194427619,
        0.9947285187137586,
        0.9972337482710927,
        0.9974947807933194,
        0.9984114376489277,
        0.9957219251336898,
        0.9953588004284184,
        0.9962732919254659,
        0.9957081545064378,
        0.9934807256235828,
        0.9953347969264544,
        0.994258872651357,
        0.9928886709171162,
        0.9928876244665719,
        0.989805375347544,
        0.9899713467048711,
        0.9887479051951161,
        0.9855377333683933,
        0.986013986013986,
        0.9863013698630136,
        0.9764052741151977,
        0.9707207207207207,
        0.972972972972973,
        0.9505813953488372,
        0.972,
        0.9259259259259259,
        0.9594594594594594,
        0.9719626168224299,
        0.9438202247191011,
        0.9444444444444444,
        0.9661016949152542,
        0.9137931034482759,
        0.9591836734693877,
        0.94,
        0.9230769230769231
    ]
}