{
    "Bins": [
        20.0,
        21.0,
        22.0,
        23.0,
        24.0,
        25.0,
        26.0,
        27.0,
        28.0,
        29.0,
        30.0,
        31.0,
        32.0,
        33.0,
        34.0,
        35.0,
        36.0,
        37.0,
        38.0,
        39.0,
        40.0,
        41.0,
        42.0,
        43.0,
        44.0,
        45.0,
        46.0,
        47.0,
        48.0,
        49.0,
        50.0,
        51.0,
        52.0,
        53.0,
        54.0,
        55.0,
        56.0,
        57.0,
        58.0,
        59.0,
        60.0
    ],
    "Efficiency": [
        0.3095541401273885,
        0.25906735751295334,
        0.2883895131086142,
        0.2931180968564146,
        0.3024602026049204,
        0.2870987280436099,
        0.2967843964153927,
        0.2982941447671738,
        0.29603340292275576,
        0.30262112787926926,
        0.29376114081996435,
        0.2738307747233131,
        0.29037267080745344,
        0.2869405272838749,
        0.268140589569161,
        0.2565861690450055,
        0.2596555323590814,
        0.2577243746934772,
        0.257230915125652,
        0.24606116774791473,
        0.2433142311365807,
        0.2422791477136701,
        0.23586642124638443,
        0.23411371237458195,
        0.2268835616438356,
        0.21443442054129078,
        0.21621621621621623,
        0.20374220374220375,
        0.19186046511627908,
        0.212,
        0.19753086419753085,
        0.16216216216216217,
        0.14953271028037382,
        0.16853932584269662,
        0.16666666666666666,
        0.23728813559322035,
        0.06896551724137931,
        0.14285714285714285,
        0.16,
        0.15384615384615385
    ]
}