{
    "Bins": [
        20.0,
        21.0,
        22.0,
        23.0,
        24.0,
        25.0,
        26.0,
        27.0,
        28.0,
        29.0,
        30.0,
        31.0,
        32.0,
        33.0,
        34.0,
        35.0,
        36.0,
        37.0,
        38.0,
        39.0,
        40.0,
        41.0,
        42.0,
        43.0,
        44.0,
        45.0,
        46.0,
        47.0,
        48.0,
        49.0,
        50.0,
        51.0,
        52.0,
        53.0,
        54.0,
        55.0,
        56.0,
        57.0,
        58.0,
        59.0,
        60.0
    ],
    "Efficiency": [
        0.9694267515923567,
        0.9647668393782384,
        0.9691011235955056,
        0.9617672047578589,
        0.9587554269175108,
        0.9521502119927316,
        0.9420137058513443,
        0.9437528815122176,
        0.932776617954071,
        0.9241461477362987,
        0.9383244206773619,
        0.9300249910746162,
        0.9347826086956522,
        0.927958307786634,
        0.9382086167800453,
        0.9404500548847421,
        0.93919624217119,
        0.9433545855811672,
        0.9421526789947843,
        0.9390639481000926,
        0.9367239732569246,
        0.9454153698826909,
        0.9353142256113595,
        0.930982061416844,
        0.9105308219178082,
        0.8986814712005552,
        0.8603603603603603,
        0.8253638253638254,
        0.7703488372093024,
        0.696,
        0.6234567901234568,
        0.581081081081081,
        0.5233644859813084,
        0.39325842696629215,
        0.4027777777777778,
        0.288135593220339,
        0.3620689655172414,
        0.40816326530612246,
        0.26,
        0.2564102564102564
    ]
}