{
    "Bins": [
        20.0,
        21.0,
        22.0,
        23.0,
        24.0,
        25.0,
        26.0,
        27.0,
        28.0,
        29.0,
        30.0,
        31.0,
        32.0,
        33.0,
        34.0,
        35.0,
        36.0,
        37.0,
        38.0,
        39.0,
        40.0,
        41.0,
        42.0,
        43.0,
        44.0,
        45.0,
        46.0,
        47.0,
        48.0,
        49.0,
        50.0,
        51.0,
        52.0,
        53.0,
        54.0,
        55.0,
        56.0,
        57.0,
        58.0,
        59.0,
        60.0
    ],
    "Efficiency": [
        0.932484076433121,
        0.938860103626943,
        0.9344569288389513,
        0.9260832625318607,
        0.918958031837916,
        0.8970321017565112,
        0.8850817079599368,
        0.8644536652835408,
        0.8609603340292276,
        0.868943606036537,
        0.8770053475935828,
        0.8643341663691538,
        0.872360248447205,
        0.8786020846106684,
        0.8843537414965986,
        0.8863885839736553,
        0.886482254697286,
        0.8894065718489456,
        0.8921289710763395,
        0.8927247451343837,
        0.8951766953199618,
        0.8989705530284894,
        0.8921903760189325,
        0.8896321070234113,
        0.8587328767123288,
        0.8410825815405968,
        0.8198198198198198,
        0.7817047817047817,
        0.7558139534883721,
        0.692,
        0.6296296296296297,
        0.6621621621621622,
        0.6261682242990654,
        0.5056179775280899,
        0.5555555555555556,
        0.4576271186440678,
        0.39655172413793105,
        0.5510204081632653,
        0.26,
        0.358974358974359
    ]
}