{
    "Bins": [
        20.0,
        21.0,
        22.0,
        23.0,
        24.0,
        25.0,
        26.0,
        27.0,
        28.0,
        29.0,
        30.0,
        31.0,
        32.0,
        33.0,
        34.0,
        35.0,
        36.0,
        37.0,
        38.0,
        39.0,
        40.0,
        41.0,
        42.0,
        43.0,
        44.0,
        45.0,
        46.0,
        47.0,
        48.0,
        49.0,
        50.0,
        51.0,
        52.0,
        53.0,
        54.0,
        55.0,
        56.0,
        57.0,
        58.0,
        59.0,
        60.0
    ],
    "Efficiency": [
        0.9859872611464968,
        0.9740932642487047,
        0.9906367041198502,
        0.9906542056074766,
        0.9905933429811867,
        0.9945487583282859,
        0.9884027411702688,
        0.9893960350391886,
        0.9878914405010438,
        0.9868943606036537,
        0.9853832442067736,
        0.9775080328454123,
        0.9785714285714285,
        0.9788473329245861,
        0.9739229024943311,
        0.9706366630076838,
        0.9671189979123174,
        0.9627268268759196,
        0.9620673304883831,
        0.9545875810936052,
        0.9536771728748806,
        0.9466124012449126,
        0.9387325795424665,
        0.9288537549407114,
        0.922945205479452,
        0.9007633587786259,
        0.8671171171171171,
        0.8711018711018711,
        0.8255813953488372,
        0.804,
        0.7469135802469136,
        0.6959459459459459,
        0.7289719626168224,
        0.6404494382022472,
        0.6527777777777778,
        0.5084745762711864,
        0.5344827586206896,
        0.6122448979591837,
        0.42,
        0.4358974358974359
    ]
}