{
    "Bins": [
        20.0,
        21.0,
        22.0,
        23.0,
        24.0,
        25.0,
        26.0,
        27.0,
        28.0,
        29.0,
        30.0,
        31.0,
        32.0,
        33.0,
        34.0,
        35.0,
        36.0,
        37.0,
        38.0,
        39.0,
        40.0,
        41.0,
        42.0,
        43.0,
        44.0,
        45.0,
        46.0,
        47.0,
        48.0,
        49.0,
        50.0,
        51.0,
        52.0,
        53.0,
        54.0,
        55.0,
        56.0,
        57.0,
        58.0,
        59.0,
        60.0
    ],
    "Efficiency": [
        0.9923566878980892,
        0.9906735751295337,
        0.9934456928838952,
        0.9966015293118097,
        0.9963820549927641,
        0.9981829194427619,
        0.9942013705851345,
        0.9963116643614569,
        0.9945720250521921,
        0.9948371723590151,
        0.9928698752228164,
        0.9875044626918957,
        0.9885093167701864,
        0.9871244635193133,
        0.9829931972789115,
        0.9821624588364435,
        0.9786012526096033,
        0.971554683668465,
        0.9720246562351825,
        0.9624652455977757,
        0.9632282712511939,
        0.9585827148671295,
        0.9555613988956088,
        0.9543934326543022,
        0.959332191780822,
        0.952116585704372,
        0.9414414414414415,
        0.9501039501039501,
        0.9273255813953488,
        0.92,
        0.8888888888888888,
        0.918918918918919,
        0.9345794392523364,
        0.898876404494382,
        0.8194444444444444,
        0.847457627118644,
        0.896551724137931,
        0.8571428571428571,
        0.84,
        0.8461538461538461
    ]
}