{
    "Bins": [
        20.0,
        21.0,
        22.0,
        23.0,
        24.0,
        25.0,
        26.0,
        27.0,
        28.0,
        29.0,
        30.0,
        31.0,
        32.0,
        33.0,
        34.0,
        35.0,
        36.0,
        37.0,
        38.0,
        39.0,
        40.0,
        41.0,
        42.0,
        43.0,
        44.0,
        45.0,
        46.0,
        47.0,
        48.0,
        49.0,
        50.0,
        51.0,
        52.0,
        53.0,
        54.0,
        55.0,
        56.0,
        57.0,
        58.0,
        59.0,
        60.0
    ],
    "Efficiency": [
        0.46114649681528663,
        0.43730569948186526,
        0.4606741573033708,
        0.4817332200509771,
        0.524602026049204,
        0.5015142337976983,
        0.5345282024248814,
        0.5223605348086676,
        0.5348643006263049,
        0.5440826052422557,
        0.5547237076648841,
        0.5783648696893966,
        0.5875776397515527,
        0.5959534028203556,
        0.5870181405895691,
        0.5924807903402854,
        0.6129958246346555,
        0.6201569396763119,
        0.6206733048838312,
        0.6350787766450418,
        0.6482808022922636,
        0.6576490304045965,
        0.6686826189850118,
        0.6901793858315598,
        0.7007705479452054,
        0.6786953504510757,
        0.6677927927927928,
        0.6923076923076923,
        0.7151162790697675,
        0.708,
        0.6604938271604939,
        0.7027027027027027,
        0.7009345794392523,
        0.6629213483146067,
        0.7361111111111112,
        0.6610169491525424,
        0.6896551724137931,
        0.7755102040816326,
        0.7,
        0.717948717948718
    ]
}