{
    "Bins": [
        20.0,
        21.0,
        22.0,
        23.0,
        24.0,
        25.0,
        26.0,
        27.0,
        28.0,
        29.0,
        30.0,
        31.0,
        32.0,
        33.0,
        34.0,
        35.0,
        36.0,
        37.0,
        38.0,
        39.0,
        40.0,
        41.0,
        42.0,
        43.0,
        44.0,
        45.0,
        46.0,
        47.0,
        48.0,
        49.0,
        50.0,
        51.0,
        52.0,
        53.0,
        54.0,
        55.0,
        56.0,
        57.0,
        58.0,
        59.0,
        60.0
    ],
    "Efficiency": [
        0.9885350318471338,
        0.9865284974093265,
        0.9915730337078652,
        0.9889549702633815,
        0.9905933429811867,
        0.9939430648092066,
        0.9878755930416447,
        0.9903181189488244,
        0.9924843423799582,
        0.9817315329626688,
        0.9868092691622103,
        0.9807211710103535,
        0.9819875776397515,
        0.9782342121397916,
        0.9764739229024944,
        0.9728320526893524,
        0.9728601252609603,
        0.9661598822952427,
        0.9632527264106211,
        0.959221501390176,
        0.957258834765998,
        0.9604979650466843,
        0.955035498290823,
        0.9486166007905138,
        0.9464897260273972,
        0.9236641221374046,
        0.9099099099099099,
        0.9085239085239085,
        0.872093023255814,
        0.916,
        0.8703703703703703,
        0.8986486486486487,
        0.8598130841121495,
        0.7865168539325843,
        0.8333333333333334,
        0.864406779661017,
        0.7758620689655172,
        0.8163265306122449,
        0.74,
        0.717948717948718
    ]
}