{
    "Bins": [
        20.0,
        21.0,
        22.0,
        23.0,
        24.0,
        25.0,
        26.0,
        27.0,
        28.0,
        29.0,
        30.0,
        31.0,
        32.0,
        33.0,
        34.0,
        35.0,
        36.0,
        37.0,
        38.0,
        39.0,
        40.0,
        41.0,
        42.0,
        43.0,
        44.0,
        45.0,
        46.0,
        47.0,
        48.0,
        49.0,
        50.0,
        51.0,
        52.0,
        53.0,
        54.0,
        55.0,
        56.0,
        57.0,
        58.0,
        59.0,
        60.0
    ],
    "Efficiency": [
        0.9592356687898089,
        0.9512953367875647,
        0.9709737827715356,
        0.9643160577740016,
        0.9804630969609262,
        0.9794064203513022,
        0.977859778597786,
        0.9824804057169202,
        0.9782881002087682,
        0.9841143764892772,
        0.9836007130124778,
        0.9782220635487326,
        0.9819875776397515,
        0.9816063764561619,
        0.9787414965986394,
        0.9816136114160263,
        0.9819937369519833,
        0.9791564492398235,
        0.9798482693219536,
        0.9708063021316033,
        0.9763610315186246,
        0.9712712473066795,
        0.9663423612937155,
        0.9613864396473092,
        0.958904109589041,
        0.9528105482303956,
        0.9493243243243243,
        0.9563409563409564,
        0.9273255813953488,
        0.94,
        0.8950617283950617,
        0.9391891891891891,
        0.9252336448598131,
        0.9101123595505618,
        0.8194444444444444,
        0.9322033898305084,
        0.6724137931034483,
        0.6530612244897959,
        0.74,
        0.5897435897435898
    ]
}