{
    "Bins": [
        20.0,
        21.0,
        22.0,
        23.0,
        24.0,
        25.0,
        26.0,
        27.0,
        28.0,
        29.0,
        30.0,
        31.0,
        32.0,
        33.0,
        34.0,
        35.0,
        36.0,
        37.0,
        38.0,
        39.0,
        40.0,
        41.0,
        42.0,
        43.0,
        44.0,
        45.0,
        46.0,
        47.0,
        48.0,
        49.0,
        50.0,
        51.0,
        52.0,
        53.0,
        54.0,
        55.0,
        56.0,
        57.0,
        58.0,
        59.0,
        60.0
    ],
    "Efficiency": [
        0.9859872611464968,
        0.9792746113989638,
        0.9831460674157303,
        0.9847068819031436,
        0.984081041968162,
        0.9818291944276196,
        0.9762783342119136,
        0.9783310281235592,
        0.9745302713987474,
        0.9650516282764099,
        0.9736185383244207,
        0.9714387718671903,
        0.9692546583850932,
        0.9671980380134887,
        0.9705215419501134,
        0.9673435784851812,
        0.967901878914405,
        0.9666503187837175,
        0.9653864390706496,
        0.9661723818350324,
        0.9641833810888252,
        0.9655254967680154,
        0.9589797528267158,
        0.9607783520826999,
        0.947345890410959,
        0.9243580846634282,
        0.9031531531531531,
        0.8918918918918919,
        0.8430232558139535,
        0.824,
        0.7777777777777778,
        0.7094594594594594,
        0.6822429906542056,
        0.5393258426966292,
        0.6527777777777778,
        0.4745762711864407,
        0.5,
        0.5102040816326531,
        0.3,
        0.3076923076923077
    ]
}