{
    "Bins": [
        20.0,
        21.0,
        22.0,
        23.0,
        24.0,
        25.0,
        26.0,
        27.0,
        28.0,
        29.0,
        30.0,
        31.0,
        32.0,
        33.0,
        34.0,
        35.0,
        36.0,
        37.0,
        38.0,
        39.0,
        40.0,
        41.0,
        42.0,
        43.0,
        44.0,
        45.0,
        46.0,
        47.0,
        48.0,
        49.0,
        50.0,
        51.0,
        52.0,
        53.0,
        54.0,
        55.0,
        56.0,
        57.0,
        58.0,
        59.0,
        60.0
    ],
    "Efficiency": [
        0.956687898089172,
        0.9378238341968912,
        0.952247191011236,
        0.9600679694137638,
        0.9580318379160637,
        0.9606299212598425,
        0.959409594095941,
        0.9617335177501153,
        0.954070981210856,
        0.9511517077045274,
        0.9582887700534759,
        0.9518029275258836,
        0.9565217391304348,
        0.9570815450643777,
        0.949546485260771,
        0.9492316136114161,
        0.947286012526096,
        0.9516920058852378,
        0.9459459459459459,
        0.951112140871177,
        0.9481852913085005,
        0.9516399329662437,
        0.9460951880094662,
        0.9325022803283672,
        0.9173801369863014,
        0.8757807078417765,
        0.8063063063063063,
        0.738045738045738,
        0.6540697674418605,
        0.548,
        0.5617283950617284,
        0.5,
        0.4953271028037383,
        0.4606741573033708,
        0.5833333333333334,
        0.4915254237288136,
        0.5,
        0.5510204081632653,
        0.42,
        0.4358974358974359
    ]
}