{
    "Bins": [
        20.0,
        21.0,
        22.0,
        23.0,
        24.0,
        25.0,
        26.0,
        27.0,
        28.0,
        29.0,
        30.0,
        31.0,
        32.0,
        33.0,
        34.0,
        35.0,
        36.0,
        37.0,
        38.0,
        39.0,
        40.0,
        41.0,
        42.0,
        43.0,
        44.0,
        45.0,
        46.0,
        47.0,
        48.0,
        49.0,
        50.0,
        51.0,
        52.0,
        53.0,
        54.0,
        55.0,
        56.0,
        57.0,
        58.0,
        59.0,
        60.0
    ],
    "Efficiency": [
        0.9337579617834395,
        0.917098445595855,
        0.9363295880149812,
        0.9388275276125744,
        0.9435600578871202,
        0.9479103573591763,
        0.9478123352662098,
        0.9497464269248501,
        0.9469728601252609,
        0.9420174741858618,
        0.9511586452762923,
        0.947161727954302,
        0.9512422360248447,
        0.9491109748620479,
        0.9444444444444444,
        0.9473106476399561,
        0.9470250521920668,
        0.9494850416871016,
        0.9461830251303935,
        0.9504170528266914,
        0.9455587392550143,
        0.9547522145080201,
        0.948198790428609,
        0.9461842505320767,
        0.9413527397260274,
        0.9118667591950035,
        0.8918918918918919,
        0.8752598752598753,
        0.8343023255813954,
        0.816,
        0.7283950617283951,
        0.6283783783783784,
        0.5607476635514018,
        0.4157303370786517,
        0.3611111111111111,
        0.2033898305084746,
        0.29310344827586204,
        0.22448979591836735,
        0.1,
        0.07692307692307693
    ]
}