{
    "Bins": [
        20.0,
        21.0,
        22.0,
        23.0,
        24.0,
        25.0,
        26.0,
        27.0,
        28.0,
        29.0,
        30.0,
        31.0,
        32.0,
        33.0,
        34.0,
        35.0,
        36.0,
        37.0,
        38.0,
        39.0,
        40.0,
        41.0,
        42.0,
        43.0,
        44.0,
        45.0,
        46.0,
        47.0,
        48.0,
        49.0,
        50.0,
        51.0,
        52.0,
        53.0,
        54.0,
        55.0,
        56.0,
        57.0,
        58.0,
        59.0,
        60.0
    ],
    "Efficiency": [
        0.3630573248407643,
        0.34196891191709844,
        0.3455056179775281,
        0.3177570093457944,
        0.2691751085383502,
        0.3143549364021805,
        0.29098576700052714,
        0.2766251728907331,
        0.27432150313152404,
        0.28832406671961874,
        0.2698752228163993,
        0.27454480542663334,
        0.2714285714285714,
        0.24954015941140403,
        0.2755102040816326,
        0.2659165751920966,
        0.25600208768267224,
        0.2449730259931339,
        0.2524893314366999,
        0.24907321594068582,
        0.26575931232091693,
        0.25137658606655494,
        0.24033657638706285,
        0.2699908786865309,
        0.2611301369863014,
        0.2477446217904233,
        0.2894144144144144,
        0.2681912681912682,
        0.24709302325581395,
        0.248,
        0.32098765432098764,
        0.25675675675675674,
        0.24299065420560748,
        0.29213483146067415,
        0.2361111111111111,
        0.23728813559322035,
        0.25862068965517243,
        0.24489795918367346,
        0.26,
        0.3076923076923077
    ]
}