{
    "False Positive Rate": [
        0.0,
        0.12183262247193108,
        0.12218727542535023,
        1.0
    ],
    "True Positive Rate": [
        0.0,
        0.8080282050246929,
        0.8144335446018867,
        1.0
    ],
    "ROC AUC": 0.8458762297236908
}