{
    "False Positive Rate": [
        0.0,
        0.039758462672776655,
        0.08040355772910114,
        0.1136382726534574,
        0.15067150736838175,
        0.22538195189785995,
        1.0
    ],
    "True Positive Rate": [
        0.0,
        0.4875862904202495,
        0.7853807543767578,
        0.9039602761293448,
        0.9531979599800843,
        0.9798285629701398,
        1.0
    ],
    "ROC AUC": 0.9370375500639676
}