{
    "False Positive Rate": [
        0.0,
        0.023285766283703695,
        0.02364041923712283,
        0.04766349034503999,
        0.04766349034503999,
        0.06886800377052087,
        0.08799126433777894,
        0.10513593474385657,
        0.12255126135122775,
        0.14103987979131474,
        0.1656135962742774,
        0.19959494899530553,
        0.26535507293717975,
        1.0
    ],
    "True Positive Rate": [
        0.0,
        0.33257976397131056,
        0.3389716469527539,
        0.5776781989692248,
        0.5776916555649751,
        0.7350665428659857,
        0.8283611212035579,
        0.8852152382490278,
        0.9207541076258529,
        0.943670690188796,
        0.9612450042388276,
        0.9751860374362494,
        0.9870951246753596,
        1.0
    ],
    "ROC AUC": 0.9422505083112653
}