{
    "False Positive Rate": [
        0.0,
        0.0004573156504615155,
        0.000475981595378312,
        0.0008306345487974465,
        0.0009612961632150224,
        0.0011106237225493947,
        0.0011292896674661914,
        0.0012039534471333774,
        0.0012599512818837672,
        0.007457044994260222,
        0.008465006019767235,
        0.008465006019767235,
        0.009743623246567799,
        0.01553006617077473,
        0.0156887267025675,
        0.016034046683528237,
        0.01606204560090343,
        0.016108710463195425,
        0.016799350425116894,
        0.016836682314950488,
        0.018712609779088542,
        0.0189366011180901,
        0.019104594622341268,
        0.025012366188507378,
        0.02532035427963452,
        0.02840023519090595,
        0.028446900053197943,
        0.028540229777781926,
        0.029090875152827423,
        0.029090875152827423,
        0.029622854582956125,
        0.0568004703818119,
        0.05715512333523104,
        0.06400552511969537,
        0.06411752078919615,
        0.07002529235536226,
        0.0719572176542507,
        0.07324516785350967,
        0.11266764351778398,
        0.11585018712609779,
        0.11704480760077277,
        0.12693775840667496,
        0.1271617497456765,
        0.12757240053384603,
        0.14195451109223778,
        0.1434011218232895,
        0.14520238550776038,
        0.1478342837410287,
        0.211111837008969,
        0.21142915807255452,
        0.2418173163970993,
        0.25861666682221623,
        0.2590739824726777,
        0.2650657507909694,
        0.2651310815981782,
        0.26748299065769454,
        0.26871494302220317,
        0.336668315491801,
        0.3502104585289369,
        0.4199090968482552,
        0.5597170242750613,
        0.5978048848777847,
        0.6036006607744501,
        0.904766349034504,
        1.0
    ],
    "True Positive Rate": [
        0.0,
        0.010011707238302855,
        0.01021355617455896,
        0.016605439156002315,
        0.019390954476336576,
        0.02006378426385693,
        0.020117610646858557,
        0.021234508094142342,
        0.021369074051646415,
        0.09241989961379571,
        0.0939539515293421,
        0.09398086472084292,
        0.10759893962025487,
        0.19059922220876563,
        0.19090872391102498,
        0.19439398221038043,
        0.19446126518913245,
        0.1945150915721341,
        0.20058401625556765,
        0.20077240859607337,
        0.2042576668954288,
        0.2052399983852085,
        0.20545530391721503,
        0.2749586209680675,
        0.2755237979895846,
        0.28097371926849946,
        0.28101408905575065,
        0.2812159379920068,
        0.2839072571420882,
        0.2839476269293394,
        0.2843513248018516,
        0.3817905346305492,
        0.38215386271581014,
        0.38483172527014115,
        0.38500666101489645,
        0.40096618357487923,
        0.40441107208698346,
        0.4050973584702542,
        0.5532813908737367,
        0.5717842100305465,
        0.5747984874786377,
        0.5977419832330817,
        0.5977958096160834,
        0.5984955525951045,
        0.6036090589802592,
        0.6056140917470698,
        0.6058832236620779,
        0.6070135777051121,
        0.7635003296865959,
        0.7639578539421097,
        0.7743598024571744,
        0.798877719914416,
        0.7990526556591714,
        0.8019458237455088,
        0.8020131067242608,
        0.8029954382140406,
        0.8031703739587959,
        0.8275806386500343,
        0.8286302531185661,
        0.8880545799523637,
        0.9310484033749142,
        0.9331476323119777,
        0.9338877450782501,
        0.9944424259550819,
        1.0
    ],
    "ROC AUC": 0.8282534674956294
}