{
    "False Positive Rate": [
        0.0,
        0.1398896136477672,
        0.1398896136477672,
        0.1398896136477672,
        0.14099347717009533,
        0.14099347717009533,
        0.14119417962870046,
        0.141294530858003,
        0.141294530858003,
        0.14149523331660813,
        0.14159558454591067,
        0.14159558454591067,
        0.14159558454591067,
        0.14159558454591067,
        0.14169593577521325,
        0.1417962870045158,
        0.14189663823381837,
        0.14199698946312092,
        0.14209734069242347,
        0.1422980431510286,
        1.0
    ],
    "True Positive Rate": [
        0.0,
        0.8405580468360737,
        0.8409566517189836,
        0.8416542102640757,
        0.8526158445440957,
        0.853114100647733,
        0.8541106128550074,
        0.8546088689586447,
        0.8552067762830095,
        0.8571001494768311,
        0.8571998006975585,
        0.8586945690084703,
        0.8589935226706528,
        0.8599900348779272,
        0.861484803188839,
        0.8633781763826607,
        0.863876432486298,
        0.8663677130044843,
        0.8665670154459392,
        0.8671649227703039,
        1.0
    ],
    "ROC AUC": 0.861585539422858
}