{
    "False Positive Rate": [
        0.0,
        0.17300551931761163,
        0.17300551931761163,
        0.17300551931761163,
        0.1741093828399398,
        0.1741093828399398,
        0.17431008529854491,
        0.17441043652784746,
        0.17441043652784746,
        0.17441043652784746,
        0.17451078775715004,
        0.17451078775715004,
        0.17451078775715004,
        0.17451078775715004,
        0.17451078775715004,
        0.17461113898645259,
        0.17471149021575513,
        0.1748118414450577,
        0.17491219267436026,
        0.17511289513296538,
        1.0
    ],
    "True Positive Rate": [
        0.0,
        0.8401594419531639,
        0.8403587443946189,
        0.8408570004982561,
        0.851818634778276,
        0.8525161933233683,
        0.8534130543099153,
        0.8536123567513701,
        0.854210264075735,
        0.8558046836073742,
        0.8559043348281017,
        0.8571998006975585,
        0.8573991031390135,
        0.8579970104633782,
        0.8591928251121076,
        0.860587942202292,
        0.8609865470852018,
        0.8628799202790234,
        0.8629795714997509,
        0.8634778276033881,
        1.0
    ],
    "ROC AUC": 0.8430515123810267
}