{
    "False Positive Rate": [
        0.0,
        0.12242849974912193,
        0.22920220772704467,
        0.3020572002007025,
        0.3698946312092323,
        0.46201705970898144,
        1.0
    ],
    "True Positive Rate": [
        0.0,
        0.6787244643746886,
        0.9256601893373194,
        0.9864474339810663,
        0.9963129048330842,
        0.9992027902341803,
        1.0
    ],
    "ROC AUC": 0.8937910089398595
}