{
    "Precision": [
        0.50175,
        0.8626412076377087,
        0.8623122669085778,
        1.0
    ],
    "Recall": [
        1.0,
        0.8598903836571998,
        0.8525161933233683,
        0.0
    ],
    "Precision-Recall AUC": 0.8957679142231153,
    "Chance Level": 0.50175
}