{
    "Precision": [
        0.50175,
        0.8006644518272426,
        0.8530213739115138,
        0.8780419054777788,
        0.8959476572393414,
        0.9169491525423729,
        1.0
    ],
    "Recall": [
        1.0,
        0.9846537120079721,
        0.966417538614848,
        0.9312406576980568,
        0.8460388639760837,
        0.5930244145490782,
        0.0
    ],
    "Precision-Recall AUC": 0.9288356827231977,
    "Chance Level": 0.50175
}