{
    "Precision": [
        0.50175,
        0.7232688060283228,
        0.7767518549051937,
        0.8167616635001056,
        0.8179498085920884,
        0.8680781758957655,
        0.8955321944809461,
        0.8956406869220608,
        0.9001109877913429,
        0.9021739130434783,
        0.9018181818181819,
        0.9024390243902439,
        1.0
    ],
    "Recall": [
        1.0,
        0.5547583457897359,
        0.4694569008470354,
        0.38555057299451917,
        0.38325859491778774,
        0.15934230194319882,
        0.13582461385151967,
        0.1351270553064275,
        0.08081714000996512,
        0.024813153961136022,
        0.02471350274040857,
        0.007374190333831589,
        0.0
    ],
    "Precision-Recall AUC": 0.7375230496731406,
    "Chance Level": 0.50175
}