{
    "Precision": [
        0.50175,
        0.8556144385561444,
        0.8552273414658735,
        1.0
    ],
    "Recall": [
        1.0,
        0.8527154957648231,
        0.8453413054309915,
        0.0
    ],
    "Precision-Recall AUC": 0.890417562011092,
    "Chance Level": 0.50175
}