{
    "Precision": [
        0.50175,
        0.7796517100721682,
        0.8205363091272485,
        0.8434609732906906,
        0.8594266321336073,
        0.8722991689750692,
        0.8848006164515507,
        0.8933333333333333,
        0.9025456992261972,
        0.9025347689546882,
        0.9151719487525286,
        0.9264087468460892,
        0.926829268292683,
        1.0
    ],
    "Recall": [
        1.0,
        0.9904334828101644,
        0.9818634778276034,
        0.9723966118584952,
        0.958943697060289,
        0.941405082212257,
        0.9153961136023916,
        0.874638764324863,
        0.8019930244145491,
        0.8018933731938216,
        0.6762331838565022,
        0.4390632785251619,
        0.43168908819133034,
        0.0
    ],
    "Precision-Recall AUC": 0.9272296461362889,
    "Chance Level": 0.50175
}