{
    "Bins": [
        20.0,
        21.0,
        22.0,
        23.0,
        24.0,
        25.0,
        26.0,
        27.0,
        28.0,
        29.0,
        30.0,
        31.0,
        32.0,
        33.0,
        34.0,
        35.0,
        36.0,
        37.0,
        38.0,
        39.0,
        40.0,
        41.0,
        42.0,
        43.0,
        44.0,
        45.0,
        46.0,
        47.0,
        48.0,
        49.0,
        50.0,
        51.0,
        52.0,
        53.0,
        54.0,
        55.0,
        56.0,
        57.0,
        58.0,
        59.0,
        60.0
    ],
    "Efficiency": [
        0.9462915601023018,
        0.9629225736095965,
        0.9597754911131899,
        0.9612211221122112,
        0.9557329462989841,
        0.9469361970941251,
        0.9434782608695652,
        0.9471407976934166,
        0.9375830013280213,
        0.9439754412893323,
        0.9486251808972503,
        0.9411563462196374,
        0.943545829368855,
        0.9501201923076923,
        0.9495479731700204,
        0.94311778910652,
        0.9432569974554708,
        0.9456359102244389,
        0.9408752327746741,
        0.942504157757187,
        0.9352652488899276,
        0.9330166270783848,
        0.922873045322025,
        0.9029690847872666,
        0.868376787216148,
        0.8177570093457944,
        0.7686230248306998,
        0.7154150197628458,
        0.5574229691876751,
        0.4462809917355372,
        0.3675675675675676,
        0.23308270676691728,
        0.22641509433962265,
        0.18888888888888888,
        0.06976744186046512,
        0.06779661016949153,
        0.04411764705882353,
        0.0,
        0.03389830508474576,
        0.0
    ]
}