{
    "Bins": [
        20.0,
        21.0,
        22.0,
        23.0,
        24.0,
        25.0,
        26.0,
        27.0,
        28.0,
        29.0,
        30.0,
        31.0,
        32.0,
        33.0,
        34.0,
        35.0,
        36.0,
        37.0,
        38.0,
        39.0,
        40.0,
        41.0,
        42.0,
        43.0,
        44.0,
        45.0,
        46.0,
        47.0,
        48.0,
        49.0,
        50.0,
        51.0,
        52.0,
        53.0,
        54.0,
        55.0,
        56.0,
        57.0,
        58.0,
        59.0,
        60.0
    ],
    "Efficiency": [
        0.9705882352941176,
        0.9792802617230099,
        0.9653882132834425,
        0.9653465346534653,
        0.9600870827285921,
        0.9481996209728364,
        0.9342391304347826,
        0.9351273426237385,
        0.9176626826029216,
        0.9167306216423637,
        0.9160636758321273,
        0.9062606910708176,
        0.9153187440532826,
        0.9161658653846154,
        0.915718868474774,
        0.9144083713442447,
        0.916793893129771,
        0.9152119700748129,
        0.9117783985102421,
        0.9092421002613448,
        0.9025473241411545,
        0.8942992874109263,
        0.8788762258150014,
        0.8487909397000306,
        0.808242220353238,
        0.7650200267022697,
        0.7121896162528216,
        0.6837944664031621,
        0.5126050420168067,
        0.5,
        0.4756756756756757,
        0.3082706766917293,
        0.29245283018867924,
        0.18888888888888888,
        0.1744186046511628,
        0.1016949152542373,
        0.08823529411764706,
        0.05660377358490566,
        0.1016949152542373,
        0.08333333333333333
    ]
}