{
    "Bins": [
        20.0,
        21.0,
        22.0,
        23.0,
        24.0,
        25.0,
        26.0,
        27.0,
        28.0,
        29.0,
        30.0,
        31.0,
        32.0,
        33.0,
        34.0,
        35.0,
        36.0,
        37.0,
        38.0,
        39.0,
        40.0,
        41.0,
        42.0,
        43.0,
        44.0,
        45.0,
        46.0,
        47.0,
        48.0,
        49.0,
        50.0,
        51.0,
        52.0,
        53.0,
        54.0,
        55.0,
        56.0,
        57.0,
        58.0,
        59.0,
        60.0
    ],
    "Efficiency": [
        0.979539641943734,
        0.9869138495092693,
        0.9775491113189897,
        0.976897689768977,
        0.9738751814223512,
        0.9734680985470625,
        0.9597826086956521,
        0.9654012493993273,
        0.9486498450641877,
        0.9512663085188028,
        0.9536903039073806,
        0.9408142319534725,
        0.9457659372026641,
        0.94921875,
        0.9504228638086906,
        0.9425811644754494,
        0.9460559796437659,
        0.9428927680798005,
        0.9324953445065177,
        0.9365645046329294,
        0.9282542650151905,
        0.9273159144893112,
        0.9165120593692022,
        0.8904193449647995,
        0.8566021867115223,
        0.8204272363150867,
        0.7742663656884876,
        0.733201581027668,
        0.5938375350140056,
        0.5330578512396694,
        0.4648648648648649,
        0.39097744360902253,
        0.29245283018867924,
        0.2222222222222222,
        0.20930232558139536,
        0.15254237288135594,
        0.1323529411764706,
        0.03773584905660377,
        0.05084745762711865,
        0.027777777777777776
    ]
}