{
    "Bins": [
        20.0,
        21.0,
        22.0,
        23.0,
        24.0,
        25.0,
        26.0,
        27.0,
        28.0,
        29.0,
        30.0,
        31.0,
        32.0,
        33.0,
        34.0,
        35.0,
        36.0,
        37.0,
        38.0,
        39.0,
        40.0,
        41.0,
        42.0,
        43.0,
        44.0,
        45.0,
        46.0,
        47.0,
        48.0,
        49.0,
        50.0,
        51.0,
        52.0,
        53.0,
        54.0,
        55.0,
        56.0,
        57.0,
        58.0,
        59.0,
        60.0
    ],
    "Efficiency": [
        0.9386189258312021,
        0.945474372955289,
        0.9335827876520112,
        0.9240924092409241,
        0.9034833091436865,
        0.8711307643714467,
        0.8418478260869565,
        0.841902931283037,
        0.8282425852146967,
        0.8257866462010744,
        0.8205499276410999,
        0.8262059527882313,
        0.8163653663177926,
        0.8353365384615384,
        0.8445610965296004,
        0.8390126106788302,
        0.838676844783715,
        0.8386533665835412,
        0.8324022346368715,
        0.8310762651461154,
        0.8230895068941342,
        0.8353919239904988,
        0.8115557911476279,
        0.8001224364860728,
        0.7628259041211102,
        0.7296395193591455,
        0.718961625282167,
        0.6897233201581028,
        0.5546218487394958,
        0.5247933884297521,
        0.44324324324324327,
        0.37593984962406013,
        0.3584905660377358,
        0.2777777777777778,
        0.37209302325581395,
        0.2542372881355932,
        0.23529411764705882,
        0.22641509433962265,
        0.22033898305084745,
        0.2222222222222222
    ]
}