{
    "Bins": [
        20.0,
        21.0,
        22.0,
        23.0,
        24.0,
        25.0,
        26.0,
        27.0,
        28.0,
        29.0,
        30.0,
        31.0,
        32.0,
        33.0,
        34.0,
        35.0,
        36.0,
        37.0,
        38.0,
        39.0,
        40.0,
        41.0,
        42.0,
        43.0,
        44.0,
        45.0,
        46.0,
        47.0,
        48.0,
        49.0,
        50.0,
        51.0,
        52.0,
        53.0,
        54.0,
        55.0,
        56.0,
        57.0,
        58.0,
        59.0,
        60.0
    ],
    "Efficiency": [
        0.969309462915601,
        0.9825517993456925,
        0.9812909260991581,
        0.9834983498349835,
        0.9818577648766328,
        0.9804169298799748,
        0.9782608695652174,
        0.9812590100913022,
        0.9814077025232404,
        0.9781273983115887,
        0.9819102749638206,
        0.9750256585699624,
        0.978116079923882,
        0.9756610576923077,
        0.9746281714785652,
        0.967802522135766,
        0.9615776081424936,
        0.958354114713217,
        0.9483240223463687,
        0.94488001900689,
        0.9329282542650152,
        0.9251781472684085,
        0.9109461966604824,
        0.8846036118763392,
        0.8511354079058032,
        0.8311081441922563,
        0.8205417607223476,
        0.766798418972332,
        0.6750700280112045,
        0.6446280991735537,
        0.6216216216216216,
        0.5112781954887218,
        0.49056603773584906,
        0.34444444444444444,
        0.313953488372093,
        0.2033898305084746,
        0.19117647058823528,
        0.1320754716981132,
        0.1016949152542373,
        0.0
    ]
}