{
    "Bins": [
        20.0,
        21.0,
        22.0,
        23.0,
        24.0,
        25.0,
        26.0,
        27.0,
        28.0,
        29.0,
        30.0,
        31.0,
        32.0,
        33.0,
        34.0,
        35.0,
        36.0,
        37.0,
        38.0,
        39.0,
        40.0,
        41.0,
        42.0,
        43.0,
        44.0,
        45.0,
        46.0,
        47.0,
        48.0,
        49.0,
        50.0,
        51.0,
        52.0,
        53.0,
        54.0,
        55.0,
        56.0,
        57.0,
        58.0,
        59.0,
        60.0
    ],
    "Efficiency": [
        0.9769820971867008,
        0.990185387131952,
        0.9831618334892422,
        0.9843234323432343,
        0.978955007256894,
        0.9791535060012634,
        0.9744565217391304,
        0.9745314752522826,
        0.9592740150509075,
        0.9623944742900997,
        0.9616497829232996,
        0.9521040027369141,
        0.956232159847764,
        0.9618389423076923,
        0.9606299212598425,
        0.9568017171988195,
        0.9549618320610687,
        0.9543640897755611,
        0.9511173184357542,
        0.9491565692563554,
        0.9420425333021734,
        0.9410926365795724,
        0.9321494831698913,
        0.9093970003060912,
        0.87973086627418,
        0.8484646194926568,
        0.8239277652370203,
        0.7628458498023716,
        0.6554621848739496,
        0.6074380165289256,
        0.5135135135135135,
        0.39849624060150374,
        0.330188679245283,
        0.2222222222222222,
        0.1744186046511628,
        0.1016949152542373,
        0.058823529411764705,
        0.0,
        0.03389830508474576,
        0.0
    ]
}