{
    "Bins": [
        20.0,
        21.0,
        22.0,
        23.0,
        24.0,
        25.0,
        26.0,
        27.0,
        28.0,
        29.0,
        30.0,
        31.0,
        32.0,
        33.0,
        34.0,
        35.0,
        36.0,
        37.0,
        38.0,
        39.0,
        40.0,
        41.0,
        42.0,
        43.0,
        44.0,
        45.0,
        46.0,
        47.0,
        48.0,
        49.0,
        50.0,
        51.0,
        52.0,
        53.0,
        54.0,
        55.0,
        56.0,
        57.0,
        58.0,
        59.0,
        60.0
    ],
    "Efficiency": [
        0.9859335038363172,
        0.9923664122137404,
        0.9925163704396632,
        0.9925742574257426,
        0.9920174165457184,
        0.9905243209096652,
        0.9858695652173913,
        0.9918308505526189,
        0.9840637450199203,
        0.9846508058326938,
        0.9855282199710564,
        0.9781046869654465,
        0.9784332381858547,
        0.9777644230769231,
        0.9757946923301254,
        0.9683391467668366,
        0.962086513994911,
        0.9603491271820449,
        0.9562383612662942,
        0.9529579472558802,
        0.944613227389577,
        0.9406175771971497,
        0.9334746885767294,
        0.9173553719008265,
        0.8923465096719932,
        0.8925233644859814,
        0.8792325056433409,
        0.8656126482213439,
        0.8151260504201681,
        0.8057851239669421,
        0.7891891891891892,
        0.6842105263157895,
        0.7169811320754716,
        0.7444444444444445,
        0.6395348837209303,
        0.5932203389830508,
        0.4411764705882353,
        0.3584905660377358,
        0.3898305084745763,
        0.2777777777777778
    ]
}