{
    "Bins": [
        20.0,
        21.0,
        22.0,
        23.0,
        24.0,
        25.0,
        26.0,
        27.0,
        28.0,
        29.0,
        30.0,
        31.0,
        32.0,
        33.0,
        34.0,
        35.0,
        36.0,
        37.0,
        38.0,
        39.0,
        40.0,
        41.0,
        42.0,
        43.0,
        44.0,
        45.0,
        46.0,
        47.0,
        48.0,
        49.0,
        50.0,
        51.0,
        52.0,
        53.0,
        54.0,
        55.0,
        56.0,
        57.0,
        58.0,
        59.0,
        60.0
    ],
    "Efficiency": [
        0.9092071611253197,
        0.9247546346782988,
        0.9260991580916744,
        0.9414191419141914,
        0.9433962264150944,
        0.948831332912192,
        0.9603260869565218,
        0.9577126381547333,
        0.963700752545374,
        0.9597083653108212,
        0.9706946454413893,
        0.9664728019158398,
        0.9765302886140184,
        0.9768629807692307,
        0.9778361038203558,
        0.9785350147571773,
        0.9821882951653944,
        0.9855361596009975,
        0.9825418994413407,
        0.9852696602518413,
        0.9876139284879645,
        0.9885985748218528,
        0.9896633978266631,
        0.9905111723293542,
        0.9903280067283431,
        0.992656875834446,
        0.9909706546275395,
        0.9940711462450593,
        0.9943977591036415,
        0.987603305785124,
        0.9783783783783784,
        0.9924812030075187,
        0.9811320754716981,
        0.9888888888888889,
        0.9883720930232558,
        1.0,
        1.0,
        1.0,
        0.9830508474576272,
        1.0
    ]
}