{
    "Bins": [
        20.0,
        21.0,
        22.0,
        23.0,
        24.0,
        25.0,
        26.0,
        27.0,
        28.0,
        29.0,
        30.0,
        31.0,
        32.0,
        33.0,
        34.0,
        35.0,
        36.0,
        37.0,
        38.0,
        39.0,
        40.0,
        41.0,
        42.0,
        43.0,
        44.0,
        45.0,
        46.0,
        47.0,
        48.0,
        49.0,
        50.0,
        51.0,
        52.0,
        53.0,
        54.0,
        55.0,
        56.0,
        57.0,
        58.0,
        59.0,
        60.0
    ],
    "Efficiency": [
        0.0741687979539642,
        0.0697928026172301,
        0.07577174929840973,
        0.05198019801980198,
        0.054426705370101594,
        0.06127605811749842,
        0.06304347826086956,
        0.048053820278712155,
        0.054891544931385566,
        0.05103607060629317,
        0.05318379160636758,
        0.04447485460143688,
        0.037107516650808754,
        0.042367788461538464,
        0.043452901720618255,
        0.03729541185940435,
        0.03918575063613232,
        0.03516209476309227,
        0.034916201117318434,
        0.03397481587075315,
        0.03528861883617668,
        0.030878859857482184,
        0.029154518950437316,
        0.029078665442301806,
        0.022708158116063918,
        0.019359145527369826,
        0.012415349887133182,
        0.025691699604743084,
        0.03361344537815126,
        0.028925619834710745,
        0.016216216216216217,
        0.0,
        0.009433962264150943,
        0.03333333333333333,
        0.011627906976744186,
        0.01694915254237288,
        0.014705882352941176,
        0.03773584905660377,
        0.06779661016949153,
        0.027777777777777776
    ]
}