{
    "Bins": [
        20.0,
        21.0,
        22.0,
        23.0,
        24.0,
        25.0,
        26.0,
        27.0,
        28.0,
        29.0,
        30.0,
        31.0,
        32.0,
        33.0,
        34.0,
        35.0,
        36.0,
        37.0,
        38.0,
        39.0,
        40.0,
        41.0,
        42.0,
        43.0,
        44.0,
        45.0,
        46.0,
        47.0,
        48.0,
        49.0,
        50.0,
        51.0,
        52.0,
        53.0,
        54.0,
        55.0,
        56.0,
        57.0,
        58.0,
        59.0,
        60.0
    ],
    "Efficiency": [
        0.9168797953964194,
        0.9280261723009815,
        0.930776426566885,
        0.9521452145214522,
        0.9484760522496372,
        0.9494630448515476,
        0.9554347826086956,
        0.9548294089380106,
        0.9628154050464808,
        0.9581734458940906,
        0.9634587554269175,
        0.9606568593910366,
        0.9686013320647003,
        0.9669471153846154,
        0.963254593175853,
        0.9664609605580896,
        0.9681933842239185,
        0.9670822942643391,
        0.9618249534450651,
        0.9665003563791874,
        0.966347277401262,
        0.9657957244655582,
        0.9639544129340047,
        0.9577594123048668,
        0.9596299411269975,
        0.9599465954606141,
        0.9683972911963883,
        0.9525691699604744,
        0.9523809523809523,
        0.9421487603305785,
        0.9405405405405406,
        0.9323308270676691,
        0.9150943396226415,
        0.9222222222222223,
        0.8837209302325582,
        0.9491525423728814,
        0.8823529411764706,
        0.7924528301886793,
        0.711864406779661,
        0.7222222222222222
    ]
}