{
    "Bins": [
        20.0,
        21.0,
        22.0,
        23.0,
        24.0,
        25.0,
        26.0,
        27.0,
        28.0,
        29.0,
        30.0,
        31.0,
        32.0,
        33.0,
        34.0,
        35.0,
        36.0,
        37.0,
        38.0,
        39.0,
        40.0,
        41.0,
        42.0,
        43.0,
        44.0,
        45.0,
        46.0,
        47.0,
        48.0,
        49.0,
        50.0,
        51.0,
        52.0,
        53.0,
        54.0,
        55.0,
        56.0,
        57.0,
        58.0,
        59.0,
        60.0
    ],
    "Efficiency": [
        0.9782608695652174,
        0.9836423118865867,
        0.9831618334892422,
        0.9843234323432343,
        0.9862119013062409,
        0.9842072015161086,
        0.9782608695652174,
        0.9807784718885152,
        0.9774236387782205,
        0.977743668457406,
        0.981548480463097,
        0.9774204584331166,
        0.9739930225182366,
        0.9720552884615384,
        0.9690871974336541,
        0.9653877112959485,
        0.961323155216285,
        0.9558603491271821,
        0.9501862197392924,
        0.9498693276312663,
        0.9408740359897172,
        0.9406175771971497,
        0.9326795653326265,
        0.9130700948882767,
        0.9028595458368377,
        0.8958611481975968,
        0.8860045146726863,
        0.8814229249011858,
        0.8319327731092437,
        0.8181818181818182,
        0.8432432432432433,
        0.7669172932330827,
        0.7641509433962265,
        0.7666666666666667,
        0.7790697674418605,
        0.7288135593220338,
        0.6911764705882353,
        0.5849056603773585,
        0.4915254237288136,
        0.5277777777777778
    ]
}