{
    "Bins": [
        20.0,
        21.0,
        22.0,
        23.0,
        24.0,
        25.0,
        26.0,
        27.0,
        28.0,
        29.0,
        30.0,
        31.0,
        32.0,
        33.0,
        34.0,
        35.0,
        36.0,
        37.0,
        38.0,
        39.0,
        40.0,
        41.0,
        42.0,
        43.0,
        44.0,
        45.0,
        46.0,
        47.0,
        48.0,
        49.0,
        50.0,
        51.0,
        52.0,
        53.0,
        54.0,
        55.0,
        56.0,
        57.0,
        58.0,
        59.0,
        60.0
    ],
    "Efficiency": [
        0.9833759590792839,
        0.9912758996728462,
        0.9840972871842844,
        0.9867986798679867,
        0.9840348330914369,
        0.9804169298799748,
        0.975,
        0.9793368572801537,
        0.9641434262948207,
        0.965464313123561,
        0.9649059334298119,
        0.9544988026000685,
        0.9578179511576277,
        0.9639423076923077,
        0.9612131816856226,
        0.9578749664609606,
        0.9559796437659033,
        0.9556109725685785,
        0.9508845437616388,
        0.949631741506296,
        0.9394718392147698,
        0.9368171021377673,
        0.9247283328915982,
        0.9035812672176309,
        0.8717409587888982,
        0.8431241655540721,
        0.8205417607223476,
        0.7450592885375494,
        0.6274509803921569,
        0.5785123966942148,
        0.518918918918919,
        0.3684210526315789,
        0.3018867924528302,
        0.2,
        0.1744186046511628,
        0.1016949152542373,
        0.07352941176470588,
        0.018867924528301886,
        0.03389830508474576,
        0.0
    ]
}