{
    "Precision": [
        0.4999731012871034,
        0.823922500784859,
        0.8678160229551103,
        0.8922708879444176,
        0.9126175327965768,
        0.9320422743106808,
        1.0
    ],
    "Recall": [
        1.0,
        0.9883656807758007,
        0.9722121346622012,
        0.9431196115616888,
        0.8720493886938627,
        0.6369688899648953,
        0.0
    ],
    "Precision-Recall AUC": 0.9432518810051307,
    "Chance Level": 0.4999731012871034
}