{
    "Precision": [
        0.4999731012871034,
        0.8729702504868713,
        0.8724899327045215,
        1.0
    ],
    "Recall": [
        1.0,
        0.8742148515783669,
        0.8684178670863092,
        0.0
    ],
    "Precision-Recall AUC": 0.9044590011953478,
    "Chance Level": 0.4999731012871034
}