Classifier,Accuracy,TN,FP,FN,TP,Precision,Recall,F1,MSE
XGBClassifier,0.944665491017304,100034.0,7113.0,2928.0,71385.0,0.9093862264006728,0.960599087642808,0.934291379547284,0.0553345089826959
BaggingClassifier,0.9352749917337154,100388.0,6759.0,4986.0,69327.0,0.9111663118050628,0.9329054135884703,0.9219077254503022,0.0647250082662845
VotingClassifier,0.9122616554612588,101849.0,5298.0,10623.0,63690.0,0.923204035484432,0.8570505833434258,0.8888981933133754,0.0877383445387413
QuadraticDiscriminantAnalysis,0.9062768654248872,92395.0,14752.0,2255.0,72058.0,0.8300656606381753,0.969655376582832,0.8944470994209393,0.0937231345751129
GaussianNB,0.8544582828171498,82328.0,24819.0,1591.0,72722.0,0.7455531520078736,0.9785905561611024,0.8463230416516345,0.1455417171828502
ExtraTreesClassifier,0.9436900694367903,99869.0,-7278.0,-2940.0,71373.0,0.9074646221917076,0.9604376084938032,0.9331999686200676,-0.0563099305632095
HistGradientBoostingClassifier,0.9432051140747272,99830.0,-7317.0,-2989.0,71324.0,0.906956930863036,0.9597782353020332,0.9326202649162492,-0.0567948859252727
