{
    "Bins": [
        20.0,
        21.0,
        22.0,
        23.0,
        24.0,
        25.0,
        26.0,
        27.0,
        28.0,
        29.0,
        30.0,
        31.0,
        32.0,
        33.0,
        34.0,
        35.0,
        36.0,
        37.0,
        38.0,
        39.0,
        40.0,
        41.0,
        42.0,
        43.0,
        44.0,
        45.0,
        46.0,
        47.0,
        48.0,
        49.0,
        50.0,
        51.0,
        52.0,
        53.0,
        54.0,
        55.0,
        56.0,
        57.0,
        58.0,
        59.0,
        60.0
    ],
    "Efficiency": [
        0.9523809523809523,
        0.9565217391304348,
        1.0,
        0.9642857142857143,
        1.0,
        1.0,
        0.9824561403508771,
        0.9833333333333333,
        0.9821428571428571,
        0.9836065573770492,
        0.9759036144578314,
        0.9558823529411765,
        0.9558823529411765,
        0.9382716049382716,
        0.9611650485436893,
        0.8850574712643678,
        0.9090909090909091,
        0.9152542372881356,
        0.9514563106796117,
        0.905511811023622,
        0.8898305084745762,
        0.7961165048543689,
        0.8203125,
        0.9157894736842105,
        0.84375,
        0.8043478260869565,
        0.7692307692307693,
        0.8666666666666667,
        1.0,
        0.6666666666666666,
        0.75,
        0.8571428571428571,
        0.0,
        0.8333333333333334,
        1.0,
        0.0,
        1.0,
        1.0,
        0.0,
        0.5
    ]
}