{
    "Bins": [
        20.0,
        21.0,
        22.0,
        23.0,
        24.0,
        25.0,
        26.0,
        27.0,
        28.0,
        29.0,
        30.0,
        31.0,
        32.0,
        33.0,
        34.0,
        35.0,
        36.0,
        37.0,
        38.0,
        39.0,
        40.0,
        41.0,
        42.0,
        43.0,
        44.0,
        45.0,
        46.0,
        47.0,
        48.0,
        49.0,
        50.0,
        51.0,
        52.0,
        53.0,
        54.0,
        55.0,
        56.0,
        57.0,
        58.0,
        59.0,
        60.0
    ],
    "Efficiency": [
        1.0,
        1.0,
        1.0,
        1.0,
        1.0,
        1.0,
        1.0,
        1.0,
        1.0,
        1.0,
        1.0,
        1.0,
        1.0,
        1.0,
        1.0,
        1.0,
        0.98989898989899,
        1.0,
        0.9902912621359223,
        0.984251968503937,
        0.9915254237288136,
        0.9902912621359223,
        0.9921875,
        0.9894736842105263,
        1.0,
        0.9782608695652174,
        1.0,
        1.0,
        0.8,
        0.6666666666666666,
        1.0,
        0.8571428571428571,
        0.0,
        0.8333333333333334,
        1.0,
        0.0,
        1.0,
        1.0,
        1.0,
        0.5
    ]
}