{
    "Bins": [
        20.0,
        21.0,
        22.0,
        23.0,
        24.0,
        25.0,
        26.0,
        27.0,
        28.0,
        29.0,
        30.0,
        31.0,
        32.0,
        33.0,
        34.0,
        35.0,
        36.0,
        37.0,
        38.0,
        39.0,
        40.0,
        41.0,
        42.0,
        43.0,
        44.0,
        45.0,
        46.0,
        47.0,
        48.0,
        49.0,
        50.0,
        51.0,
        52.0,
        53.0,
        54.0,
        55.0,
        56.0,
        57.0,
        58.0,
        59.0,
        60.0
    ],
    "Efficiency": [
        0.9523809523809523,
        1.0,
        0.96,
        0.9285714285714286,
        0.9761904761904762,
        1.0,
        0.9649122807017544,
        1.0,
        0.9821428571428571,
        0.9836065573770492,
        0.9879518072289156,
        1.0,
        0.9705882352941176,
        0.9629629629629629,
        1.0,
        0.9770114942528736,
        0.98989898989899,
        0.9576271186440678,
        0.9902912621359223,
        0.9763779527559056,
        0.9830508474576272,
        0.9902912621359223,
        0.9453125,
        0.9789473684210527,
        0.984375,
        0.9565217391304348,
        0.9615384615384616,
        1.0,
        0.8,
        1.0,
        1.0,
        0.7142857142857143,
        0.0,
        0.8333333333333334,
        1.0,
        0.0,
        1.0,
        1.0,
        1.0,
        1.0
    ]
}