{
    "Bins": [
        20.0,
        21.0,
        22.0,
        23.0,
        24.0,
        25.0,
        26.0,
        27.0,
        28.0,
        29.0,
        30.0,
        31.0,
        32.0,
        33.0,
        34.0,
        35.0,
        36.0,
        37.0,
        38.0,
        39.0,
        40.0,
        41.0,
        42.0,
        43.0,
        44.0,
        45.0,
        46.0,
        47.0,
        48.0,
        49.0,
        50.0,
        51.0,
        52.0,
        53.0,
        54.0,
        55.0,
        56.0,
        57.0,
        58.0,
        59.0,
        60.0
    ],
    "Efficiency": [
        1.0,
        0.9565217391304348,
        1.0,
        0.9285714285714286,
        0.9761904761904762,
        1.0,
        0.9473684210526315,
        0.9833333333333333,
        0.9642857142857143,
        0.9672131147540983,
        0.963855421686747,
        0.9558823529411765,
        0.9705882352941176,
        0.9382716049382716,
        0.970873786407767,
        0.9310344827586207,
        0.9494949494949495,
        0.9322033898305084,
        0.9805825242718447,
        0.937007874015748,
        0.9491525423728814,
        0.912621359223301,
        0.921875,
        0.9263157894736842,
        0.9375,
        0.9347826086956522,
        0.9615384615384616,
        0.8666666666666667,
        1.0,
        1.0,
        1.0,
        0.8571428571428571,
        0.0,
        1.0,
        1.0,
        0.0,
        1.0,
        1.0,
        1.0,
        0.5
    ]
}