{
    "Bins": [
        20.0,
        21.0,
        22.0,
        23.0,
        24.0,
        25.0,
        26.0,
        27.0,
        28.0,
        29.0,
        30.0,
        31.0,
        32.0,
        33.0,
        34.0,
        35.0,
        36.0,
        37.0,
        38.0,
        39.0,
        40.0,
        41.0,
        42.0,
        43.0,
        44.0,
        45.0,
        46.0,
        47.0,
        48.0,
        49.0,
        50.0,
        51.0,
        52.0,
        53.0,
        54.0,
        55.0,
        56.0,
        57.0,
        58.0,
        59.0,
        60.0
    ],
    "Efficiency": [
        1.0,
        1.0,
        0.96,
        0.9642857142857143,
        1.0,
        1.0,
        0.9649122807017544,
        0.9833333333333333,
        0.9821428571428571,
        0.9672131147540983,
        0.9759036144578314,
        0.9558823529411765,
        0.9558823529411765,
        0.9506172839506173,
        0.9902912621359223,
        0.9540229885057471,
        0.9292929292929293,
        0.8898305084745762,
        0.9223300970873787,
        0.8818897637795275,
        0.8983050847457628,
        0.883495145631068,
        0.84375,
        0.8105263157894737,
        0.875,
        0.8478260869565217,
        0.9230769230769231,
        0.8666666666666667,
        1.0,
        1.0,
        0.75,
        0.5714285714285714,
        0.0,
        1.0,
        1.0,
        0.0,
        0.5,
        1.0,
        1.0,
        0.5
    ]
}