{
    "Bins": [
        20.0,
        21.0,
        22.0,
        23.0,
        24.0,
        25.0,
        26.0,
        27.0,
        28.0,
        29.0,
        30.0,
        31.0,
        32.0,
        33.0,
        34.0,
        35.0,
        36.0,
        37.0,
        38.0,
        39.0,
        40.0,
        41.0,
        42.0,
        43.0,
        44.0,
        45.0,
        46.0,
        47.0,
        48.0,
        49.0,
        50.0,
        51.0,
        52.0,
        53.0,
        54.0,
        55.0,
        56.0,
        57.0,
        58.0,
        59.0,
        60.0
    ],
    "Efficiency": [
        0.9047619047619048,
        0.9130434782608695,
        0.96,
        0.8928571428571429,
        0.9285714285714286,
        0.9454545454545454,
        0.9298245614035088,
        0.9666666666666667,
        0.9464285714285714,
        0.9672131147540983,
        0.963855421686747,
        0.9558823529411765,
        0.9411764705882353,
        0.9135802469135802,
        0.970873786407767,
        0.9425287356321839,
        0.9696969696969697,
        0.923728813559322,
        0.9902912621359223,
        0.905511811023622,
        0.923728813559322,
        0.9320388349514563,
        0.859375,
        0.9157894736842105,
        0.921875,
        0.8043478260869565,
        0.9230769230769231,
        0.9333333333333333,
        1.0,
        1.0,
        0.75,
        0.5714285714285714,
        0.0,
        0.5,
        1.0,
        0.0,
        1.0,
        1.0,
        1.0,
        1.0
    ]
}