{
    "Bins": [
        20.0,
        21.0,
        22.0,
        23.0,
        24.0,
        25.0,
        26.0,
        27.0,
        28.0,
        29.0,
        30.0,
        31.0,
        32.0,
        33.0,
        34.0,
        35.0,
        36.0,
        37.0,
        38.0,
        39.0,
        40.0,
        41.0,
        42.0,
        43.0,
        44.0,
        45.0,
        46.0,
        47.0,
        48.0,
        49.0,
        50.0,
        51.0,
        52.0,
        53.0,
        54.0,
        55.0,
        56.0,
        57.0,
        58.0,
        59.0,
        60.0
    ],
    "Efficiency": [
        0.9523809523809523,
        0.9565217391304348,
        0.96,
        0.9642857142857143,
        0.9761904761904762,
        0.9454545454545454,
        0.9122807017543859,
        0.9,
        0.8571428571428571,
        0.9180327868852459,
        0.9036144578313253,
        0.9117647058823529,
        0.9411764705882353,
        0.9259259259259259,
        0.941747572815534,
        0.9540229885057471,
        0.9797979797979798,
        0.9491525423728814,
        0.9902912621359223,
        0.9763779527559056,
        0.9322033898305084,
        0.9805825242718447,
        0.9609375,
        0.9578947368421052,
        0.96875,
        0.9782608695652174,
        0.9230769230769231,
        1.0,
        1.0,
        0.3333333333333333,
        1.0,
        0.8571428571428571,
        0.0,
        0.8333333333333334,
        1.0,
        0.0,
        0.0,
        0.0,
        1.0,
        0.5
    ]
}