{
    "Bins": [
        20.0,
        21.0,
        22.0,
        23.0,
        24.0,
        25.0,
        26.0,
        27.0,
        28.0,
        29.0,
        30.0,
        31.0,
        32.0,
        33.0,
        34.0,
        35.0,
        36.0,
        37.0,
        38.0,
        39.0,
        40.0,
        41.0,
        42.0,
        43.0,
        44.0,
        45.0,
        46.0,
        47.0,
        48.0,
        49.0,
        50.0,
        51.0,
        52.0,
        53.0,
        54.0,
        55.0,
        56.0,
        57.0,
        58.0,
        59.0,
        60.0
    ],
    "Efficiency": [
        0.9047619047619048,
        0.8695652173913043,
        0.88,
        0.8571428571428571,
        0.8333333333333334,
        0.8909090909090909,
        0.8070175438596491,
        0.9166666666666666,
        0.9464285714285714,
        0.8688524590163934,
        0.9156626506024096,
        0.8823529411764706,
        0.8235294117647058,
        0.8518518518518519,
        0.8932038834951457,
        0.896551724137931,
        0.9393939393939394,
        0.864406779661017,
        0.8543689320388349,
        0.8503937007874016,
        0.9067796610169492,
        0.9029126213592233,
        0.84375,
        0.8210526315789474,
        0.875,
        0.8913043478260869,
        0.8846153846153846,
        0.9333333333333333,
        0.8,
        0.6666666666666666,
        1.0,
        0.7142857142857143,
        0.0,
        0.6666666666666666,
        0.5,
        0.0,
        1.0,
        1.0,
        1.0,
        1.0
    ]
}