{
    "Bins": [
        20.0,
        21.0,
        22.0,
        23.0,
        24.0,
        25.0,
        26.0,
        27.0,
        28.0,
        29.0,
        30.0,
        31.0,
        32.0,
        33.0,
        34.0,
        35.0,
        36.0,
        37.0,
        38.0,
        39.0,
        40.0,
        41.0,
        42.0,
        43.0,
        44.0,
        45.0,
        46.0,
        47.0,
        48.0,
        49.0,
        50.0,
        51.0,
        52.0,
        53.0,
        54.0,
        55.0,
        56.0,
        57.0,
        58.0,
        59.0,
        60.0
    ],
    "Efficiency": [
        0.9523809523809523,
        0.9130434782608695,
        1.0,
        0.9642857142857143,
        0.9761904761904762,
        1.0,
        0.9473684210526315,
        0.95,
        0.9464285714285714,
        0.9836065573770492,
        0.9518072289156626,
        0.9852941176470589,
        0.9558823529411765,
        0.9506172839506173,
        0.9611650485436893,
        0.9195402298850575,
        0.9393939393939394,
        0.9152542372881356,
        0.941747572815534,
        0.9133858267716536,
        0.9745762711864406,
        0.9029126213592233,
        0.890625,
        0.9368421052631579,
        0.875,
        0.9130434782608695,
        0.8461538461538461,
        0.9333333333333333,
        1.0,
        0.6666666666666666,
        0.875,
        0.5714285714285714,
        0.0,
        0.6666666666666666,
        0.5,
        0.0,
        1.0,
        1.0,
        1.0,
        1.0
    ]
}