{
    "Bins": [
        20.0,
        21.0,
        22.0,
        23.0,
        24.0,
        25.0,
        26.0,
        27.0,
        28.0,
        29.0,
        30.0,
        31.0,
        32.0,
        33.0,
        34.0,
        35.0,
        36.0,
        37.0,
        38.0,
        39.0,
        40.0,
        41.0,
        42.0,
        43.0,
        44.0,
        45.0,
        46.0,
        47.0,
        48.0,
        49.0,
        50.0,
        51.0,
        52.0,
        53.0,
        54.0,
        55.0,
        56.0,
        57.0,
        58.0,
        59.0,
        60.0
    ],
    "Efficiency": [
        0.9523809523809523,
        0.9130434782608695,
        0.96,
        0.8928571428571429,
        0.9761904761904762,
        0.9818181818181818,
        0.9298245614035088,
        0.9666666666666667,
        0.9285714285714286,
        0.9508196721311475,
        0.9518072289156626,
        0.9558823529411765,
        0.9705882352941176,
        0.9382716049382716,
        0.9514563106796117,
        0.9310344827586207,
        0.9393939393939394,
        0.923728813559322,
        0.970873786407767,
        0.937007874015748,
        0.9322033898305084,
        0.9223300970873787,
        0.90625,
        0.9157894736842105,
        0.96875,
        0.9565217391304348,
        0.8846153846153846,
        0.9333333333333333,
        1.0,
        1.0,
        1.0,
        0.7142857142857143,
        0.0,
        1.0,
        1.0,
        0.0,
        1.0,
        1.0,
        1.0,
        0.5
    ]
}