{
    "Bins": [
        20.0,
        21.0,
        22.0,
        23.0,
        24.0,
        25.0,
        26.0,
        27.0,
        28.0,
        29.0,
        30.0,
        31.0,
        32.0,
        33.0,
        34.0,
        35.0,
        36.0,
        37.0,
        38.0,
        39.0,
        40.0,
        41.0,
        42.0,
        43.0,
        44.0,
        45.0,
        46.0,
        47.0,
        48.0,
        49.0,
        50.0,
        51.0,
        52.0,
        53.0,
        54.0,
        55.0,
        56.0,
        57.0,
        58.0,
        59.0,
        60.0
    ],
    "Efficiency": [
        0.9523809523809523,
        0.9565217391304348,
        1.0,
        0.9642857142857143,
        1.0,
        1.0,
        0.9824561403508771,
        0.9833333333333333,
        0.9821428571428571,
        0.9836065573770492,
        0.9879518072289156,
        1.0,
        0.9852941176470589,
        0.9629629629629629,
        1.0,
        0.9425287356321839,
        0.9595959595959596,
        0.9576271186440678,
        1.0,
        0.937007874015748,
        0.9576271186440678,
        0.9514563106796117,
        0.9453125,
        0.9473684210526315,
        0.953125,
        0.9782608695652174,
        0.9230769230769231,
        0.9333333333333333,
        1.0,
        1.0,
        1.0,
        0.8571428571428571,
        0.0,
        1.0,
        1.0,
        0.0,
        1.0,
        1.0,
        1.0,
        1.0
    ]
}