{
    "Bins": [
        20.0,
        21.0,
        22.0,
        23.0,
        24.0,
        25.0,
        26.0,
        27.0,
        28.0,
        29.0,
        30.0,
        31.0,
        32.0,
        33.0,
        34.0,
        35.0,
        36.0,
        37.0,
        38.0,
        39.0,
        40.0,
        41.0,
        42.0,
        43.0,
        44.0,
        45.0,
        46.0,
        47.0,
        48.0,
        49.0,
        50.0,
        51.0,
        52.0,
        53.0,
        54.0,
        55.0,
        56.0,
        57.0,
        58.0,
        59.0,
        60.0
    ],
    "Efficiency": [
        0.8095238095238095,
        0.8695652173913043,
        0.96,
        0.9285714285714286,
        0.8571428571428571,
        0.8727272727272727,
        0.8421052631578947,
        0.9,
        0.9464285714285714,
        0.8688524590163934,
        0.8674698795180723,
        0.8823529411764706,
        0.8823529411764706,
        0.8765432098765432,
        0.9320388349514563,
        0.8620689655172413,
        0.8686868686868687,
        0.8728813559322034,
        0.9320388349514563,
        0.889763779527559,
        0.8559322033898306,
        0.8543689320388349,
        0.8203125,
        0.8421052631578947,
        0.796875,
        0.782608695652174,
        0.9615384615384616,
        0.6666666666666666,
        1.0,
        0.6666666666666666,
        0.75,
        0.42857142857142855,
        0.0,
        0.6666666666666666,
        1.0,
        0.0,
        1.0,
        1.0,
        1.0,
        0.0
    ]
}