{
    "Bins": [
        20.0,
        21.0,
        22.0,
        23.0,
        24.0,
        25.0,
        26.0,
        27.0,
        28.0,
        29.0,
        30.0,
        31.0,
        32.0,
        33.0,
        34.0,
        35.0,
        36.0,
        37.0,
        38.0,
        39.0,
        40.0,
        41.0,
        42.0,
        43.0,
        44.0,
        45.0,
        46.0,
        47.0,
        48.0,
        49.0,
        50.0,
        51.0,
        52.0,
        53.0,
        54.0,
        55.0,
        56.0,
        57.0,
        58.0,
        59.0,
        60.0
    ],
    "Efficiency": [
        0.8095238095238095,
        0.6086956521739131,
        0.72,
        0.7142857142857143,
        0.7142857142857143,
        0.6363636363636364,
        0.5614035087719298,
        0.65,
        0.5892857142857143,
        0.6229508196721312,
        0.4457831325301205,
        0.4852941176470588,
        0.4852941176470588,
        0.4444444444444444,
        0.4854368932038835,
        0.3218390804597701,
        0.41414141414141414,
        0.4406779661016949,
        0.3106796116504854,
        0.33858267716535434,
        0.3050847457627119,
        0.3300970873786408,
        0.3515625,
        0.30526315789473685,
        0.265625,
        0.3695652173913043,
        0.2692307692307692,
        0.3333333333333333,
        0.6,
        0.0,
        0.5,
        0.0,
        0.0,
        0.3333333333333333,
        0.5,
        0.0,
        0.0,
        0.0,
        0.0,
        1.0
    ]
}