{
    "Bins": [
        20.0,
        21.0,
        22.0,
        23.0,
        24.0,
        25.0,
        26.0,
        27.0,
        28.0,
        29.0,
        30.0,
        31.0,
        32.0,
        33.0,
        34.0,
        35.0,
        36.0,
        37.0,
        38.0,
        39.0,
        40.0,
        41.0,
        42.0,
        43.0,
        44.0,
        45.0,
        46.0,
        47.0,
        48.0,
        49.0,
        50.0,
        51.0,
        52.0,
        53.0,
        54.0,
        55.0,
        56.0,
        57.0,
        58.0,
        59.0,
        60.0
    ],
    "Efficiency": [
        0.8571428571428571,
        0.9565217391304348,
        1.0,
        0.9642857142857143,
        0.9523809523809523,
        0.9818181818181818,
        0.9473684210526315,
        0.9833333333333333,
        0.9464285714285714,
        0.9508196721311475,
        0.9879518072289156,
        0.9852941176470589,
        0.9852941176470589,
        0.9382716049382716,
        0.9611650485436893,
        0.9195402298850575,
        0.9494949494949495,
        0.9067796610169492,
        0.9902912621359223,
        0.9133858267716536,
        0.9661016949152542,
        0.9320388349514563,
        0.9296875,
        0.9263157894736842,
        0.9375,
        0.9130434782608695,
        0.9230769230769231,
        0.9333333333333333,
        0.8,
        1.0,
        0.75,
        0.5714285714285714,
        0.0,
        0.5,
        0.5,
        0.0,
        1.0,
        1.0,
        1.0,
        1.0
    ]
}