{
    "False Positive Rate": [
        0.0,
        0.027258960121150935,
        0.027258960121150935,
        0.027763755678950026,
        0.028268551236749116,
        0.028268551236749116,
        0.028268551236749116,
        0.028773346794548207,
        0.04442200908632004,
        0.044926804644119134,
        0.044926804644119134,
        0.06511862695608278,
        0.06511862695608278,
        0.08076728924785462,
        0.08076728924785462,
        0.08076728924785462,
        0.10853104492680464,
        0.10853104492680464,
        0.10903584048460374,
        0.1398283695103483,
        0.1398283695103483,
        0.17718324078748107,
        0.23220595658758203,
        0.29883897021706207,
        0.41898031297324584,
        1.0
    ],
    "True Positive Rate": [
        0.0,
        0.4447746409113422,
        0.4457652303120357,
        0.4462605250123824,
        0.4462605250123824,
        0.4497275879148093,
        0.45071817731550273,
        0.4596334819217434,
        0.6483407627538386,
        0.6483407627538386,
        0.6508172362555721,
        0.7771173848439822,
        0.7781079742446756,
        0.8439821693907875,
        0.8444774640911342,
        0.8454680534918276,
        0.8920257553244181,
        0.8930163447251115,
        0.8930163447251115,
        0.9336305101535414,
        0.9341258048538881,
        0.9658246656760773,
        0.9772164437840515,
        0.9871223377909857,
        0.9960376423972264,
        1.0
    ],
    "ROC AUC": 0.9489258905616231
}