{
    "False Positive Rate": [
        0.0,
        0.12165572942958101,
        0.23069156991418477,
        0.3432609793033821,
        0.425542655224634,
        0.5239777889954569,
        1.0
    ],
    "True Positive Rate": [
        0.0,
        0.6661713719663199,
        0.9172857850421,
        0.979692917285785,
        0.9940564635958395,
        0.9970282317979198,
        1.0
    ],
    "ROC AUC": 0.8881324039494565
}