{
    "False Positive Rate": [
        0.0,
        0.18273599192327108,
        0.18324078748107017,
        0.18324078748107017,
        0.18374558303886926,
        1.0
    ],
    "True Positive Rate": [
        0.0,
        0.846458642892521,
        0.8553739474987617,
        0.8558692421991084,
        0.8563645368994551,
        1.0
    ],
    "ROC AUC": 0.8358338090012625
}