{
    "False Positive Rate": [
        0.0,
        0.14235234729934376,
        0.14285714285714285,
        0.14285714285714285,
        0.14285714285714285,
        1.0
    ],
    "True Positive Rate": [
        0.0,
        0.8385339276869738,
        0.8479445269935612,
        0.8484398216939079,
        0.8504210004952947,
        1.0
    ],
    "ROC AUC": 0.8531468715051534
}