{
    "Precision": [
        0.40952827069326575,
        0.8938156517957847,
        1.0
    ],
    "Recall": [
        1.0,
        0.8851075854830245,
        0.0
    ],
    "Precision-Recall AUC": 0.91298746455586,
    "Chance Level": 0.40952827069326575
}