{
    "Precision": [
        0.40952827069326575,
        0.8840103786588827,
        1.0
    ],
    "Recall": [
        1.0,
        0.880263211012878,
        0.0
    ],
    "Precision-Recall AUC": 0.9066545949020105,
    "Chance Level": 0.40952827069326575
}