{
    "Precision": [
        0.40952827069326575,
        0.7509772171742696,
        0.8144511262633812,
        0.8465891189555004,
        0.8714127870516917,
        0.8954348941159229,
        1.0
    ],
    "Recall": [
        1.0,
        0.9798285629701398,
        0.953157590192833,
        0.9039602761293448,
        0.785353841185257,
        0.4933188002099229,
        0.0
    ],
    "Precision-Recall AUC": 0.9008402314135062,
    "Chance Level": 0.40952827069326575
}