{
    "Precision": [
        0.40952827069326575,
        0.8118646672667794,
        0.8474183545252285,
        0.869076104424842,
        0.8853041326768085,
        0.8990669309730938,
        0.9121297195182746,
        0.9237919240953222,
        0.9353302886481001,
        0.9472663688930438,
        0.9584823902856855,
        1.0
    ],
    "Recall": [
        1.0,
        0.9951959953171047,
        0.9892078102081735,
        0.9823987727584675,
        0.9726158276479216,
        0.9582038135992357,
        0.9356101893343022,
        0.9014035229367675,
        0.8433113990822602,
        0.7362910930792728,
        0.5119696419199871,
        0.0
    ],
    "Precision-Recall AUC": 0.956876635997183,
    "Chance Level": 0.40952827069326575
}