{
    "False Positive Rate": [
        0.0,
        0.03542398394380331,
        0.036226793778223784,
        0.05860511791269443,
        0.07747114902157551,
        0.09202207727044656,
        0.10597089814350226,
        0.10597089814350226,
        0.12313095835423984,
        0.1400903161063723,
        0.16176618163572504,
        0.19668840943301555,
        0.2595082789764175,
        1.0
    ],
    "True Positive Rate": [
        0.0,
        0.5215744892874937,
        0.5289486796213254,
        0.723168908819133,
        0.8276033881415047,
        0.8871948181365221,
        0.9208769307424016,
        0.920976581963129,
        0.9441953163926258,
        0.9599402092675635,
        0.971898355754858,
        0.9813652217239661,
        0.9896362730443448,
        1.0
    ],
    "ROC AUC": 0.9491412069797855
}