{
    "False Positive Rate": [
        0.0,
        0.00040140491721023583,
        0.0005017561465127947,
        0.0013045659809332664,
        0.0014049172102358254,
        0.0017059708981435023,
        0.0018063221274460613,
        0.0018063221274460613,
        0.0018063221274460613,
        0.007626693426994481,
        0.009232313095835424,
        0.010837932764676367,
        0.01726041144004014,
        0.017561465127947817,
        0.01806322127446061,
        0.01816357250376317,
        0.01816357250376317,
        0.018564977420973405,
        0.018564977420973405,
        0.02037129954841947,
        0.020471650777722027,
        0.020873055694932263,
        0.027395885599598595,
        0.02789764174611139,
        0.03161063723030607,
        0.03171098845960863,
        0.03171098845960863,
        0.03261414952333166,
        0.03281485198193678,
        0.03321625689914701,
        0.06071249372804817,
        0.060913196186653286,
        0.06803813346713497,
        0.07355745107877572,
        0.07516307074761666,
        0.07646763672854992,
        0.11359759157049674,
        0.11680883090817863,
        0.11811339688911189,
        0.1288509784244857,
        0.12925238334169595,
        0.12955343702960362,
        0.1435022579026593,
        0.14500752634219768,
        0.1462117410938284,
        0.14851981936778724,
        0.14902157551430004,
        0.21234320120421477,
        0.24696437531359758,
        0.26492724535875567,
        0.26542900150526844,
        0.27145007526342196,
        0.2716507777220271,
        0.2738585047666834,
        0.2747616658304064,
        0.34781736076266934,
        0.3578524836929252,
        0.4278976417461114,
        0.5643753135975915,
        0.5987957852483693,
        0.6047165077772203,
        0.9030607124937281,
        1.0
    ],
    "True Positive Rate": [
        0.0,
        0.01046337817638266,
        0.01046337817638266,
        0.01783756851021425,
        0.02082710513203787,
        0.0216243148978575,
        0.02172396611858495,
        0.023218734429496762,
        0.023318385650224215,
        0.09357249626307922,
        0.0955655206776283,
        0.10852017937219731,
        0.18844045839561535,
        0.18883906327852515,
        0.19312406576980568,
        0.19322371699053315,
        0.1933233682112606,
        0.19850523168908818,
        0.19860488290981565,
        0.20139511709018434,
        0.20199302441454908,
        0.202192326856004,
        0.27703039362232185,
        0.27752864972595914,
        0.28340807174887894,
        0.28350772296960636,
        0.2836073741903338,
        0.28550074738415543,
        0.28639760837070255,
        0.2867962132536124,
        0.3864474339810663,
        0.3865470852017937,
        0.3895366218236173,
        0.4064773293472845,
        0.40707523667164924,
        0.41006477329347285,
        0.5550572994519183,
        0.576083707025411,
        0.5791728948679621,
        0.6013951170901843,
        0.6013951170901843,
        0.6018933731938216,
        0.6065769805680119,
        0.6088689586447434,
        0.6089686098654709,
        0.6100647732934729,
        0.610762331838565,
        0.7654210264075735,
        0.7754857997010464,
        0.8042850024912805,
        0.8042850024912805,
        0.8068759342301943,
        0.8070752366716493,
        0.807673143996014,
        0.8079720976581963,
        0.8330842052815147,
        0.8341803687095167,
        0.8906826108619831,
        0.9350274040857001,
        0.9373193821624315,
        0.9382162431489786,
        0.9943198804185351,
        1.0
    ],
    "ROC AUC": 0.8284528935479459
}