{
    "False Positive Rate": [
        0.0,
        0.04897139989964877,
        0.08580030105368791,
        0.12012042147516307,
        0.15604616156547918,
        0.21776216758655292,
        1.0
    ],
    "True Positive Rate": [
        0.0,
        0.6383657199800697,
        0.8752366716492277,
        0.9475834578973592,
        0.977179870453413,
        0.9902341803687095,
        1.0
    ],
    "ROC AUC": 0.9484856689494446
}