{
    "False Positive Rate": [
        0.0,
        0.12032112393376819,
        0.12112393376818865,
        1.0
    ],
    "True Positive Rate": [
        0.0,
        0.863876432486298,
        0.8712506228201295,
        1.0
    ],
    "ROC AUC": 0.8749664733392983
}