{
    "False Positive Rate": [
        0.0,
        0.1320622177621676,
        0.13286502759658805,
        1.0
    ],
    "True Positive Rate": [
        0.0,
        0.8661684105630294,
        0.8736422521175884,
        1.0
    ],
    "ROC AUC": 0.8702427904741833
}