{
    "Bins": [
        20.0,
        21.0,
        22.0,
        23.0,
        24.0,
        25.0,
        26.0,
        27.0,
        28.0,
        29.0,
        30.0,
        31.0,
        32.0,
        33.0,
        34.0,
        35.0,
        36.0,
        37.0,
        38.0,
        39.0,
        40.0,
        41.0,
        42.0,
        43.0,
        44.0,
        45.0,
        46.0,
        47.0,
        48.0,
        49.0,
        50.0,
        51.0,
        52.0,
        53.0,
        54.0,
        55.0,
        56.0,
        57.0,
        58.0,
        59.0,
        60.0
    ],
    "Efficiency": [
        0.9910485933503836,
        0.9934569247546347,
        0.9869036482694107,
        0.9793729372937293,
        0.969521044992743,
        0.9614655716993051,
        0.9521739130434783,
        0.944738106679481,
        0.9455511288180611,
        0.9458940905602455,
        0.951519536903039,
        0.9538145740677386,
        0.9638439581351094,
        0.9642427884615384,
        0.9708369787109945,
        0.9704856452911189,
        0.9732824427480916,
        0.9773067331670823,
        0.9767225325884544,
        0.979567593252554,
        0.9784996494508063,
        0.9805225653206651,
        0.9777365491651205,
        0.9745944291398837,
        0.9693019343986543,
        0.9632843791722296,
        0.9650112866817155,
        0.9466403162055336,
        0.9019607843137255,
        0.8801652892561983,
        0.8810810810810811,
        0.7744360902255639,
        0.7264150943396226,
        0.6777777777777778,
        0.6395348837209303,
        0.6779661016949152,
        0.5294117647058824,
        0.4716981132075472,
        0.4915254237288136,
        0.4444444444444444
    ]
}