{
    "Bins": [
        20.0,
        21.0,
        22.0,
        23.0,
        24.0,
        25.0,
        26.0,
        27.0,
        28.0,
        29.0,
        30.0,
        31.0,
        32.0,
        33.0,
        34.0,
        35.0,
        36.0,
        37.0,
        38.0,
        39.0,
        40.0,
        41.0,
        42.0,
        43.0,
        44.0,
        45.0,
        46.0,
        47.0,
        48.0,
        49.0,
        50.0,
        51.0,
        52.0,
        53.0,
        54.0,
        55.0,
        56.0,
        57.0,
        58.0,
        59.0,
        60.0
    ],
    "Efficiency": [
        0.8964194373401535,
        0.8920392584514721,
        0.90177736202058,
        0.8894389438943895,
        0.9121915820029027,
        0.903348073278585,
        0.9010869565217391,
        0.8938010571840461,
        0.8853474988933157,
        0.8844973138910207,
        0.888205499276411,
        0.8898392062949025,
        0.8889946083095465,
        0.8903245192307693,
        0.8885972586759988,
        0.878722833378052,
        0.8847328244274809,
        0.8917705735660848,
        0.8770949720670391,
        0.879543834640057,
        0.8833839682168731,
        0.8755344418052257,
        0.8836469652796184,
        0.8882767064585246,
        0.8734230445752733,
        0.8731642189586115,
        0.881489841986456,
        0.8913043478260869,
        0.8823529411764706,
        0.8429752066115702,
        0.8648648648648649,
        0.8872180451127819,
        0.8584905660377359,
        0.8888888888888888,
        0.9186046511627907,
        0.864406779661017,
        0.7941176470588235,
        0.8679245283018868,
        0.847457627118644,
        0.8055555555555556
    ]
}