{
    "Bins": [
        20.0,
        21.0,
        22.0,
        23.0,
        24.0,
        25.0,
        26.0,
        27.0,
        28.0,
        29.0,
        30.0,
        31.0,
        32.0,
        33.0,
        34.0,
        35.0,
        36.0,
        37.0,
        38.0,
        39.0,
        40.0,
        41.0,
        42.0,
        43.0,
        44.0,
        45.0,
        46.0,
        47.0,
        48.0,
        49.0,
        50.0,
        51.0,
        52.0,
        53.0,
        54.0,
        55.0,
        56.0,
        57.0,
        58.0,
        59.0,
        60.0
    ],
    "Efficiency": [
        0.979539641943734,
        0.9792802617230099,
        0.9681945743685687,
        0.9504950495049505,
        0.9462989840348331,
        0.9336702463676564,
        0.9304347826086956,
        0.9264776549735704,
        0.9291722000885347,
        0.9244052187260169,
        0.9251085383502171,
        0.9243927471775573,
        0.9391056137012369,
        0.94140625,
        0.9533391659375912,
        0.9468741615240139,
        0.9447837150127226,
        0.9521197007481297,
        0.9490223463687151,
        0.9441672606319791,
        0.9404066370647347,
        0.9458432304038005,
        0.9448714550755367,
        0.9363330272421182,
        0.9255677039529016,
        0.9232309746328438,
        0.927765237020316,
        0.8893280632411067,
        0.8739495798319328,
        0.8471074380165289,
        0.8432432432432433,
        0.7894736842105263,
        0.8018867924528302,
        0.8333333333333334,
        0.8488372093023255,
        0.9322033898305084,
        0.75,
        0.7169811320754716,
        0.711864406779661,
        0.8055555555555556
    ]
}