{
    "Bins": [
        20.0,
        21.0,
        22.0,
        23.0,
        24.0,
        25.0,
        26.0,
        27.0,
        28.0,
        29.0,
        30.0,
        31.0,
        32.0,
        33.0,
        34.0,
        35.0,
        36.0,
        37.0,
        38.0,
        39.0,
        40.0,
        41.0,
        42.0,
        43.0,
        44.0,
        45.0,
        46.0,
        47.0,
        48.0,
        49.0,
        50.0,
        51.0,
        52.0,
        53.0,
        54.0,
        55.0,
        56.0,
        57.0,
        58.0,
        59.0,
        60.0
    ],
    "Efficiency": [
        0.9910485933503836,
        0.9923664122137404,
        0.9869036482694107,
        0.9793729372937293,
        0.967343976777939,
        0.9658875552747946,
        0.9543478260869566,
        0.9461797212878423,
        0.9486498450641877,
        0.9466615502686109,
        0.9518813314037626,
        0.9568936024632227,
        0.9600380589914367,
        0.9669471153846154,
        0.9693788276465442,
        0.9707539576066542,
        0.9704834605597964,
        0.9778054862842893,
        0.9771880819366853,
        0.977904490377762,
        0.9787333489132976,
        0.9812351543942993,
        0.9806520010601644,
        0.9794918885827977,
        0.9735071488645921,
        0.9626168224299065,
        0.9740406320541761,
        0.950592885375494,
        0.9243697478991597,
        0.9008264462809917,
        0.8810810810810811,
        0.7744360902255639,
        0.7735849056603774,
        0.7,
        0.6395348837209303,
        0.6949152542372882,
        0.5588235294117647,
        0.4339622641509434,
        0.5084745762711864,
        0.4444444444444444
    ]
}