{
    "Bins": [
        20.0,
        21.0,
        22.0,
        23.0,
        24.0,
        25.0,
        26.0,
        27.0,
        28.0,
        29.0,
        30.0,
        31.0,
        32.0,
        33.0,
        34.0,
        35.0,
        36.0,
        37.0,
        38.0,
        39.0,
        40.0,
        41.0,
        42.0,
        43.0,
        44.0,
        45.0,
        46.0,
        47.0,
        48.0,
        49.0,
        50.0,
        51.0,
        52.0,
        53.0,
        54.0,
        55.0,
        56.0,
        57.0,
        58.0,
        59.0,
        60.0
    ],
    "Efficiency": [
        0.989769820971867,
        0.9945474372955289,
        0.9925163704396632,
        0.9975247524752475,
        0.9941944847605225,
        0.9949463044851548,
        0.9934782608695653,
        0.9947140797693417,
        0.9942452412571935,
        0.9930928626247122,
        0.9924023154848046,
        0.9880260006842285,
        0.9892166190929274,
        0.9906850961538461,
        0.9871682706328375,
        0.9828280118057419,
        0.9770992366412213,
        0.9763092269326683,
        0.9688081936685289,
        0.967688287004039,
        0.9621406870764198,
        0.9589073634204276,
        0.9565332626557116,
        0.9513314967860422,
        0.9461732548359967,
        0.9459279038718291,
        0.945823927765237,
        0.958498023715415,
        0.9411764705882353,
        0.9132231404958677,
        0.9027027027027027,
        0.8872180451127819,
        0.8962264150943396,
        0.9111111111111111,
        0.8953488372093024,
        0.8983050847457628,
        0.8382352941176471,
        0.8301886792452831,
        0.7966101694915254,
        0.8333333333333334
    ]
}