{
    "Bins": [
        20.0,
        21.0,
        22.0,
        23.0,
        24.0,
        25.0,
        26.0,
        27.0,
        28.0,
        29.0,
        30.0,
        31.0,
        32.0,
        33.0,
        34.0,
        35.0,
        36.0,
        37.0,
        38.0,
        39.0,
        40.0,
        41.0,
        42.0,
        43.0,
        44.0,
        45.0,
        46.0,
        47.0,
        48.0,
        49.0,
        50.0,
        51.0,
        52.0,
        53.0,
        54.0,
        55.0,
        56.0,
        57.0,
        58.0,
        59.0,
        60.0
    ],
    "Efficiency": [
        0.959079283887468,
        0.9836423118865867,
        0.9775491113189897,
        0.9826732673267327,
        0.97677793904209,
        0.9810486418193304,
        0.9847826086956522,
        0.9817395482940894,
        0.9827357237715804,
        0.9834996162701458,
        0.9862518089725036,
        0.9880260006842285,
        0.9888994608309547,
        0.9861778846153846,
        0.9900845727617381,
        0.9868526965387712,
        0.989058524173028,
        0.9875311720698254,
        0.986266294227188,
        0.9864575908766928,
        0.9857443327880346,
        0.9893111638954869,
        0.9888682745825603,
        0.9819406183042547,
        0.9840201850294366,
        0.9826435246995995,
        0.9853273137697517,
        0.9822134387351779,
        0.9803921568627451,
        0.9586776859504132,
        0.9513513513513514,
        0.9398496240601504,
        0.9245283018867925,
        0.9333333333333333,
        0.9534883720930233,
        0.864406779661017,
        0.9117647058823529,
        0.8679245283018868,
        0.8305084745762712,
        0.6944444444444444
    ]
}