{
    "Bins": [
        20.0,
        21.0,
        22.0,
        23.0,
        24.0,
        25.0,
        26.0,
        27.0,
        28.0,
        29.0,
        30.0,
        31.0,
        32.0,
        33.0,
        34.0,
        35.0,
        36.0,
        37.0,
        38.0,
        39.0,
        40.0,
        41.0,
        42.0,
        43.0,
        44.0,
        45.0,
        46.0,
        47.0,
        48.0,
        49.0,
        50.0,
        51.0,
        52.0,
        53.0,
        54.0,
        55.0,
        56.0,
        57.0,
        58.0,
        59.0,
        60.0
    ],
    "Efficiency": [
        0.8721227621483376,
        0.8909487459105779,
        0.8961646398503275,
        0.9067656765676567,
        0.8998548621190131,
        0.9046114971572963,
        0.9201086956521739,
        0.9303219605958674,
        0.9269588313413014,
        0.9270913277052955,
        0.9377713458755427,
        0.9397878891549778,
        0.9467174119885823,
        0.9423076923076923,
        0.9454651501895597,
        0.9455325999463375,
        0.9519083969465649,
        0.9518703241895262,
        0.9522811918063314,
        0.9558089807555239,
        0.95840149567656,
        0.9513064133016627,
        0.9623641664457991,
        0.9599020508111418,
        0.9621530698065601,
        0.9546061415220294,
        0.9616252821670429,
        0.924901185770751,
        0.9607843137254902,
        0.9421487603305785,
        0.9513513513513514,
        0.9398496240601504,
        0.9339622641509434,
        0.9111111111111111,
        0.9302325581395349,
        0.9152542372881356,
        0.9558823529411765,
        0.9433962264150944,
        0.9322033898305084,
        0.9722222222222222
    ]
}