{
    "Bins": [
        20.0,
        21.0,
        22.0,
        23.0,
        24.0,
        25.0,
        26.0,
        27.0,
        28.0,
        29.0,
        30.0,
        31.0,
        32.0,
        33.0,
        34.0,
        35.0,
        36.0,
        37.0,
        38.0,
        39.0,
        40.0,
        41.0,
        42.0,
        43.0,
        44.0,
        45.0,
        46.0,
        47.0,
        48.0,
        49.0,
        50.0,
        51.0,
        52.0,
        53.0,
        54.0,
        55.0,
        56.0,
        57.0,
        58.0,
        59.0,
        60.0
    ],
    "Efficiency": [
        0.8452685421994884,
        0.8647764449291166,
        0.8793264733395697,
        0.8853135313531353,
        0.8933236574746009,
        0.8913455464308275,
        0.9043478260869565,
        0.9183085055261894,
        0.9212040725984949,
        0.9240214888718342,
        0.9294500723589001,
        0.9298665754361957,
        0.941325721535046,
        0.9332932692307693,
        0.9440069991251093,
        0.9407029782667025,
        0.9435114503816794,
        0.9461346633416459,
        0.9434357541899442,
        0.9493941553813258,
        0.9495209161018929,
        0.9513064133016627,
        0.9586535913066525,
        0.9565350474441383,
        0.9596299411269975,
        0.9512683578104139,
        0.9661399548532731,
        0.9268774703557312,
        0.9635854341736695,
        0.9504132231404959,
        0.9567567567567568,
        0.9398496240601504,
        0.9433962264150944,
        0.9111111111111111,
        0.9186046511627907,
        0.9491525423728814,
        0.9411764705882353,
        0.9622641509433962,
        0.9322033898305084,
        0.9444444444444444
    ]
}