{
    "Bins": [
        20.0,
        21.0,
        22.0,
        23.0,
        24.0,
        25.0,
        26.0,
        27.0,
        28.0,
        29.0,
        30.0,
        31.0,
        32.0,
        33.0,
        34.0,
        35.0,
        36.0,
        37.0,
        38.0,
        39.0,
        40.0,
        41.0,
        42.0,
        43.0,
        44.0,
        45.0,
        46.0,
        47.0,
        48.0,
        49.0,
        50.0,
        51.0,
        52.0,
        53.0,
        54.0,
        55.0,
        56.0,
        57.0,
        58.0,
        59.0,
        60.0
    ],
    "Efficiency": [
        0.9961636828644501,
        0.9956379498364231,
        0.9878391019644528,
        0.9843234323432343,
        0.9738751814223512,
        0.9677826910928616,
        0.9456521739130435,
        0.9442575684766938,
        0.9371403275785746,
        0.943207981580967,
        0.9497105643994211,
        0.9521040027369141,
        0.9571836346336822,
        0.9627403846153846,
        0.9690871974336541,
        0.9715588945532599,
        0.9763358778625955,
        0.9780548628428928,
        0.9757914338919925,
        0.9786172487526729,
        0.9801355456882449,
        0.9800475059382423,
        0.9801219188974291,
        0.977655341291705,
        0.9726661059714046,
        0.9632843791722296,
        0.9661399548532731,
        0.9426877470355731,
        0.9159663865546218,
        0.8966942148760331,
        0.8702702702702703,
        0.7669172932330827,
        0.7264150943396226,
        0.7333333333333333,
        0.7325581395348837,
        0.7966101694915254,
        0.6617647058823529,
        0.5094339622641509,
        0.5084745762711864,
        0.5555555555555556
    ]
}