{
    "Bins": [
        20.0,
        21.0,
        22.0,
        23.0,
        24.0,
        25.0,
        26.0,
        27.0,
        28.0,
        29.0,
        30.0,
        31.0,
        32.0,
        33.0,
        34.0,
        35.0,
        36.0,
        37.0,
        38.0,
        39.0,
        40.0,
        41.0,
        42.0,
        43.0,
        44.0,
        45.0,
        46.0,
        47.0,
        48.0,
        49.0,
        50.0,
        51.0,
        52.0,
        53.0,
        54.0,
        55.0,
        56.0,
        57.0,
        58.0,
        59.0,
        60.0
    ],
    "Efficiency": [
        0.024296675191815855,
        0.04689203925845147,
        0.057998129092609915,
        0.05363036303630363,
        0.07692307692307693,
        0.09286165508528112,
        0.11467391304347826,
        0.13310908217203268,
        0.15272244355909695,
        0.15771297006907137,
        0.17474674384949349,
        0.19774204584331168,
        0.20837297811607994,
        0.22956730769230768,
        0.23534558180227472,
        0.23638314998658438,
        0.24732824427480915,
        0.26359102244389027,
        0.2818901303538175,
        0.2912805892135899,
        0.28628184155176445,
        0.30665083135391924,
        0.31327855817651734,
        0.3116008570554025,
        0.32043734230445753,
        0.35447263017356473,
        0.34988713318284426,
        0.31620553359683795,
        0.3445378151260504,
        0.3305785123966942,
        0.372972972972973,
        0.37593984962406013,
        0.36792452830188677,
        0.4444444444444444,
        0.38372093023255816,
        0.3728813559322034,
        0.35294117647058826,
        0.41509433962264153,
        0.423728813559322,
        0.3055555555555556
    ]
}