{
    "Bins": [
        20.0,
        21.0,
        22.0,
        23.0,
        24.0,
        25.0,
        26.0,
        27.0,
        28.0,
        29.0,
        30.0,
        31.0,
        32.0,
        33.0,
        34.0,
        35.0,
        36.0,
        37.0,
        38.0,
        39.0,
        40.0,
        41.0,
        42.0,
        43.0,
        44.0,
        45.0,
        46.0,
        47.0,
        48.0,
        49.0,
        50.0,
        51.0,
        52.0,
        53.0,
        54.0,
        55.0,
        56.0,
        57.0,
        58.0,
        59.0,
        60.0
    ],
    "Efficiency": [
        0.6227621483375959,
        0.6281352235550709,
        0.6304957904583723,
        0.6608910891089109,
        0.6509433962264151,
        0.6519267214150347,
        0.6635869565217392,
        0.6549735703988467,
        0.649402390438247,
        0.6676899462778204,
        0.6588277858176556,
        0.6797810468696545,
        0.6796701554075484,
        0.6808894230769231,
        0.678915135608049,
        0.6740005366246311,
        0.6778625954198473,
        0.6885286783042394,
        0.6899441340782123,
        0.6835352815395581,
        0.7032016826361299,
        0.7099762470308789,
        0.7145507553670819,
        0.7205387205387206,
        0.7258200168208578,
        0.7156208277703605,
        0.7246049661399548,
        0.7351778656126482,
        0.7058823529411765,
        0.7396694214876033,
        0.745945945945946,
        0.7293233082706767,
        0.7358490566037735,
        0.7555555555555555,
        0.6976744186046512,
        0.7457627118644068,
        0.7941176470588235,
        0.660377358490566,
        0.7796610169491526,
        0.75
    ]
}