{
    "Precision": [
        0.4999731012871034,
        0.9136430688446495,
        1.0
    ],
    "Recall": [
        1.0,
        0.908014902688671,
        0.0
    ],
    "Precision-Recall AUC": 0.9338240229541309,
    "Chance Level": 0.4999731012871034
}