{
    "Precision": [
        0.4999731012871034,
        0.8242347425212836,
        0.8683856394482626,
        0.8926474521441217,
        0.9126738359326615,
        0.9324276847406019,
        1.0
    ],
    "Recall": [
        1.0,
        0.9883522306957726,
        0.9720910839419494,
        0.9426892090007936,
        0.8721031890139747,
        0.6425372230964774,
        0.0
    ],
    "Precision-Recall AUC": 0.9436926831757417,
    "Chance Level": 0.4999731012871034
}