{
    "Precision": [
        0.4999731012871034,
        0.8438507180520916,
        0.8738927573303017,
        0.8927220309705987,
        0.9067289719626168,
        0.9182915624521464,
        0.9285864204008816,
        0.9379909334712825,
        0.947441316924675,
        0.9575413039616273,
        0.966997061532389,
        1.0
    ],
    "Recall": [
        1.0,
        0.996597129752922,
        0.9925486556645012,
        0.9870744730931149,
        0.9786950732356857,
        0.967881208893193,
        0.9521042650203768,
        0.9267374140876138,
        0.8832667554371949,
        0.7974552448587069,
        0.593108178993665,
        0.0
    ],
    "Precision-Recall AUC": 0.9689226125629561,
    "Chance Level": 0.4999731012871034
}