{
    "False Positive Rate": [
        0.0,
        0.051467918286106216,
        0.09426146832174509,
        0.12863617413289938,
        0.1677985932729938,
        0.24812727786220531,
        1.0
    ],
    "True Positive Rate": [
        0.0,
        0.5777750877617722,
        0.8439925217555044,
        0.9298712827341322,
        0.964451438486059,
        0.9838868041264845,
        1.0
    ],
    "ROC AUC": 0.936939745580383
}