{
    "False Positive Rate": [
        0.0,
        0.14169479672391302,
        0.14199066664873516,
        1.0
    ],
    "True Positive Rate": [
        0.0,
        0.8474491923226943,
        0.8532327267347241,
        1.0
    ],
    "ROC AUC": 0.8553366490409768
}