{
    "False Positive Rate": [
        0.0,
        0.13874954610863804,
        0.1390454160334602,
        1.0
    ],
    "True Positive Rate": [
        0.0,
        0.8469784395217151,
        0.8527619739337449,
        1.0
    ],
    "ROC AUC": 0.8565823452864696
}