{
    "False Positive Rate": [
        0.0,
        0.032881907554097124,
        0.032881907554097124,
        0.03317777747891927,
        0.061904057452559946,
        0.061904057452559946,
        0.0848474252592224,
        0.10304342563578413,
        0.10304342563578413,
        0.12010974084484312,
        0.13810401172720793,
        0.15846524200814988,
        0.18291485670481594,
        0.21819062092338315,
        0.29014080718694946,
        1.0
    ],
    "True Positive Rate": [
        0.0,
        0.4256277824853058,
        0.42564123256533376,
        0.43142476697736354,
        0.6718314973974095,
        0.6718583975574655,
        0.8028756271099813,
        0.8733809466166323,
        0.8733943966966603,
        0.9149147937430228,
        0.940698597156653,
        0.9582240514331061,
        0.9713378794603827,
        0.9808470860401619,
        0.9894954874981506,
        1.0
    ],
    "ROC AUC": 0.9414613550894977
}