{
    "Bins": [
        20.0,
        21.0,
        22.0,
        23.0,
        24.0,
        25.0,
        26.0,
        27.0,
        28.0,
        29.0,
        30.0,
        31.0,
        32.0,
        33.0,
        34.0,
        35.0,
        36.0,
        37.0,
        38.0,
        39.0,
        40.0,
        41.0,
        42.0,
        43.0,
        44.0,
        45.0,
        46.0,
        47.0,
        48.0,
        49.0,
        50.0,
        51.0,
        52.0,
        53.0,
        54.0,
        55.0,
        56.0,
        57.0,
        58.0,
        59.0,
        60.0
    ],
    "Efficiency": [
        0.6588785046728972,
        0.6761133603238867,
        0.7663230240549829,
        0.8052805280528053,
        0.8304668304668305,
        0.8483412322274881,
        0.8459770114942529,
        0.901010101010101,
        0.8936535162950258,
        0.9266347687400319,
        0.9186390532544378,
        0.9179415855354659,
        0.9445945945945946,
        0.9470198675496688,
        0.9210206561360875,
        0.9418052256532067,
        0.9531428571428572,
        0.9477459016393442,
        0.9359916054564533,
        0.9433573635427395,
        0.9578503688092729,
        0.9452054794520548,
        0.9453551912568307,
        0.9528795811518325,
        0.9403254972875226,
        0.9555555555555556,
        0.9526627218934911,
        0.9007633587786259,
        0.8961038961038961,
        0.9444444444444444,
        0.9583333333333334,
        0.9696969696969697,
        0.9642857142857143,
        0.8888888888888888,
        0.8947368421052632,
        0.8333333333333334,
        0.6,
        0.5714285714285714,
        0.875,
        1.0
    ]
}