{
    "Bins": [
        20.0,
        21.0,
        22.0,
        23.0,
        24.0,
        25.0,
        26.0,
        27.0,
        28.0,
        29.0,
        30.0,
        31.0,
        32.0,
        33.0,
        34.0,
        35.0,
        36.0,
        37.0,
        38.0,
        39.0,
        40.0,
        41.0,
        42.0,
        43.0,
        44.0,
        45.0,
        46.0,
        47.0,
        48.0,
        49.0,
        50.0,
        51.0,
        52.0,
        53.0,
        54.0,
        55.0,
        56.0,
        57.0,
        58.0,
        59.0,
        60.0
    ],
    "Efficiency": [
        0.7710280373831776,
        0.805668016194332,
        0.865979381443299,
        0.8547854785478548,
        0.8427518427518428,
        0.8436018957345972,
        0.8827586206896552,
        0.8505050505050505,
        0.8730703259005146,
        0.9090909090909091,
        0.8846153846153846,
        0.9304589707927677,
        0.9148648648648648,
        0.9311258278145695,
        0.9270959902794653,
        0.9251781472684085,
        0.944,
        0.9364754098360656,
        0.9464847848898216,
        0.9299691040164778,
        0.9557428872497366,
        0.9452054794520548,
        0.9595628415300547,
        0.9450261780104712,
        0.9674502712477396,
        0.9238095238095239,
        0.9704142011834319,
        0.9541984732824428,
        0.974025974025974,
        0.9629629629629629,
        0.9375,
        0.9393939393939394,
        1.0,
        1.0,
        0.9473684210526315,
        1.0,
        1.0,
        1.0,
        0.875,
        1.0
    ]
}