{
    "Bins": [
        20.0,
        21.0,
        22.0,
        23.0,
        24.0,
        25.0,
        26.0,
        27.0,
        28.0,
        29.0,
        30.0,
        31.0,
        32.0,
        33.0,
        34.0,
        35.0,
        36.0,
        37.0,
        38.0,
        39.0,
        40.0,
        41.0,
        42.0,
        43.0,
        44.0,
        45.0,
        46.0,
        47.0,
        48.0,
        49.0,
        50.0,
        51.0,
        52.0,
        53.0,
        54.0,
        55.0,
        56.0,
        57.0,
        58.0,
        59.0,
        60.0
    ],
    "Efficiency": [
        0.5747663551401869,
        0.6720647773279352,
        0.7766323024054983,
        0.7986798679867987,
        0.8304668304668305,
        0.8554502369668247,
        0.8666666666666667,
        0.896969696969697,
        0.8867924528301887,
        0.9250398724082934,
        0.9334319526627219,
        0.9457579972183588,
        0.95,
        0.9417218543046357,
        0.9416767922235723,
        0.9489311163895487,
        0.9462857142857143,
        0.9610655737704918,
        0.9475341028331584,
        0.9515962924819773,
        0.9452054794520548,
        0.9504741833508957,
        0.9398907103825137,
        0.9568062827225131,
        0.9403254972875226,
        0.9365079365079365,
        0.9230769230769231,
        0.8778625954198473,
        0.974025974025974,
        0.9814814814814815,
        0.9375,
        1.0,
        0.9285714285714286,
        0.9444444444444444,
        0.7894736842105263,
        0.75,
        0.7333333333333333,
        1.0,
        1.0,
        0.5714285714285714
    ]
}