{
    "Bins": [
        20.0,
        21.0,
        22.0,
        23.0,
        24.0,
        25.0,
        26.0,
        27.0,
        28.0,
        29.0,
        30.0,
        31.0,
        32.0,
        33.0,
        34.0,
        35.0,
        36.0,
        37.0,
        38.0,
        39.0,
        40.0,
        41.0,
        42.0,
        43.0,
        44.0,
        45.0,
        46.0,
        47.0,
        48.0,
        49.0,
        50.0,
        51.0,
        52.0,
        53.0,
        54.0,
        55.0,
        56.0,
        57.0,
        58.0,
        59.0,
        60.0
    ],
    "Efficiency": [
        0.7897196261682243,
        0.8623481781376519,
        0.9209621993127147,
        0.9636963696369637,
        0.941031941031941,
        0.9691943127962085,
        0.9747126436781609,
        0.9858585858585859,
        0.9708404802744426,
        0.9904306220095693,
        0.9837278106508875,
        0.9916550764951322,
        0.9932432432432432,
        0.9933774834437086,
        0.991494532199271,
        0.994061757719715,
        0.9988571428571429,
        0.9969262295081968,
        0.9979013641133263,
        0.9907312049433573,
        0.9947312961011591,
        0.9947312961011591,
        0.9967213114754099,
        0.9960732984293194,
        1.0,
        0.9904761904761905,
        0.9940828402366864,
        0.9923664122137404,
        1.0,
        1.0,
        0.9791666666666666,
        1.0,
        1.0,
        1.0,
        0.9473684210526315,
        1.0,
        1.0,
        1.0,
        1.0,
        1.0
    ]
}