{
    "Bins": [
        20.0,
        21.0,
        22.0,
        23.0,
        24.0,
        25.0,
        26.0,
        27.0,
        28.0,
        29.0,
        30.0,
        31.0,
        32.0,
        33.0,
        34.0,
        35.0,
        36.0,
        37.0,
        38.0,
        39.0,
        40.0,
        41.0,
        42.0,
        43.0,
        44.0,
        45.0,
        46.0,
        47.0,
        48.0,
        49.0,
        50.0,
        51.0,
        52.0,
        53.0,
        54.0,
        55.0,
        56.0,
        57.0,
        58.0,
        59.0,
        60.0
    ],
    "Efficiency": [
        0.2850467289719626,
        0.31983805668016196,
        0.42955326460481097,
        0.5181518151815182,
        0.5577395577395577,
        0.556872037914692,
        0.6114942528735632,
        0.7232323232323232,
        0.7307032590051458,
        0.7687400318979266,
        0.7810650887573964,
        0.7983310152990264,
        0.8121621621621622,
        0.8291390728476821,
        0.8614823815309842,
        0.8444180522565321,
        0.864,
        0.9047131147540983,
        0.8782791185729276,
        0.9011328527291452,
        0.9020021074815595,
        0.8956796628029505,
        0.9234972677595629,
        0.9267015706806283,
        0.9439421338155516,
        0.9365079365079365,
        0.9526627218934911,
        0.9312977099236641,
        0.948051948051948,
        0.9814814814814815,
        0.9375,
        0.8787878787878788,
        0.9642857142857143,
        1.0,
        0.9473684210526315,
        0.9166666666666666,
        1.0,
        1.0,
        0.875,
        1.0
    ]
}