{
    "Bins": [
        20.0,
        21.0,
        22.0,
        23.0,
        24.0,
        25.0,
        26.0,
        27.0,
        28.0,
        29.0,
        30.0,
        31.0,
        32.0,
        33.0,
        34.0,
        35.0,
        36.0,
        37.0,
        38.0,
        39.0,
        40.0,
        41.0,
        42.0,
        43.0,
        44.0,
        45.0,
        46.0,
        47.0,
        48.0,
        49.0,
        50.0,
        51.0,
        52.0,
        53.0,
        54.0,
        55.0,
        56.0,
        57.0,
        58.0,
        59.0,
        60.0
    ],
    "Efficiency": [
        0.7663551401869159,
        0.7327935222672065,
        0.8831615120274914,
        0.8976897689768977,
        0.9361179361179361,
        0.9620853080568721,
        0.9586206896551724,
        0.9636363636363636,
        0.9656946826758147,
        0.9872408293460925,
        0.9748520710059172,
        0.9930458970792768,
        0.9945945945945946,
        0.990728476821192,
        0.9854191980558931,
        0.9904988123515439,
        0.9965714285714286,
        0.9918032786885246,
        0.9989506820566632,
        0.9886714727085479,
        0.9936775553213909,
        0.9915700737618546,
        0.9934426229508196,
        0.9882198952879581,
        0.9945750452079566,
        0.9936507936507937,
        0.9881656804733728,
        0.9847328244274809,
        0.974025974025974,
        1.0,
        1.0,
        0.9696969696969697,
        1.0,
        1.0,
        0.9473684210526315,
        1.0,
        1.0,
        1.0,
        1.0,
        1.0
    ]
}