{
    "Bins": [
        20.0,
        21.0,
        22.0,
        23.0,
        24.0,
        25.0,
        26.0,
        27.0,
        28.0,
        29.0,
        30.0,
        31.0,
        32.0,
        33.0,
        34.0,
        35.0,
        36.0,
        37.0,
        38.0,
        39.0,
        40.0,
        41.0,
        42.0,
        43.0,
        44.0,
        45.0,
        46.0,
        47.0,
        48.0,
        49.0,
        50.0,
        51.0,
        52.0,
        53.0,
        54.0,
        55.0,
        56.0,
        57.0,
        58.0,
        59.0,
        60.0
    ],
    "Efficiency": [
        0.705607476635514,
        0.7935222672064778,
        0.9037800687285223,
        0.9306930693069307,
        0.9434889434889435,
        0.957345971563981,
        0.9701149425287356,
        0.9797979797979798,
        0.967409948542024,
        0.9872408293460925,
        0.9792899408284024,
        0.9916550764951322,
        0.9905405405405405,
        0.9933774834437086,
        0.982989064398542,
        0.9904988123515439,
        0.9954285714285714,
        0.9959016393442623,
        0.9916054564533053,
        0.9876416065911432,
        0.9926238145416227,
        0.9936775553213909,
        0.9934426229508196,
        0.9908376963350786,
        0.9945750452079566,
        0.9936507936507937,
        0.9881656804733728,
        0.9847328244274809,
        1.0,
        1.0,
        1.0,
        1.0,
        1.0,
        1.0,
        0.9473684210526315,
        1.0,
        0.9333333333333333,
        1.0,
        1.0,
        1.0
    ]
}