{
    "Bins": [
        20.0,
        21.0,
        22.0,
        23.0,
        24.0,
        25.0,
        26.0,
        27.0,
        28.0,
        29.0,
        30.0,
        31.0,
        32.0,
        33.0,
        34.0,
        35.0,
        36.0,
        37.0,
        38.0,
        39.0,
        40.0,
        41.0,
        42.0,
        43.0,
        44.0,
        45.0,
        46.0,
        47.0,
        48.0,
        49.0,
        50.0,
        51.0,
        52.0,
        53.0,
        54.0,
        55.0,
        56.0,
        57.0,
        58.0,
        59.0,
        60.0
    ],
    "Efficiency": [
        0.7570093457943925,
        0.7732793522267206,
        0.8419243986254296,
        0.8547854785478548,
        0.8697788697788698,
        0.9075829383886256,
        0.9149425287356322,
        0.9393939393939394,
        0.9090909090909091,
        0.9553429027113237,
        0.9378698224852071,
        0.9680111265646731,
        0.9581081081081081,
        0.9735099337748344,
        0.9550425273390036,
        0.9667458432304038,
        0.9691428571428572,
        0.9815573770491803,
        0.9695697796432319,
        0.9752832131822863,
        0.9873551106427819,
        0.9841938883034773,
        0.9890710382513661,
        0.9803664921465969,
        0.969258589511754,
        0.9809523809523809,
        0.9763313609467456,
        0.9847328244274809,
        0.987012987012987,
        1.0,
        0.9791666666666666,
        1.0,
        1.0,
        1.0,
        0.9473684210526315,
        1.0,
        1.0,
        1.0,
        0.875,
        1.0
    ]
}