{
    "Bins": [
        20.0,
        21.0,
        22.0,
        23.0,
        24.0,
        25.0,
        26.0,
        27.0,
        28.0,
        29.0,
        30.0,
        31.0,
        32.0,
        33.0,
        34.0,
        35.0,
        36.0,
        37.0,
        38.0,
        39.0,
        40.0,
        41.0,
        42.0,
        43.0,
        44.0,
        45.0,
        46.0,
        47.0,
        48.0,
        49.0,
        50.0,
        51.0,
        52.0,
        53.0,
        54.0,
        55.0,
        56.0,
        57.0,
        58.0,
        59.0,
        60.0
    ],
    "Efficiency": [
        0.9626168224299065,
        0.9676113360323887,
        0.9828178694158075,
        0.9537953795379538,
        0.9680589680589681,
        0.9691943127962085,
        0.9862068965517241,
        0.9717171717171718,
        0.9811320754716981,
        0.9840510366826156,
        0.977810650887574,
        0.9791376912378303,
        0.977027027027027,
        0.9827814569536424,
        0.9756986634264885,
        0.9798099762470309,
        0.9794285714285714,
        0.9887295081967213,
        0.9800629590766002,
        0.9773429454170958,
        0.9757639620653319,
        0.9831401475237092,
        0.9846994535519126,
        0.9869109947643979,
        0.9783001808318263,
        0.9777777777777777,
        0.9881656804733728,
        0.9847328244274809,
        0.987012987012987,
        1.0,
        1.0,
        1.0,
        1.0,
        1.0,
        0.9473684210526315,
        1.0,
        1.0,
        1.0,
        0.875,
        1.0
    ]
}