{
    "Bins": [
        20.0,
        21.0,
        22.0,
        23.0,
        24.0,
        25.0,
        26.0,
        27.0,
        28.0,
        29.0,
        30.0,
        31.0,
        32.0,
        33.0,
        34.0,
        35.0,
        36.0,
        37.0,
        38.0,
        39.0,
        40.0,
        41.0,
        42.0,
        43.0,
        44.0,
        45.0,
        46.0,
        47.0,
        48.0,
        49.0,
        50.0,
        51.0,
        52.0,
        53.0,
        54.0,
        55.0,
        56.0,
        57.0,
        58.0,
        59.0,
        60.0
    ],
    "Efficiency": [
        0.42990654205607476,
        0.44534412955465585,
        0.5223367697594502,
        0.5016501650165016,
        0.5651105651105651,
        0.6208530805687204,
        0.6,
        0.6686868686868687,
        0.6569468267581475,
        0.6985645933014354,
        0.6982248520710059,
        0.7093184979137691,
        0.7324324324324324,
        0.7364238410596027,
        0.7569866342648846,
        0.7790973871733967,
        0.768,
        0.8094262295081968,
        0.7848898216159497,
        0.8146240988671473,
        0.827186512118019,
        0.8229715489989463,
        0.8306010928961749,
        0.831151832460733,
        0.8227848101265823,
        0.8666666666666667,
        0.863905325443787,
        0.8702290076335878,
        0.8961038961038961,
        0.9444444444444444,
        0.8958333333333334,
        0.8181818181818182,
        0.8214285714285714,
        0.8333333333333334,
        0.7368421052631579,
        0.6666666666666666,
        0.8,
        0.9285714285714286,
        0.75,
        1.0
    ]
}