{
    "Bins": [
        20.0,
        21.0,
        22.0,
        23.0,
        24.0,
        25.0,
        26.0,
        27.0,
        28.0,
        29.0,
        30.0,
        31.0,
        32.0,
        33.0,
        34.0,
        35.0,
        36.0,
        37.0,
        38.0,
        39.0,
        40.0,
        41.0,
        42.0,
        43.0,
        44.0,
        45.0,
        46.0,
        47.0,
        48.0,
        49.0,
        50.0,
        51.0,
        52.0,
        53.0,
        54.0,
        55.0,
        56.0,
        57.0,
        58.0,
        59.0,
        60.0
    ],
    "Efficiency": [
        0.6682242990654206,
        0.6842105263157895,
        0.7835051546391752,
        0.801980198019802,
        0.8329238329238329,
        0.8672985781990521,
        0.8827586206896552,
        0.901010101010101,
        0.8936535162950258,
        0.9314194577352473,
        0.9171597633136095,
        0.9499304589707928,
        0.95,
        0.9615894039735099,
        0.9489671931956257,
        0.9572446555819477,
        0.9645714285714285,
        0.9733606557377049,
        0.9664218258132214,
        0.9680741503604532,
        0.9831401475237092,
        0.9799789251844047,
        0.9846994535519126,
        0.9777486910994765,
        0.969258589511754,
        0.9746031746031746,
        0.9763313609467456,
        0.9847328244274809,
        0.974025974025974,
        1.0,
        0.9791666666666666,
        1.0,
        1.0,
        1.0,
        0.9473684210526315,
        1.0,
        1.0,
        1.0,
        0.875,
        1.0
    ]
}