{
    "Precision": [
        0.4999731012871034,
        0.7986418917443612,
        0.8517889385156324,
        0.87845753128772,
        0.8996072022478353,
        0.9185753331779563,
        1.0
    ],
    "Recall": [
        1.0,
        0.9839271543665685,
        0.9644648885660869,
        0.9299250830542442,
        0.8440328719955884,
        0.5831147695328788,
        0.0
    ],
    "Precision-Recall AUC": 0.9293121000295493,
    "Chance Level": 0.4999731012871034
}