{
    "Precision": [
        0.4999731012871034,
        0.9082135385030708,
        1.0
    ],
    "Recall": [
        1.0,
        0.9049886346823763,
        0.0
    ],
    "Precision-Recall AUC": 0.9303526500804108,
    "Chance Level": 0.4999731012871034
}