{
    "Precision": [
        0.4999731012871034,
        0.8505095482923246,
        0.878668809906531,
        0.8954311375784053,
        0.9086136156733635,
        0.919438775510204,
        0.9289391974216877,
        0.9383221558678293,
        0.9473775216138328,
        0.956853532080363,
        0.9664392238792701,
        1.0
    ],
    "Recall": [
        1.0,
        0.9967854308733137,
        0.9925486556645012,
        0.9869265222128072,
        0.9799593807583155,
        0.9695355687366339,
        0.9536779243836501,
        0.927746170089712,
        0.884315861679377,
        0.7943213762121885,
        0.5848498298564876,
        0.0
    ],
    "Precision-Recall AUC": 0.9686058723777399,
    "Chance Level": 0.4999731012871034
}