{
    "Precision": [
        0.4999731012871034,
        0.9154423723300444,
        1.0
    ],
    "Recall": [
        1.0,
        0.9084856554896502,
        0.0
    ],
    "Precision-Recall AUC": 0.9348413692283952,
    "Chance Level": 0.4999731012871034
}