{
    "Bins": [
        20.0,
        21.0,
        22.0,
        23.0,
        24.0,
        25.0,
        26.0,
        27.0,
        28.0,
        29.0,
        30.0,
        31.0,
        32.0,
        33.0,
        34.0,
        35.0,
        36.0,
        37.0,
        38.0,
        39.0,
        40.0,
        41.0,
        42.0,
        43.0,
        44.0,
        45.0,
        46.0,
        47.0,
        48.0,
        49.0,
        50.0,
        51.0,
        52.0,
        53.0,
        54.0,
        55.0,
        56.0,
        57.0,
        58.0,
        59.0,
        60.0
    ],
    "Efficiency": [
        0.7186700767263428,
        0.6946564885496184,
        0.6613657623947614,
        0.6443894389438944,
        0.6233671988388969,
        0.591282375236892,
        0.5885869565217391,
        0.5516578567996155,
        0.5312084993359893,
        0.5295471987720645,
        0.5285817655571635,
        0.515224084844338,
        0.49444973041547735,
        0.48197115384615385,
        0.47448235637212016,
        0.4467400053662463,
        0.4592875318066158,
        0.45486284289276807,
        0.4269087523277467,
        0.43074364457115705,
        0.4194905351717691,
        0.41781472684085513,
        0.4195600318049298,
        0.4110805019895929,
        0.38898233809924304,
        0.38117489986648867,
        0.3939051918735892,
        0.36363636363636365,
        0.4005602240896359,
        0.359504132231405,
        0.3945945945945946,
        0.42105263157894735,
        0.37735849056603776,
        0.3333333333333333,
        0.26744186046511625,
        0.3898305084745763,
        0.27941176470588236,
        0.37735849056603776,
        0.3898305084745763,
        0.4166666666666667
    ]
}