{
    "Bins": [
        20.0,
        21.0,
        22.0,
        23.0,
        24.0,
        25.0,
        26.0,
        27.0,
        28.0,
        29.0,
        30.0,
        31.0,
        32.0,
        33.0,
        34.0,
        35.0,
        36.0,
        37.0,
        38.0,
        39.0,
        40.0,
        41.0,
        42.0,
        43.0,
        44.0,
        45.0,
        46.0,
        47.0,
        48.0,
        49.0,
        50.0,
        51.0,
        52.0,
        53.0,
        54.0,
        55.0,
        56.0,
        57.0,
        58.0,
        59.0,
        60.0
    ],
    "Efficiency": [
        0.9245524296675192,
        0.8909487459105779,
        0.8858746492048644,
        0.8572607260726073,
        0.8701015965166908,
        0.86481364497789,
        0.8527173913043479,
        0.865449303219606,
        0.8587870739265162,
        0.8630084420567921,
        0.8628798842257598,
        0.8679438932603489,
        0.8683793212813193,
        0.8849158653846154,
        0.8807232429279673,
        0.8819425811644754,
        0.8877862595419848,
        0.887281795511222,
        0.8833798882681564,
        0.894511760513186,
        0.8745033886422061,
        0.8743467933491686,
        0.879141266896369,
        0.8674625038261402,
        0.8704793944491169,
        0.863150867823765,
        0.8239277652370203,
        0.8102766798418972,
        0.7843137254901961,
        0.7396694214876033,
        0.8378378378378378,
        0.7293233082706767,
        0.7264150943396226,
        0.6444444444444445,
        0.7209302325581395,
        0.6779661016949152,
        0.5588235294117647,
        0.5849056603773585,
        0.576271186440678,
        0.5555555555555556
    ]
}