{
    "Bins": [
        20.0,
        21.0,
        22.0,
        23.0,
        24.0,
        25.0,
        26.0,
        27.0,
        28.0,
        29.0,
        30.0,
        31.0,
        32.0,
        33.0,
        34.0,
        35.0,
        36.0,
        37.0,
        38.0,
        39.0,
        40.0,
        41.0,
        42.0,
        43.0,
        44.0,
        45.0,
        46.0,
        47.0,
        48.0,
        49.0,
        50.0,
        51.0,
        52.0,
        53.0,
        54.0,
        55.0,
        56.0,
        57.0,
        58.0,
        59.0,
        60.0
    ],
    "Efficiency": [
        0.9808184143222506,
        0.9814612868047983,
        0.9822263797942001,
        0.9834983498349835,
        0.9709724238026125,
        0.9753632343651295,
        0.9782608695652174,
        0.9716482460355599,
        0.9698981850376273,
        0.966615502686109,
        0.9678002894356006,
        0.9637358877865208,
        0.9657469077069457,
        0.9639423076923077,
        0.9585885097696122,
        0.9482157231016903,
        0.9524173027989822,
        0.9503740648379052,
        0.9487895716945997,
        0.9434545022570682,
        0.9354989483524188,
        0.9365795724465559,
        0.9347998939835674,
        0.9289868380777472,
        0.9230445752733389,
        0.9138851802403204,
        0.9119638826185101,
        0.9110671936758893,
        0.876750700280112,
        0.8925619834710744,
        0.8810810810810811,
        0.8421052631578947,
        0.9056603773584906,
        0.8222222222222222,
        0.8372093023255814,
        0.847457627118644,
        0.9264705882352942,
        0.7547169811320755,
        0.864406779661017,
        0.6944444444444444
    ]
}