{
    "Bins": [
        20.0,
        21.0,
        22.0,
        23.0,
        24.0,
        25.0,
        26.0,
        27.0,
        28.0,
        29.0,
        30.0,
        31.0,
        32.0,
        33.0,
        34.0,
        35.0,
        36.0,
        37.0,
        38.0,
        39.0,
        40.0,
        41.0,
        42.0,
        43.0,
        44.0,
        45.0,
        46.0,
        47.0,
        48.0,
        49.0,
        50.0,
        51.0,
        52.0,
        53.0,
        54.0,
        55.0,
        56.0,
        57.0,
        58.0,
        59.0,
        60.0
    ],
    "Efficiency": [
        0.9820971867007673,
        0.9825517993456925,
        0.9840972871842844,
        0.9843234323432343,
        0.9724238026124818,
        0.9766266582438408,
        0.9809782608695652,
        0.9692455550216242,
        0.9707835325365206,
        0.9669992325402916,
        0.9710564399421129,
        0.9633937735203558,
        0.9654297494449731,
        0.9651442307692307,
        0.9571303587051618,
        0.9476790984706198,
        0.9516539440203562,
        0.9486284289276808,
        0.9464618249534451,
        0.9417913993822761,
        0.9352652488899276,
        0.9339667458432304,
        0.933739729658097,
        0.9280685644322008,
        0.9230445752733389,
        0.9078771695594126,
        0.909706546275395,
        0.9090909090909091,
        0.876750700280112,
        0.8842975206611571,
        0.8756756756756757,
        0.8421052631578947,
        0.9150943396226415,
        0.8111111111111111,
        0.8372093023255814,
        0.847457627118644,
        0.9264705882352942,
        0.7924528301886793,
        0.864406779661017,
        0.6944444444444444
    ]
}