{
    "Bins": [
        20.0,
        21.0,
        22.0,
        23.0,
        24.0,
        25.0,
        26.0,
        27.0,
        28.0,
        29.0,
        30.0,
        31.0,
        32.0,
        33.0,
        34.0,
        35.0,
        36.0,
        37.0,
        38.0,
        39.0,
        40.0,
        41.0,
        42.0,
        43.0,
        44.0,
        45.0,
        46.0,
        47.0,
        48.0,
        49.0,
        50.0,
        51.0,
        52.0,
        53.0,
        54.0,
        55.0,
        56.0,
        57.0,
        58.0,
        59.0,
        60.0
    ],
    "Efficiency": [
        0.9629156010230179,
        0.9520174482006543,
        0.950420954162769,
        0.9397689768976898,
        0.9136429608127722,
        0.9216677195198989,
        0.8951086956521739,
        0.8817876021143681,
        0.8654271801682161,
        0.8388334612432847,
        0.8180173661360347,
        0.7943893260348956,
        0.783698065334602,
        0.7554086538461539,
        0.7634878973461651,
        0.7265897504695465,
        0.7142493638676845,
        0.7022443890274315,
        0.6894785847299814,
        0.6678545972915182,
        0.6513204019630755,
        0.6486935866983373,
        0.6262920752716671,
        0.6262626262626263,
        0.6143818334735072,
        0.5941255006675568,
        0.5767494356659142,
        0.5889328063241107,
        0.5490196078431373,
        0.5991735537190083,
        0.5945945945945946,
        0.49624060150375937,
        0.5660377358490566,
        0.4222222222222222,
        0.5348837209302325,
        0.4915254237288136,
        0.5735294117647058,
        0.37735849056603776,
        0.5423728813559322,
        0.3611111111111111
    ]
}