{
    "Bins": [
        20.0,
        21.0,
        22.0,
        23.0,
        24.0,
        25.0,
        26.0,
        27.0,
        28.0,
        29.0,
        30.0,
        31.0,
        32.0,
        33.0,
        34.0,
        35.0,
        36.0,
        37.0,
        38.0,
        39.0,
        40.0,
        41.0,
        42.0,
        43.0,
        44.0,
        45.0,
        46.0,
        47.0,
        48.0,
        49.0,
        50.0,
        51.0,
        52.0,
        53.0,
        54.0,
        55.0,
        56.0,
        57.0,
        58.0,
        59.0,
        60.0
    ],
    "Efficiency": [
        0.9974424552429667,
        0.9945474372955289,
        0.9925163704396632,
        0.9966996699669967,
        0.9934687953555879,
        0.9924194567277321,
        0.991304347826087,
        0.9927919269581932,
        0.9911465250110668,
        0.9919416730621642,
        0.9902315484804631,
        0.9890523434827232,
        0.987313669521091,
        0.9885817307692307,
        0.9897929425488481,
        0.9847061980144889,
        0.9857506361323155,
        0.9850374064837906,
        0.9853351955307262,
        0.9821810406272273,
        0.9834073381631222,
        0.982185273159145,
        0.9819772064670024,
        0.9837771655953474,
        0.9785534062237174,
        0.9732977303070761,
        0.9808126410835214,
        0.9782608695652174,
        0.9719887955182073,
        0.9669421487603306,
        0.9675675675675676,
        0.9624060150375939,
        0.9811320754716981,
        0.9333333333333333,
        0.9534883720930233,
        0.9491525423728814,
        0.9852941176470589,
        0.9622641509433962,
        1.0,
        0.8888888888888888
    ]
}