{
    "False Positive Rate": [
        0.0,
        0.036945124082488644,
        0.06312478154491437,
        0.08846557147850402,
        0.11520447396015379,
        0.15309332401258302,
        1.0
    ],
    "True Positive Rate": [
        0.0,
        0.8331436376052811,
        0.9503186888231278,
        0.9797974049624403,
        0.9920896881402231,
        0.9974960163897109,
        1.0
    ],
    "ROC AUC": 0.9730918085021825
}