{
    "False Positive Rate": [
        0.0,
        0.07067458930443901,
        1.0
    ],
    "True Positive Rate": [
        0.0,
        0.9164010926473936,
        1.0
    ],
    "ROC AUC": 0.9228632516714773
}