{
    "False Positive Rate": [
        0.0,
        0.013037399510660607,
        0.013037399510660607,
        0.01307235232436211,
        0.021635791681230337,
        0.021635791681230337,
        0.028171967843411395,
        0.028171967843411395,
        0.034498427123383434,
        0.034498427123383434,
        0.03453337993708493,
        0.03460328556448794,
        0.04044040545263894,
        0.04044040545263894,
        0.04655714785040196,
        0.054910870325061166,
        0.06417336595595946,
        0.07654666200629151,
        0.1034952813701503,
        1.0
    ],
    "True Positive Rate": [
        0.0,
        0.6748235829729115,
        0.6749943091281584,
        0.6749943091281584,
        0.8315501934896427,
        0.8316071022080582,
        0.8980764853175507,
        0.8981333940359663,
        0.9327338948326883,
        0.9328477122695197,
        0.9328477122695197,
        0.9329046209879354,
        0.9531072160254951,
        0.9531641247439108,
        0.9673343956294104,
        0.9776348736626451,
        0.9850330070566811,
        0.9902117004325063,
        0.9944798543136809,
        1.0
    ],
    "ROC AUC": 0.9839994942066088
}