{
    "False Positive Rate": [
        0.0,
        0.1552603984620762,
        0.27315623907724573,
        0.43428871024117444,
        0.4597343586158686,
        0.5145753233135267,
        0.5704998252359315,
        0.5994757077944775,
        0.917651170919259,
        0.9344285214959804,
        0.958930443900734,
        0.9779098217406501,
        1.0
    ],
    "True Positive Rate": [
        0.0,
        0.5611768722968359,
        0.6930343728659231,
        0.9326769861142727,
        0.9493512406100615,
        0.972626906442067,
        0.9753585249260187,
        0.9848622809014341,
        0.9935124061006146,
        0.9984634646027771,
        0.9998861825631686,
        0.9999430912815843,
        1.0
    ],
    "ROC AUC": 0.8049849560877926
}