{
    "False Positive Rate": [
        0.0,
        0.03746941628801118,
        0.06413841314225795,
        0.08878014680181755,
        0.11464522894092974,
        0.1508213911219853,
        1.0
    ],
    "True Positive Rate": [
        0.0,
        0.8367857955838834,
        0.9525381288413385,
        0.9813339403596631,
        0.9927156840427953,
        0.9976667425449579,
        1.0
    ],
    "ROC AUC": 0.9730832642379408
}