{
    "Bins": [
        20.0,
        21.0,
        22.0,
        23.0,
        24.0,
        25.0,
        26.0,
        27.0,
        28.0,
        29.0,
        30.0,
        31.0,
        32.0,
        33.0,
        34.0,
        35.0,
        36.0,
        37.0,
        38.0,
        39.0,
        40.0,
        41.0,
        42.0,
        43.0,
        44.0,
        45.0,
        46.0,
        47.0,
        48.0,
        49.0,
        50.0,
        51.0,
        52.0,
        53.0,
        54.0,
        55.0,
        56.0,
        57.0,
        58.0,
        59.0,
        60.0
    ],
    "Efficiency": [
        0.003821656050955414,
        0.00932642487046632,
        0.019662921348314606,
        0.038232795242141036,
        0.06729377713458755,
        0.12780133252574197,
        0.16868740115972589,
        0.17335177501152604,
        0.18246346555323592,
        0.20373312152501985,
        0.2103386809269162,
        0.21885041056765442,
        0.22732919254658385,
        0.22808093194359289,
        0.24489795918367346,
        0.25850713501646544,
        0.2695720250521921,
        0.2763609612555174,
        0.2887624466571835,
        0.3134847080630213,
        0.36127029608404965,
        0.407948288245152,
        0.47331054430712594,
        0.5925813317117665,
        0.6712328767123288,
        0.6800832755031229,
        0.6711711711711712,
        0.7255717255717256,
        0.7063953488372093,
        0.7,
        0.6728395061728395,
        0.7432432432432432,
        0.7757009345794392,
        0.7752808988764045,
        0.7361111111111112,
        0.711864406779661,
        0.8620689655172413,
        0.8163265306122449,
        0.76,
        0.8461538461538461
    ]
}