{
    "Bins": [
        20.0,
        21.0,
        22.0,
        23.0,
        24.0,
        25.0,
        26.0,
        27.0,
        28.0,
        29.0,
        30.0,
        31.0,
        32.0,
        33.0,
        34.0,
        35.0,
        36.0,
        37.0,
        38.0,
        39.0,
        40.0,
        41.0,
        42.0,
        43.0,
        44.0,
        45.0,
        46.0,
        47.0,
        48.0,
        49.0,
        50.0,
        51.0,
        52.0,
        53.0,
        54.0,
        55.0,
        56.0,
        57.0,
        58.0,
        59.0,
        60.0
    ],
    "Efficiency": [
        0.31210191082802546,
        0.2849740932642487,
        0.27340823970037453,
        0.30756159728122345,
        0.30463096960926195,
        0.30587522713506965,
        0.3326304691618345,
        0.31258644536652835,
        0.3235908141962422,
        0.3459094519459889,
        0.34010695187165774,
        0.34309175294537664,
        0.3549689440993789,
        0.34580012262415694,
        0.356859410430839,
        0.36580680570801316,
        0.3721294363256785,
        0.3658656204021579,
        0.3712660028449502,
        0.3767377201112141,
        0.39947468958930277,
        0.39789322480248984,
        0.3912700499605575,
        0.42110063849194285,
        0.4332191780821918,
        0.4059680777238029,
        0.42454954954954954,
        0.4594594594594595,
        0.41569767441860467,
        0.444,
        0.47530864197530864,
        0.41216216216216217,
        0.40186915887850466,
        0.43820224719101125,
        0.3472222222222222,
        0.3220338983050847,
        0.4482758620689655,
        0.5918367346938775,
        0.42,
        0.5641025641025641
    ]
}