{
    "Bins": [
        20.0,
        21.0,
        22.0,
        23.0,
        24.0,
        25.0,
        26.0,
        27.0,
        28.0,
        29.0,
        30.0,
        31.0,
        32.0,
        33.0,
        34.0,
        35.0,
        36.0,
        37.0,
        38.0,
        39.0,
        40.0,
        41.0,
        42.0,
        43.0,
        44.0,
        45.0,
        46.0,
        47.0,
        48.0,
        49.0,
        50.0,
        51.0,
        52.0,
        53.0,
        54.0,
        55.0,
        56.0,
        57.0,
        58.0,
        59.0,
        60.0
    ],
    "Efficiency": [
        0.9859872611464968,
        0.9740932642487047,
        0.9906367041198502,
        0.989804587935429,
        0.9905933429811867,
        0.9945487583282859,
        0.9873484449130205,
        0.9893960350391886,
        0.9878914405010438,
        0.9864972200158856,
        0.9853832442067736,
        0.9775080328454123,
        0.9785714285714285,
        0.9788473329245861,
        0.9739229024943311,
        0.9706366630076838,
        0.9668580375782881,
        0.9624816086316822,
        0.9620673304883831,
        0.9543558850787767,
        0.9531996179560649,
        0.9466124012449126,
        0.9392584801472522,
        0.9291577987230161,
        0.9233732876712328,
        0.9014573213046495,
        0.8682432432432432,
        0.8731808731808732,
        0.8255813953488372,
        0.804,
        0.7469135802469136,
        0.7027027027027027,
        0.7289719626168224,
        0.6404494382022472,
        0.6527777777777778,
        0.5084745762711864,
        0.5689655172413793,
        0.5918367346938775,
        0.4,
        0.4358974358974359
    ]
}