{
    "Bins": [
        20.0,
        21.0,
        22.0,
        23.0,
        24.0,
        25.0,
        26.0,
        27.0,
        28.0,
        29.0,
        30.0,
        31.0,
        32.0,
        33.0,
        34.0,
        35.0,
        36.0,
        37.0,
        38.0,
        39.0,
        40.0,
        41.0,
        42.0,
        43.0,
        44.0,
        45.0,
        46.0,
        47.0,
        48.0,
        49.0,
        50.0,
        51.0,
        52.0,
        53.0,
        54.0,
        55.0,
        56.0,
        57.0,
        58.0,
        59.0,
        60.0
    ],
    "Efficiency": [
        0.9898089171974522,
        0.9875647668393782,
        0.9943820224719101,
        0.994052676295667,
        0.9942112879884226,
        0.9945487583282859,
        0.9915656299420137,
        0.991701244813278,
        0.9903966597077244,
        0.9845115170770453,
        0.9868092691622103,
        0.9789360942520529,
        0.9807453416149068,
        0.9748620478234212,
        0.9719387755102041,
        0.9665203073545554,
        0.9632045929018789,
        0.9600294261893085,
        0.9570886676149835,
        0.9518072289156626,
        0.9438872970391595,
        0.948288245152023,
        0.937943728635288,
        0.9331103678929766,
        0.9285102739726028,
        0.9007633587786259,
        0.8873873873873874,
        0.8752598752598753,
        0.8633720930232558,
        0.856,
        0.8209876543209876,
        0.8175675675675675,
        0.8411214953271028,
        0.7640449438202247,
        0.8055555555555556,
        0.847457627118644,
        0.7413793103448276,
        0.7551020408163265,
        0.68,
        0.6153846153846154
    ]
}