{
    "Bins": [
        20.0,
        21.0,
        22.0,
        23.0,
        24.0,
        25.0,
        26.0,
        27.0,
        28.0,
        29.0,
        30.0,
        31.0,
        32.0,
        33.0,
        34.0,
        35.0,
        36.0,
        37.0,
        38.0,
        39.0,
        40.0,
        41.0,
        42.0,
        43.0,
        44.0,
        45.0,
        46.0,
        47.0,
        48.0,
        49.0,
        50.0,
        51.0,
        52.0,
        53.0,
        54.0,
        55.0,
        56.0,
        57.0,
        58.0,
        59.0,
        60.0
    ],
    "Efficiency": [
        0.9439490445859873,
        0.9243523316062177,
        0.9438202247191011,
        0.945624468988955,
        0.9486251808972503,
        0.9533615990308903,
        0.9536109646810754,
        0.9566620562471185,
        0.9532359081419625,
        0.9463860206513106,
        0.9550802139037433,
        0.9514459121742235,
        0.9540372670807453,
        0.9494175352544452,
        0.949546485260771,
        0.9475850713501647,
        0.9488517745302714,
        0.9509563511525257,
        0.9468942626837363,
        0.9501853568118629,
        0.9479465138490927,
        0.9537945894182428,
        0.9476728898238233,
        0.9477044694435999,
        0.940068493150685,
        0.9125607217210271,
        0.8975225225225225,
        0.8773388773388774,
        0.8459302325581395,
        0.808,
        0.7222222222222222,
        0.6148648648648649,
        0.5607476635514018,
        0.42696629213483145,
        0.3888888888888889,
        0.22033898305084745,
        0.25862068965517243,
        0.2653061224489796,
        0.16,
        0.07692307692307693
    ]
}