{
    "Bins": [
        20.0,
        21.0,
        22.0,
        23.0,
        24.0,
        25.0,
        26.0,
        27.0,
        28.0,
        29.0,
        30.0,
        31.0,
        32.0,
        33.0,
        34.0,
        35.0,
        36.0,
        37.0,
        38.0,
        39.0,
        40.0,
        41.0,
        42.0,
        43.0,
        44.0,
        45.0,
        46.0,
        47.0,
        48.0,
        49.0,
        50.0,
        51.0,
        52.0,
        53.0,
        54.0,
        55.0,
        56.0,
        57.0,
        58.0,
        59.0,
        60.0
    ],
    "Efficiency": [
        0.9770700636942675,
        0.9626943005181348,
        0.9775280898876404,
        0.9719626168224299,
        0.9725036179450073,
        0.9739551786795881,
        0.9609910384818134,
        0.9617335177501153,
        0.9586638830897704,
        0.9479745830023828,
        0.9554367201426025,
        0.9518029275258836,
        0.9518633540372671,
        0.9497240956468425,
        0.9481292517006803,
        0.9475850713501647,
        0.9373695198329853,
        0.9404119666503188,
        0.9419155998103367,
        0.9355885078776645,
        0.9317096466093601,
        0.932008618625808,
        0.9198001577701814,
        0.910915171784737,
        0.8972602739726028,
        0.8688410825815406,
        0.838963963963964,
        0.8212058212058212,
        0.7558139534883721,
        0.708,
        0.6419753086419753,
        0.6148648648648649,
        0.5514018691588785,
        0.449438202247191,
        0.4444444444444444,
        0.288135593220339,
        0.3793103448275862,
        0.4489795918367347,
        0.18,
        0.3076923076923077
    ]
}