{
    "Bins": [
        20.0,
        21.0,
        22.0,
        23.0,
        24.0,
        25.0,
        26.0,
        27.0,
        28.0,
        29.0,
        30.0,
        31.0,
        32.0,
        33.0,
        34.0,
        35.0,
        36.0,
        37.0,
        38.0,
        39.0,
        40.0,
        41.0,
        42.0,
        43.0,
        44.0,
        45.0,
        46.0,
        47.0,
        48.0,
        49.0,
        50.0,
        51.0,
        52.0,
        53.0,
        54.0,
        55.0,
        56.0,
        57.0,
        58.0,
        59.0,
        60.0
    ],
    "Efficiency": [
        0.8178343949044586,
        0.7875647668393783,
        0.8239700374531835,
        0.820730671197961,
        0.8458755426917511,
        0.8334342822531798,
        0.8460727464417501,
        0.8524665744582757,
        0.8492693110647181,
        0.852660841938046,
        0.8705882352941177,
        0.867547304534095,
        0.8791925465838509,
        0.8828939301042306,
        0.8852040816326531,
        0.8767837541163557,
        0.8901356993736952,
        0.9011770475723394,
        0.8994784257942152,
        0.9019925857275255,
        0.9109360076408787,
        0.9245870241800335,
        0.9221667104917171,
        0.9245971419884463,
        0.9383561643835616,
        0.9181124219292158,
        0.9245495495495496,
        0.9542619542619543,
        0.9331395348837209,
        0.928,
        0.8950617283950617,
        0.9324324324324325,
        0.9439252336448598,
        0.9662921348314607,
        0.9027777777777778,
        0.9491525423728814,
        0.9137931034482759,
        0.9183673469387755,
        0.9,
        0.9230769230769231
    ]
}