{
    "Bins": [
        20.0,
        21.0,
        22.0,
        23.0,
        24.0,
        25.0,
        26.0,
        27.0,
        28.0,
        29.0,
        30.0,
        31.0,
        32.0,
        33.0,
        34.0,
        35.0,
        36.0,
        37.0,
        38.0,
        39.0,
        40.0,
        41.0,
        42.0,
        43.0,
        44.0,
        45.0,
        46.0,
        47.0,
        48.0,
        49.0,
        50.0,
        51.0,
        52.0,
        53.0,
        54.0,
        55.0,
        56.0,
        57.0,
        58.0,
        59.0,
        60.0
    ],
    "Efficiency": [
        0.40382165605095544,
        0.39378238341968913,
        0.38670411985018727,
        0.3542905692438403,
        0.3125904486251809,
        0.36826165960024226,
        0.3537163943068002,
        0.3360995850622407,
        0.34321503131524006,
        0.3510722795869738,
        0.33796791443850266,
        0.34844698322027845,
        0.34316770186335405,
        0.33016554261189457,
        0.3469387755102041,
        0.3575740944017563,
        0.3444676409185804,
        0.3420794507111329,
        0.3458985301090564,
        0.3489341983317887,
        0.36843361986628465,
        0.3667704093847259,
        0.35919011306863,
        0.383399209486166,
        0.382277397260274,
        0.3754337265787647,
        0.39864864864864863,
        0.42203742203742206,
        0.38372093023255816,
        0.38,
        0.46296296296296297,
        0.41216216216216217,
        0.35514018691588783,
        0.43820224719101125,
        0.3611111111111111,
        0.288135593220339,
        0.43103448275862066,
        0.4897959183673469,
        0.38,
        0.48717948717948717
    ]
}