{
    "Precision": [
        0.4999731012871034,
        0.9031912471709989,
        1.0
    ],
    "Recall": [
        1.0,
        0.9071271974068246,
        0.0
    ],
    "Precision-Recall AUC": 0.9283761738577792,
    "Chance Level": 0.4999731012871034
}