{
    "Precision": [
        0.4999731012871034,
        0.8779150264693906,
        0.877460152696778,
        1.0
    ],
    "Recall": [
        1.0,
        0.8698973758893865,
        0.8641003913973289,
        0.0
    ],
    "Precision-Recall AUC": 0.905878398310762,
    "Chance Level": 0.4999731012871034
}