{
    "Precision": [
        0.4999731012871034,
        0.8150235158399148,
        0.8613200361784167,
        0.8879461636554171,
        0.9081309545397481,
        0.9285166164925329,
        1.0
    ],
    "Recall": [
        1.0,
        0.9882580801355768,
        0.9734495420247751,
        0.9459172282075078,
        0.8756405600613324,
        0.6347092765201953,
        0.0
    ],
    "Precision-Recall AUC": 0.9406008434769637,
    "Chance Level": 0.4999731012871034
}