{
    "Precision": [
        0.4999731012871034,
        0.7925617081636381,
        0.8332157005600838,
        0.8566738701715851,
        0.8741499914694484,
        0.8880213244816617,
        0.8992457107124712,
        0.9099696480818135,
        0.9203912067658556,
        0.9203900234846458,
        0.9308484465063968,
        0.9423242313480972,
        0.9422135161606269,
        0.9422119439532036,
        0.9422103716602275,
        0.9422087992816913,
        0.9422328644118527,
        1.0
    ],
    "Recall": [
        1.0,
        0.9920106524633822,
        0.9844517074876595,
        0.9757226055495031,
        0.9647876904867584,
        0.9499388021358727,
        0.9284186740911109,
        0.8951969764220097,
        0.8328693055723682,
        0.8328558554923402,
        0.7124372890018695,
        0.47158670594090035,
        0.4658031715288706,
        0.4657897214488426,
        0.46577627136881466,
        0.46576282128878665,
        0.4657493712087587,
        0.0
    ],
    "Precision-Recall AUC": 0.9424032586345165,
    "Chance Level": 0.4999731012871034
}