{
    "Precision": [
        0.3804945649820276,
        0.8024810033873478,
        0.8417293958695232,
        0.8716134249898908,
        0.9012006676358154,
        0.9320486815415822,
        1.0
    ],
    "Recall": [
        1.0,
        0.9976667425449579,
        0.9927156840427953,
        0.9813339403596631,
        0.9525381288413385,
        0.8367857955838834,
        0.0
    ],
    "Precision-Recall AUC": 0.955182500218906,
    "Chance Level": 0.3804945649820276
}