{
    "False Positive Rate": [
        0.0,
        0.048858883494492786,
        0.08857269658539209,
        0.11935661739984131,
        0.15671691972510995,
        0.2242694030151835,
        1.0
    ],
    "True Positive Rate": [
        0.0,
        0.6347092765201953,
        0.8756405600613324,
        0.9459172282075078,
        0.9734495420247751,
        0.9882580801355768,
        1.0
    ],
    "ROC AUC": 0.9468233000288301
}