{
    "Bins": [
        20.0,
        21.0,
        22.0,
        23.0,
        24.0,
        25.0,
        26.0,
        27.0,
        28.0,
        29.0,
        30.0,
        31.0,
        32.0,
        33.0,
        34.0,
        35.0,
        36.0,
        37.0,
        38.0,
        39.0,
        40.0,
        41.0,
        42.0,
        43.0,
        44.0,
        45.0,
        46.0,
        47.0,
        48.0,
        49.0,
        50.0,
        51.0,
        52.0,
        53.0,
        54.0,
        55.0,
        56.0,
        57.0,
        58.0,
        59.0,
        60.0
    ],
    "Efficiency": [
        0.9859872611464968,
        0.9761658031088083,
        0.9822097378277154,
        0.9923534409515717,
        0.9876989869753979,
        0.9915202907328892,
        0.992619926199262,
        0.9907791609036423,
        0.9908141962421712,
        0.9912629070691025,
        0.9935828877005347,
        0.9935737236701179,
        0.9916149068322981,
        0.992949110974862,
        0.9912131519274376,
        0.9914928649835346,
        0.990866388308977,
        0.9936243256498284,
        0.9907539118065434,
        0.992354031510658,
        0.9928366762177651,
        0.9911419679195594,
        0.9939521430449645,
        0.993006993006993,
        0.995291095890411,
        0.9875086745315753,
        0.9921171171171171,
        0.9896049896049897,
        0.9854651162790697,
        0.984,
        0.9938271604938271,
        0.9932432432432432,
        0.9906542056074766,
        0.9887640449438202,
        0.9861111111111112,
        1.0,
        1.0,
        0.9795918367346939,
        0.96,
        1.0
    ]
}