{
    "Bins": [
        20.0,
        21.0,
        22.0,
        23.0,
        24.0,
        25.0,
        26.0,
        27.0,
        28.0,
        29.0,
        30.0,
        31.0,
        32.0,
        33.0,
        34.0,
        35.0,
        36.0,
        37.0,
        38.0,
        39.0,
        40.0,
        41.0,
        42.0,
        43.0,
        44.0,
        45.0,
        46.0,
        47.0,
        48.0,
        49.0,
        50.0,
        51.0,
        52.0,
        53.0,
        54.0,
        55.0,
        56.0,
        57.0,
        58.0,
        59.0,
        60.0
    ],
    "Efficiency": [
        0.9923566878980892,
        0.9886010362694301,
        0.9850187265917603,
        0.9745114698385726,
        0.9645441389290883,
        0.952755905511811,
        0.9493937796520823,
        0.9363762102351314,
        0.9356993736951983,
        0.9324861000794281,
        0.9358288770053476,
        0.9396644055694395,
        0.9496894409937888,
        0.9598405885959534,
        0.9611678004535147,
        0.9651481888035126,
        0.9699895615866388,
        0.9688572829818538,
        0.9715504978662873,
        0.9724281742354032,
        0.973018147086915,
        0.9772564041177879,
        0.9734420194583224,
        0.9732441471571907,
        0.9631849315068494,
        0.952116585704372,
        0.9481981981981982,
        0.9293139293139293,
        0.8953488372093024,
        0.9,
        0.7962962962962963,
        0.75,
        0.7383177570093458,
        0.6067415730337079,
        0.625,
        0.6610169491525424,
        0.5689655172413793,
        0.5714285714285714,
        0.62,
        0.5384615384615384
    ]
}