{
    "Bins": [
        20.0,
        21.0,
        22.0,
        23.0,
        24.0,
        25.0,
        26.0,
        27.0,
        28.0,
        29.0,
        30.0,
        31.0,
        32.0,
        33.0,
        34.0,
        35.0,
        36.0,
        37.0,
        38.0,
        39.0,
        40.0,
        41.0,
        42.0,
        43.0,
        44.0,
        45.0,
        46.0,
        47.0,
        48.0,
        49.0,
        50.0,
        51.0,
        52.0,
        53.0,
        54.0,
        55.0,
        56.0,
        57.0,
        58.0,
        59.0,
        60.0
    ],
    "Efficiency": [
        0.9961783439490446,
        0.9906735751295337,
        0.9906367041198502,
        0.9847068819031436,
        0.9855282199710564,
        0.9818291944276196,
        0.974169741697417,
        0.9681881051175657,
        0.9732776617954071,
        0.9674344718030182,
        0.9704099821746881,
        0.9725098179221706,
        0.9782608695652174,
        0.9800735744941753,
        0.9784580498866213,
        0.9829857299670691,
        0.9856471816283925,
        0.9852869053457577,
        0.9848269321953532,
        0.986793327154773,
        0.9863896848137536,
        0.9909025616471152,
        0.9873783854851433,
        0.986013986013986,
        0.980736301369863,
        0.974323386537127,
        0.9752252252252253,
        0.972972972972973,
        0.9534883720930233,
        0.956,
        0.8888888888888888,
        0.8986486486486487,
        0.8411214953271028,
        0.7865168539325843,
        0.8333333333333334,
        0.8305084745762712,
        0.7241379310344828,
        0.6938775510204082,
        0.74,
        0.5897435897435898
    ]
}