{
    "Bins": [
        20.0,
        21.0,
        22.0,
        23.0,
        24.0,
        25.0,
        26.0,
        27.0,
        28.0,
        29.0,
        30.0,
        31.0,
        32.0,
        33.0,
        34.0,
        35.0,
        36.0,
        37.0,
        38.0,
        39.0,
        40.0,
        41.0,
        42.0,
        43.0,
        44.0,
        45.0,
        46.0,
        47.0,
        48.0,
        49.0,
        50.0,
        51.0,
        52.0,
        53.0,
        54.0,
        55.0,
        56.0,
        57.0,
        58.0,
        59.0,
        60.0
    ],
    "Efficiency": [
        0.9847133757961783,
        0.983419689119171,
        0.9887640449438202,
        0.9889549702633815,
        0.9891461649782923,
        0.9890975166565718,
        0.9910384818133896,
        0.991701244813278,
        0.9866388308977035,
        0.9853057982525815,
        0.9871657754010695,
        0.9871474473402356,
        0.9909937888198758,
        0.9895769466584917,
        0.9869614512471655,
        0.9873765093304061,
        0.9835594989561587,
        0.9870034330554194,
        0.9869606448553817,
        0.9849397590361446,
        0.9811365807067812,
        0.9861144361982284,
        0.9836970812516435,
        0.9814533292794162,
        0.9841609589041096,
        0.974323386537127,
        0.9808558558558559,
        0.9854469854469855,
        0.9709302325581395,
        0.972,
        0.9691358024691358,
        0.9797297297297297,
        0.9906542056074766,
        0.9662921348314607,
        0.9444444444444444,
        0.9830508474576272,
        0.9655172413793104,
        0.9387755102040817,
        0.96,
        1.0
    ]
}