{
    "Bins": [
        20.0,
        21.0,
        22.0,
        23.0,
        24.0,
        25.0,
        26.0,
        27.0,
        28.0,
        29.0,
        30.0,
        31.0,
        32.0,
        33.0,
        34.0,
        35.0,
        36.0,
        37.0,
        38.0,
        39.0,
        40.0,
        41.0,
        42.0,
        43.0,
        44.0,
        45.0,
        46.0,
        47.0,
        48.0,
        49.0,
        50.0,
        51.0,
        52.0,
        53.0,
        54.0,
        55.0,
        56.0,
        57.0,
        58.0,
        59.0,
        60.0
    ],
    "Efficiency": [
        0.9643312101910828,
        0.9564766839378238,
        0.9447565543071161,
        0.9175870858113849,
        0.9117221418234442,
        0.8867353119321624,
        0.871375856615709,
        0.8672199170124482,
        0.8484342379958246,
        0.8629864972200159,
        0.8720142602495544,
        0.8686183505890753,
        0.8878881987577639,
        0.8881054567749846,
        0.8959750566893424,
        0.9152030735455543,
        0.910490605427975,
        0.9264345267287887,
        0.9279279279279279,
        0.9223818350324374,
        0.9333810888252149,
        0.934163275077807,
        0.9358401262161451,
        0.9355427181514138,
        0.918236301369863,
        0.9000693962526024,
        0.8795045045045045,
        0.8731808731808732,
        0.8284883720930233,
        0.828,
        0.7160493827160493,
        0.7364864864864865,
        0.6915887850467289,
        0.6292134831460674,
        0.6527777777777778,
        0.6949152542372882,
        0.5689655172413793,
        0.6530612244897959,
        0.62,
        0.6153846153846154
    ]
}