{
    "Bins": [
        20.0,
        21.0,
        22.0,
        23.0,
        24.0,
        25.0,
        26.0,
        27.0,
        28.0,
        29.0,
        30.0,
        31.0,
        32.0,
        33.0,
        34.0,
        35.0,
        36.0,
        37.0,
        38.0,
        39.0,
        40.0,
        41.0,
        42.0,
        43.0,
        44.0,
        45.0,
        46.0,
        47.0,
        48.0,
        49.0,
        50.0,
        51.0,
        52.0,
        53.0,
        54.0,
        55.0,
        56.0,
        57.0,
        58.0,
        59.0,
        60.0
    ],
    "Efficiency": [
        0.9515923566878981,
        0.9398963730569948,
        0.9597378277153558,
        0.9600679694137638,
        0.9703328509406657,
        0.9727437916414294,
        0.9731154454401687,
        0.9681881051175657,
        0.9728601252609603,
        0.9749801429706116,
        0.9750445632798574,
        0.9742948946804713,
        0.9748447204968944,
        0.9739423666462294,
        0.9682539682539683,
        0.9722832052689352,
        0.9715553235908142,
        0.9688572829818538,
        0.9689426268373637,
        0.9675625579240037,
        0.9677650429799427,
        0.9731864974862341,
        0.970549566132001,
        0.9647309212526604,
        0.9691780821917808,
        0.9555863983344899,
        0.9718468468468469,
        0.9646569646569647,
        0.9593023255813954,
        0.944,
        0.9444444444444444,
        0.9662162162162162,
        0.9532710280373832,
        0.9325842696629213,
        0.9305555555555556,
        0.9661016949152542,
        0.9310344827586207,
        0.9591836734693877,
        0.86,
        1.0
    ]
}