{
    "Bins": [
        20.0,
        21.0,
        22.0,
        23.0,
        24.0,
        25.0,
        26.0,
        27.0,
        28.0,
        29.0,
        30.0,
        31.0,
        32.0,
        33.0,
        34.0,
        35.0,
        36.0,
        37.0,
        38.0,
        39.0,
        40.0,
        41.0,
        42.0,
        43.0,
        44.0,
        45.0,
        46.0,
        47.0,
        48.0,
        49.0,
        50.0,
        51.0,
        52.0,
        53.0,
        54.0,
        55.0,
        56.0,
        57.0,
        58.0,
        59.0,
        60.0
    ],
    "Efficiency": [
        0.9299363057324841,
        0.9160621761658031,
        0.9213483146067416,
        0.9218351741716228,
        0.9240231548480463,
        0.917625681405209,
        0.9214549288350027,
        0.9114799446749654,
        0.9131524008350731,
        0.90945194598888,
        0.9012477718360071,
        0.9043198857550875,
        0.9031055900621118,
        0.9114040465971797,
        0.8934240362811792,
        0.904774972557629,
        0.8914405010438413,
        0.9053457577243746,
        0.8926031294452347,
        0.884383688600556,
        0.8999522445081184,
        0.9006463969355997,
        0.8924533263213252,
        0.896017026451809,
        0.8865582191780822,
        0.8875780707841776,
        0.8873873873873874,
        0.8981288981288982,
        0.9127906976744186,
        0.912,
        0.8641975308641975,
        0.8851351351351351,
        0.8130841121495327,
        0.8089887640449438,
        0.9027777777777778,
        0.8813559322033898,
        0.896551724137931,
        0.9183673469387755,
        0.9,
        0.8974358974358975
    ]
}