{
    "Bins": [
        20.0,
        21.0,
        22.0,
        23.0,
        24.0,
        25.0,
        26.0,
        27.0,
        28.0,
        29.0,
        30.0,
        31.0,
        32.0,
        33.0,
        34.0,
        35.0,
        36.0,
        37.0,
        38.0,
        39.0,
        40.0,
        41.0,
        42.0,
        43.0,
        44.0,
        45.0,
        46.0,
        47.0,
        48.0,
        49.0,
        50.0,
        51.0,
        52.0,
        53.0,
        54.0,
        55.0,
        56.0,
        57.0,
        58.0,
        59.0,
        60.0
    ],
    "Efficiency": [
        0.8828025477707007,
        0.8756476683937824,
        0.9054307116104869,
        0.9099405267629567,
        0.926917510853835,
        0.9321623258631133,
        0.94148655772272,
        0.9391424619640387,
        0.9390396659707725,
        0.9356632247815727,
        0.9433155080213904,
        0.9418064976794002,
        0.9524844720496894,
        0.9530962599632128,
        0.9523809523809523,
        0.9519758507135017,
        0.951722338204593,
        0.9627268268759196,
        0.9577999051683262,
        0.961306765523633,
        0.9591690544412608,
        0.9643284654057936,
        0.9668682618985012,
        0.9641228336880511,
        0.9691780821917808,
        0.9507286606523248,
        0.9707207207207207,
        0.9667359667359667,
        0.9680232558139535,
        0.956,
        0.9691358024691358,
        0.9459459459459459,
        0.9532710280373832,
        0.9662921348314607,
        0.9583333333333334,
        0.9830508474576272,
        0.9827586206896551,
        0.9387755102040817,
        0.94,
        0.9743589743589743
    ]
}