{
    "Bins": [
        20.0,
        21.0,
        22.0,
        23.0,
        24.0,
        25.0,
        26.0,
        27.0,
        28.0,
        29.0,
        30.0,
        31.0,
        32.0,
        33.0,
        34.0,
        35.0,
        36.0,
        37.0,
        38.0,
        39.0,
        40.0,
        41.0,
        42.0,
        43.0,
        44.0,
        45.0,
        46.0,
        47.0,
        48.0,
        49.0,
        50.0,
        51.0,
        52.0,
        53.0,
        54.0,
        55.0,
        56.0,
        57.0,
        58.0,
        59.0,
        60.0
    ],
    "Efficiency": [
        0.8993630573248408,
        0.8901554404145078,
        0.9213483146067416,
        0.9260832625318607,
        0.9334298118668596,
        0.9382192610539067,
        0.9451765946230891,
        0.950207468879668,
        0.9444676409185804,
        0.9459888800635425,
        0.9472370766488414,
        0.950017850767583,
        0.9571428571428572,
        0.9601471489883507,
        0.9603174603174603,
        0.9582875960482986,
        0.9579853862212944,
        0.9649337910740559,
        0.9620673304883831,
        0.964318813716404,
        0.9637058261700095,
        0.968877184582236,
        0.9700236655272153,
        0.9698996655518395,
        0.9755993150684932,
        0.9569743233865371,
        0.9740990990990991,
        0.9646569646569647,
        0.9709302325581395,
        0.956,
        0.9629629629629629,
        0.9459459459459459,
        0.9532710280373832,
        0.9662921348314607,
        0.9583333333333334,
        0.9830508474576272,
        0.9827586206896551,
        0.9183673469387755,
        0.94,
        0.9743589743589743
    ]
}