{
    "Bins": [
        20.0,
        21.0,
        22.0,
        23.0,
        24.0,
        25.0,
        26.0,
        27.0,
        28.0,
        29.0,
        30.0,
        31.0,
        32.0,
        33.0,
        34.0,
        35.0,
        36.0,
        37.0,
        38.0,
        39.0,
        40.0,
        41.0,
        42.0,
        43.0,
        44.0,
        45.0,
        46.0,
        47.0,
        48.0,
        49.0,
        50.0,
        51.0,
        52.0,
        53.0,
        54.0,
        55.0,
        56.0,
        57.0,
        58.0,
        59.0,
        60.0
    ],
    "Efficiency": [
        0.9936305732484076,
        0.9937823834196892,
        0.9906367041198502,
        0.9813084112149533,
        0.9819102749638206,
        0.9800121138703816,
        0.9725882973115445,
        0.9686491470723836,
        0.9720250521920668,
        0.9662430500397141,
        0.9650623885918004,
        0.9714387718671903,
        0.9782608695652174,
        0.976701410177805,
        0.9773242630385488,
        0.9799670691547749,
        0.9806889352818372,
        0.9816086316821971,
        0.9817449027975343,
        0.9826227988878591,
        0.9854345749761223,
        0.9897055302848935,
        0.9839600315540363,
        0.9829735481909395,
        0.9794520547945206,
        0.9701596113809854,
        0.9707207207207207,
        0.9708939708939709,
        0.9505813953488372,
        0.952,
        0.8641975308641975,
        0.8918918918918919,
        0.8598130841121495,
        0.7865168539325843,
        0.8055555555555556,
        0.847457627118644,
        0.7586206896551724,
        0.7755102040816326,
        0.74,
        0.6153846153846154
    ]
}