{
    "Bins": [
        20.0,
        21.0,
        22.0,
        23.0,
        24.0,
        25.0,
        26.0,
        27.0,
        28.0,
        29.0,
        30.0,
        31.0,
        32.0,
        33.0,
        34.0,
        35.0,
        36.0,
        37.0,
        38.0,
        39.0,
        40.0,
        41.0,
        42.0,
        43.0,
        44.0,
        45.0,
        46.0,
        47.0,
        48.0,
        49.0,
        50.0,
        51.0,
        52.0,
        53.0,
        54.0,
        55.0,
        56.0,
        57.0,
        58.0,
        59.0,
        60.0
    ],
    "Efficiency": [
        0.9949044585987261,
        0.9917098445595854,
        0.9897003745318352,
        0.9804587935429057,
        0.9797395079594791,
        0.9806178073894609,
        0.9715340010542962,
        0.9626556016597511,
        0.9649269311064718,
        0.9610802223987291,
        0.9622103386809269,
        0.9667975722956087,
        0.9760869565217392,
        0.9717964438994482,
        0.9747732426303855,
        0.9788693743139407,
        0.9799060542797495,
        0.9833251593918587,
        0.9812707444286392,
        0.982159406858202,
        0.9854345749761223,
        0.9870720612880057,
        0.9808046279253221,
        0.9832775919732442,
        0.9777397260273972,
        0.9666897987508675,
        0.9752252252252253,
        0.975051975051975,
        0.9447674418604651,
        0.932,
        0.8641975308641975,
        0.8648648648648649,
        0.8317757009345794,
        0.7303370786516854,
        0.7777777777777778,
        0.7457627118644068,
        0.6896551724137931,
        0.6530612244897959,
        0.76,
        0.6410256410256411
    ]
}