{
    "Bins": [
        20.0,
        21.0,
        22.0,
        23.0,
        24.0,
        25.0,
        26.0,
        27.0,
        28.0,
        29.0,
        30.0,
        31.0,
        32.0,
        33.0,
        34.0,
        35.0,
        36.0,
        37.0,
        38.0,
        39.0,
        40.0,
        41.0,
        42.0,
        43.0,
        44.0,
        45.0,
        46.0,
        47.0,
        48.0,
        49.0,
        50.0,
        51.0,
        52.0,
        53.0,
        54.0,
        55.0,
        56.0,
        57.0,
        58.0,
        59.0,
        60.0
    ],
    "Efficiency": [
        0.9936305732484076,
        0.9927461139896373,
        0.9934456928838952,
        0.9821580288870009,
        0.984081041968162,
        0.9751665657177468,
        0.9715340010542962,
        0.9635776855693868,
        0.9661795407098122,
        0.965448768864178,
        0.966131907308378,
        0.9739378793288112,
        0.9791925465838509,
        0.9794604537093807,
        0.9759070294784581,
        0.9816136114160263,
        0.9814718162839249,
        0.9830799411476214,
        0.980796586059744,
        0.9803058387395737,
        0.9847182425978988,
        0.9863538424706727,
        0.984485932158822,
        0.9778048038917604,
        0.9764554794520548,
        0.9625260235947258,
        0.9695945945945946,
        0.9501039501039501,
        0.938953488372093,
        0.956,
        0.8703703703703703,
        0.8648648648648649,
        0.897196261682243,
        0.8314606741573034,
        0.7916666666666666,
        0.7966101694915254,
        0.7586206896551724,
        0.7142857142857143,
        0.66,
        0.6410256410256411
    ]
}