{
    "Bins": [
        20.0,
        21.0,
        22.0,
        23.0,
        24.0,
        25.0,
        26.0,
        27.0,
        28.0,
        29.0,
        30.0,
        31.0,
        32.0,
        33.0,
        34.0,
        35.0,
        36.0,
        37.0,
        38.0,
        39.0,
        40.0,
        41.0,
        42.0,
        43.0,
        44.0,
        45.0,
        46.0,
        47.0,
        48.0,
        49.0,
        50.0,
        51.0,
        52.0,
        53.0,
        54.0,
        55.0,
        56.0,
        57.0,
        58.0,
        59.0,
        60.0
    ],
    "Efficiency": [
        0.9859872611464968,
        0.9792746113989638,
        0.9681647940074907,
        0.9447748513169074,
        0.9131693198263386,
        0.8970321017565112,
        0.8697944122298366,
        0.8612263715998156,
        0.8626304801670146,
        0.8657664813343924,
        0.8841354723707665,
        0.88254194930382,
        0.8928571428571429,
        0.9061925199264255,
        0.9061791383219955,
        0.9168496158068057,
        0.9243215031315241,
        0.9310936733692987,
        0.9340919867235656,
        0.938368860055607,
        0.941738299904489,
        0.9533157768733541,
        0.9416250328687878,
        0.9410155062328975,
        0.9310787671232876,
        0.9028452463566967,
        0.8817567567567568,
        0.8648648648648649,
        0.8226744186046512,
        0.8,
        0.7530864197530864,
        0.6621621621621622,
        0.7009345794392523,
        0.651685393258427,
        0.6527777777777778,
        0.6101694915254238,
        0.6724137931034483,
        0.6530612244897959,
        0.54,
        0.6153846153846154
    ]
}