{
    "Bins": [
        20.0,
        21.0,
        22.0,
        23.0,
        24.0,
        25.0,
        26.0,
        27.0,
        28.0,
        29.0,
        30.0,
        31.0,
        32.0,
        33.0,
        34.0,
        35.0,
        36.0,
        37.0,
        38.0,
        39.0,
        40.0,
        41.0,
        42.0,
        43.0,
        44.0,
        45.0,
        46.0,
        47.0,
        48.0,
        49.0,
        50.0,
        51.0,
        52.0,
        53.0,
        54.0,
        55.0,
        56.0,
        57.0,
        58.0,
        59.0,
        60.0
    ],
    "Efficiency": [
        0.9961783439490446,
        0.9937823834196892,
        0.9943820224719101,
        0.9855564995751912,
        0.983357452966715,
        0.9775893397940641,
        0.9683711122825513,
        0.9612724757952974,
        0.9632567849686847,
        0.9646544876886418,
        0.9618538324420678,
        0.964655480185648,
        0.9732919254658385,
        0.9760882893930104,
        0.9793083900226758,
        0.9785949506037321,
        0.9819937369519833,
        0.9850416871015204,
        0.9860123281175913,
        0.9856348470806302,
        0.9861509073543457,
        0.9885084989226718,
        0.9847488824612148,
        0.9829735481909395,
        0.9815924657534246,
        0.970853573907009,
        0.9786036036036037,
        0.9792099792099792,
        0.9563953488372093,
        0.944,
        0.8703703703703703,
        0.8716216216216216,
        0.8598130841121495,
        0.8314606741573034,
        0.875,
        0.8135593220338984,
        0.7758620689655172,
        0.7755102040816326,
        0.76,
        0.6666666666666666
    ]
}