{
    "Bins": [
        20.0,
        21.0,
        22.0,
        23.0,
        24.0,
        25.0,
        26.0,
        27.0,
        28.0,
        29.0,
        30.0,
        31.0,
        32.0,
        33.0,
        34.0,
        35.0,
        36.0,
        37.0,
        38.0,
        39.0,
        40.0,
        41.0,
        42.0,
        43.0,
        44.0,
        45.0,
        46.0,
        47.0,
        48.0,
        49.0,
        50.0,
        51.0,
        52.0,
        53.0,
        54.0,
        55.0,
        56.0,
        57.0,
        58.0,
        59.0,
        60.0
    ],
    "Efficiency": [
        0.710828025477707,
        0.7170984455958549,
        0.7593632958801498,
        0.7740016992353441,
        0.8125904486251809,
        0.8098122350090854,
        0.8376383763837638,
        0.8344859382203781,
        0.8434237995824635,
        0.8431294678316124,
        0.8645276292335116,
        0.8536237058193502,
        0.8732919254658386,
        0.8847332924586143,
        0.8837868480725624,
        0.887211855104281,
        0.8875260960334029,
        0.9024031387935263,
        0.9020862968231389,
        0.9024559777571826,
        0.9116523400191022,
        0.9269810869044769,
        0.9224296607941099,
        0.9288537549407114,
        0.9272260273972602,
        0.9070090215128384,
        0.911036036036036,
        0.9272349272349273,
        0.9011627906976745,
        0.888,
        0.8518518518518519,
        0.8378378378378378,
        0.7663551401869159,
        0.7752808988764045,
        0.6805555555555556,
        0.7627118644067796,
        0.6896551724137931,
        0.6530612244897959,
        0.7,
        0.6153846153846154
    ]
}