{
    "Bins": [
        20.0,
        21.0,
        22.0,
        23.0,
        24.0,
        25.0,
        26.0,
        27.0,
        28.0,
        29.0,
        30.0,
        31.0,
        32.0,
        33.0,
        34.0,
        35.0,
        36.0,
        37.0,
        38.0,
        39.0,
        40.0,
        41.0,
        42.0,
        43.0,
        44.0,
        45.0,
        46.0,
        47.0,
        48.0,
        49.0,
        50.0,
        51.0,
        52.0,
        53.0,
        54.0,
        55.0,
        56.0,
        57.0,
        58.0,
        59.0,
        60.0
    ],
    "Efficiency": [
        0.8114649681528663,
        0.8124352331606217,
        0.8520599250936329,
        0.8462192013593883,
        0.8784370477568741,
        0.8770442156268928,
        0.9045861887190301,
        0.9013370216689719,
        0.9022964509394572,
        0.9027005559968229,
        0.9237076648841355,
        0.9071760085683684,
        0.9195652173913044,
        0.9297976701410178,
        0.9263038548752834,
        0.9283754116355654,
        0.9180584551148225,
        0.9320745463462482,
        0.9331436699857752,
        0.9374420759962928,
        0.937440305635148,
        0.9478094326071344,
        0.9489876413357875,
        0.9513529948312557,
        0.9563356164383562,
        0.9333795975017349,
        0.9414414414414415,
        0.9438669438669439,
        0.9534883720930233,
        0.948,
        0.9444444444444444,
        0.9594594594594594,
        0.9345794392523364,
        0.9662921348314607,
        0.9166666666666666,
        0.9661016949152542,
        0.9482758620689655,
        0.9591836734693877,
        0.9,
        0.9743589743589743
    ]
}