{
    "Bins": [
        20.0,
        21.0,
        22.0,
        23.0,
        24.0,
        25.0,
        26.0,
        27.0,
        28.0,
        29.0,
        30.0,
        31.0,
        32.0,
        33.0,
        34.0,
        35.0,
        36.0,
        37.0,
        38.0,
        39.0,
        40.0,
        41.0,
        42.0,
        43.0,
        44.0,
        45.0,
        46.0,
        47.0,
        48.0,
        49.0,
        50.0,
        51.0,
        52.0,
        53.0,
        54.0,
        55.0,
        56.0,
        57.0,
        58.0,
        59.0,
        60.0
    ],
    "Efficiency": [
        1.0,
        0.9989637305699481,
        1.0,
        1.0,
        1.0,
        0.9993943064809206,
        0.9994728518713759,
        0.9995389580451821,
        1.0,
        0.9996028594122319,
        0.9996434937611408,
        0.9985719385933595,
        0.9987577639751553,
        0.9981606376456161,
        0.9997165532879818,
        0.9991767288693744,
        0.9968684759916493,
        0.996076508092202,
        0.9969179706021811,
        0.9946709916589435,
        0.9945081184336199,
        0.9928178118266698,
        0.9950039442545359,
        0.9911827303131651,
        0.9944349315068494,
        0.9868147120055517,
        0.9921171171171171,
        0.9958419958419958,
        0.9767441860465116,
        0.96,
        0.9753086419753086,
        0.9797297297297297,
        0.9813084112149533,
        0.9775280898876404,
        0.9583333333333334,
        0.9830508474576272,
        0.9655172413793104,
        0.9183673469387755,
        0.88,
        0.8461538461538461
    ]
}