{
    "Bins": [
        20.0,
        21.0,
        22.0,
        23.0,
        24.0,
        25.0,
        26.0,
        27.0,
        28.0,
        29.0,
        30.0,
        31.0,
        32.0,
        33.0,
        34.0,
        35.0,
        36.0,
        37.0,
        38.0,
        39.0,
        40.0,
        41.0,
        42.0,
        43.0,
        44.0,
        45.0,
        46.0,
        47.0,
        48.0,
        49.0,
        50.0,
        51.0,
        52.0,
        53.0,
        54.0,
        55.0,
        56.0,
        57.0,
        58.0,
        59.0,
        60.0
    ],
    "Efficiency": [
        0.5808917197452229,
        0.5751295336787565,
        0.6217228464419475,
        0.6525063721325404,
        0.7105643994211288,
        0.6959418534221684,
        0.7401159725882973,
        0.7611802674043338,
        0.7590814196242172,
        0.7764098490865766,
        0.8053475935828877,
        0.8089967868618351,
        0.8173913043478261,
        0.8412017167381974,
        0.8341836734693877,
        0.8380900109769485,
        0.8499478079331941,
        0.870524767042668,
        0.8674727358937885,
        0.8774328081556997,
        0.8884909264565425,
        0.9011252094804884,
        0.9077044438601104,
        0.9124353906962602,
        0.9267979452054794,
        0.9042331714087439,
        0.8975225225225225,
        0.9251559251559252,
        0.8953488372093024,
        0.912,
        0.9074074074074074,
        0.9324324324324325,
        0.9345794392523364,
        0.9662921348314607,
        0.8472222222222222,
        0.9322033898305084,
        0.9137931034482759,
        0.9591836734693877,
        0.86,
        0.9743589743589743
    ]
}