{
    "Bins": [
        20.0,
        21.0,
        22.0,
        23.0,
        24.0,
        25.0,
        26.0,
        27.0,
        28.0,
        29.0,
        30.0,
        31.0,
        32.0,
        33.0,
        34.0,
        35.0,
        36.0,
        37.0,
        38.0,
        39.0,
        40.0,
        41.0,
        42.0,
        43.0,
        44.0,
        45.0,
        46.0,
        47.0,
        48.0,
        49.0,
        50.0,
        51.0,
        52.0,
        53.0,
        54.0,
        55.0,
        56.0,
        57.0,
        58.0,
        59.0,
        60.0
    ],
    "Efficiency": [
        0.9528662420382166,
        0.9481865284974094,
        0.9672284644194756,
        0.9609175870858114,
        0.975397973950796,
        0.9721380981223501,
        0.9736425935687928,
        0.9783310281235592,
        0.9724425887265136,
        0.9789515488482923,
        0.9803921568627451,
        0.9767940021420921,
        0.9795031055900622,
        0.9760882893930104,
        0.9730725623582767,
        0.973655323819978,
        0.9767745302713987,
        0.9754781755762629,
        0.9746325272641062,
        0.9726598702502317,
        0.9768385864374403,
        0.9727076849413455,
        0.9731790691559296,
        0.9683794466403162,
        0.9755993150684932,
        0.9632199861207494,
        0.9617117117117117,
        0.9584199584199584,
        0.9505813953488372,
        0.948,
        0.9382716049382716,
        0.9594594594594594,
        0.9626168224299065,
        0.9550561797752809,
        0.9166666666666666,
        0.9661016949152542,
        0.896551724137931,
        1.0,
        0.86,
        0.9487179487179487
    ]
}