{
    "Bins": [
        20.0,
        21.0,
        22.0,
        23.0,
        24.0,
        25.0,
        26.0,
        27.0,
        28.0,
        29.0,
        30.0,
        31.0,
        32.0,
        33.0,
        34.0,
        35.0,
        36.0,
        37.0,
        38.0,
        39.0,
        40.0,
        41.0,
        42.0,
        43.0,
        44.0,
        45.0,
        46.0,
        47.0,
        48.0,
        49.0,
        50.0,
        51.0,
        52.0,
        53.0,
        54.0,
        55.0,
        56.0,
        57.0,
        58.0,
        59.0,
        60.0
    ],
    "Efficiency": [
        0.710828025477707,
        0.7191709844559585,
        0.7659176029962547,
        0.7774001699235344,
        0.8191027496382055,
        0.8219261053906723,
        0.8518713758566157,
        0.851083448593822,
        0.858455114822547,
        0.8613979348689436,
        0.8823529411764706,
        0.8700464119957159,
        0.884472049689441,
        0.8957694665849172,
        0.8968253968253969,
        0.897914379802415,
        0.8950939457202505,
        0.9102501226091221,
        0.9113323850165955,
        0.9101019462465245,
        0.9185768863419294,
        0.9344026813502514,
        0.9321588219826453,
        0.937975068409851,
        0.9404965753424658,
        0.919500346981263,
        0.9279279279279279,
        0.9438669438669439,
        0.9447674418604651,
        0.92,
        0.9320987654320988,
        0.9594594594594594,
        0.9252336448598131,
        0.9550561797752809,
        0.9027777777777778,
        0.9661016949152542,
        0.9310344827586207,
        0.9183673469387755,
        0.9,
        0.9743589743589743
    ]
}