{
    "Bins": [
        20.0,
        21.0,
        22.0,
        23.0,
        24.0,
        25.0,
        26.0,
        27.0,
        28.0,
        29.0,
        30.0,
        31.0,
        32.0,
        33.0,
        34.0,
        35.0,
        36.0,
        37.0,
        38.0,
        39.0,
        40.0,
        41.0,
        42.0,
        43.0,
        44.0,
        45.0,
        46.0,
        47.0,
        48.0,
        49.0,
        50.0,
        51.0,
        52.0,
        53.0,
        54.0,
        55.0,
        56.0,
        57.0,
        58.0,
        59.0,
        60.0
    ],
    "Efficiency": [
        0.9273885350318471,
        0.9139896373056995,
        0.9344569288389513,
        0.9371282922684792,
        0.9450072358900145,
        0.9497274379164143,
        0.9625724828676858,
        0.9520516366989396,
        0.9599164926931106,
        0.9559173947577443,
        0.9543672014260249,
        0.9535880042841842,
        0.9596273291925466,
        0.9638258736971184,
        0.9580498866213152,
        0.9618551042810098,
        0.9579853862212944,
        0.967631191760667,
        0.9658605974395448,
        0.9647822057460612,
        0.9646609360076409,
        0.968877184582236,
        0.9710754667367868,
        0.966859227728793,
        0.9751712328767124,
        0.9576682859125607,
        0.9774774774774775,
        0.9708939708939709,
        0.9563953488372093,
        0.964,
        0.9506172839506173,
        0.9662162162162162,
        0.9626168224299065,
        0.9775280898876404,
        0.9861111111111112,
        0.9661016949152542,
        0.9655172413793104,
        0.9387755102040817,
        0.96,
        0.9743589743589743
    ]
}