{
    "False Positive Rate": [
        0.0,
        0.03875983461972804,
        0.0735624889170952,
        0.102802691629257,
        0.13813732535675288,
        0.20300148394262088,
        1.0
    ],
    "True Positive Rate": [
        0.0,
        0.5559861666195686,
        0.8280381629055481,
        0.9247103467764725,
        0.9642189118996676,
        0.9853323106320563,
        1.0
    ],
    "ROC AUC": 0.9482379512458698
}