{
    "Bins": [
        20.0,
        21.0,
        22.0,
        23.0,
        24.0,
        25.0,
        26.0,
        27.0,
        28.0,
        29.0,
        30.0,
        31.0,
        32.0,
        33.0,
        34.0,
        35.0,
        36.0,
        37.0,
        38.0,
        39.0,
        40.0,
        41.0,
        42.0,
        43.0,
        44.0,
        45.0,
        46.0,
        47.0,
        48.0,
        49.0,
        50.0,
        51.0,
        52.0,
        53.0,
        54.0,
        55.0,
        56.0,
        57.0,
        58.0,
        59.0,
        60.0
    ],
    "Efficiency": [
        1.0,
        0.9917355371900827,
        0.9765625,
        1.0,
        0.9946808510638298,
        0.9847715736040609,
        0.9746376811594203,
        0.9584775086505191,
        0.9548022598870056,
        0.9439775910364145,
        0.9511002444987775,
        0.952,
        0.9699769053117783,
        0.9445727482678984,
        0.9660297239915074,
        0.955193482688391,
        0.9646840148698885,
        0.9705340699815838,
        0.9614678899082569,
        0.9577922077922078,
        0.95,
        0.951048951048951,
        0.9557344064386318,
        0.9523809523809523,
        0.9367469879518072,
        0.9401197604790419,
        0.925,
        0.8333333333333334,
        0.8604651162790697,
        0.8571428571428571,
        0.84,
        0.8571428571428571,
        0.625,
        0.5789473684210527,
        0.75,
        0.1111111111111111,
        0.5714285714285714,
        0.2222222222222222,
        0.125,
        0.3333333333333333
    ]
}