{
    "Bins": [
        20.0,
        21.0,
        22.0,
        23.0,
        24.0,
        25.0,
        26.0,
        27.0,
        28.0,
        29.0,
        30.0,
        31.0,
        32.0,
        33.0,
        34.0,
        35.0,
        36.0,
        37.0,
        38.0,
        39.0,
        40.0,
        41.0,
        42.0,
        43.0,
        44.0,
        45.0,
        46.0,
        47.0,
        48.0,
        49.0,
        50.0,
        51.0,
        52.0,
        53.0,
        54.0,
        55.0,
        56.0,
        57.0,
        58.0,
        59.0,
        60.0
    ],
    "Efficiency": [
        0.9893617021276596,
        0.9917355371900827,
        0.9921875,
        1.0,
        1.0,
        1.0,
        0.9963768115942029,
        0.9965397923875432,
        0.9915254237288136,
        0.9803921568627451,
        0.9828850855745721,
        0.992,
        0.9815242494226328,
        0.9861431870669746,
        0.9915074309978769,
        0.9877800407331976,
        0.9739776951672863,
        0.9723756906077348,
        0.9706422018348624,
        0.9772727272727273,
        0.9625,
        0.9597902097902098,
        0.9698189134808853,
        0.963718820861678,
        0.9518072289156626,
        0.9520958083832335,
        0.9416666666666667,
        0.8888888888888888,
        1.0,
        1.0,
        0.8,
        1.0,
        0.75,
        0.6842105263157895,
        0.875,
        0.5555555555555556,
        0.8571428571428571,
        0.6666666666666666,
        0.5,
        0.8333333333333334
    ]
}