{
    "Bins": [
        20.0,
        21.0,
        22.0,
        23.0,
        24.0,
        25.0,
        26.0,
        27.0,
        28.0,
        29.0,
        30.0,
        31.0,
        32.0,
        33.0,
        34.0,
        35.0,
        36.0,
        37.0,
        38.0,
        39.0,
        40.0,
        41.0,
        42.0,
        43.0,
        44.0,
        45.0,
        46.0,
        47.0,
        48.0,
        49.0,
        50.0,
        51.0,
        52.0,
        53.0,
        54.0,
        55.0,
        56.0,
        57.0,
        58.0,
        59.0,
        60.0
    ],
    "Efficiency": [
        0.9574468085106383,
        0.9586776859504132,
        0.9296875,
        0.9554140127388535,
        0.9148936170212766,
        0.8730964467005076,
        0.8840579710144928,
        0.8719723183391004,
        0.847457627118644,
        0.8711484593837535,
        0.8679706601466992,
        0.8453333333333334,
        0.8521939953810623,
        0.8752886836027713,
        0.8980891719745223,
        0.879837067209776,
        0.8866171003717472,
        0.8747697974217311,
        0.8917431192660551,
        0.900974025974026,
        0.8928571428571429,
        0.8898601398601399,
        0.8933601609657947,
        0.8979591836734694,
        0.8765060240963856,
        0.8143712574850299,
        0.7583333333333333,
        0.6944444444444444,
        0.7674418604651163,
        0.5714285714285714,
        0.72,
        0.7142857142857143,
        0.5,
        0.47368421052631576,
        0.5,
        0.5555555555555556,
        0.7142857142857143,
        0.3333333333333333,
        0.375,
        0.5
    ]
}