{
    "Bins": [
        20.0,
        21.0,
        22.0,
        23.0,
        24.0,
        25.0,
        26.0,
        27.0,
        28.0,
        29.0,
        30.0,
        31.0,
        32.0,
        33.0,
        34.0,
        35.0,
        36.0,
        37.0,
        38.0,
        39.0,
        40.0,
        41.0,
        42.0,
        43.0,
        44.0,
        45.0,
        46.0,
        47.0,
        48.0,
        49.0,
        50.0,
        51.0,
        52.0,
        53.0,
        54.0,
        55.0,
        56.0,
        57.0,
        58.0,
        59.0,
        60.0
    ],
    "Efficiency": [
        1.0,
        0.9917355371900827,
        0.9921875,
        1.0,
        0.9946808510638298,
        0.9949238578680203,
        1.0,
        1.0,
        1.0,
        1.0,
        0.9951100244498777,
        1.0,
        0.9953810623556582,
        0.9930715935334873,
        1.0,
        0.9938900203665988,
        0.9944237918215614,
        0.9871086556169429,
        0.9908256880733946,
        0.9951298701298701,
        0.9910714285714286,
        0.9947552447552448,
        0.9839034205231388,
        0.9841269841269841,
        0.9759036144578314,
        0.9700598802395209,
        0.975,
        0.9444444444444444,
        0.9767441860465116,
        0.9642857142857143,
        0.96,
        1.0,
        0.9375,
        0.9473684210526315,
        1.0,
        1.0,
        1.0,
        0.8888888888888888,
        0.625,
        1.0
    ]
}