{
    "Bins": [
        20.0,
        21.0,
        22.0,
        23.0,
        24.0,
        25.0,
        26.0,
        27.0,
        28.0,
        29.0,
        30.0,
        31.0,
        32.0,
        33.0,
        34.0,
        35.0,
        36.0,
        37.0,
        38.0,
        39.0,
        40.0,
        41.0,
        42.0,
        43.0,
        44.0,
        45.0,
        46.0,
        47.0,
        48.0,
        49.0,
        50.0,
        51.0,
        52.0,
        53.0,
        54.0,
        55.0,
        56.0,
        57.0,
        58.0,
        59.0,
        60.0
    ],
    "Efficiency": [
        0.9787234042553191,
        0.9669421487603306,
        0.984375,
        0.9808917197452229,
        0.9627659574468085,
        0.9695431472081218,
        0.9710144927536232,
        0.9826989619377162,
        0.943502824858757,
        0.9607843137254902,
        0.9511002444987775,
        0.9706666666666667,
        0.9630484988452656,
        0.9676674364896074,
        0.9617834394904459,
        0.955193482688391,
        0.9572490706319703,
        0.9502762430939227,
        0.9467889908256881,
        0.9594155844155844,
        0.9517857142857142,
        0.9405594405594405,
        0.9356136820925554,
        0.9455782312925171,
        0.9307228915662651,
        0.874251497005988,
        0.8333333333333334,
        0.75,
        0.6976744186046512,
        0.5357142857142857,
        0.44,
        0.35714285714285715,
        0.3125,
        0.21052631578947367,
        0.375,
        0.0,
        0.2857142857142857,
        0.1111111111111111,
        0.25,
        0.5
    ]
}