{
    "Bins": [
        20.0,
        21.0,
        22.0,
        23.0,
        24.0,
        25.0,
        26.0,
        27.0,
        28.0,
        29.0,
        30.0,
        31.0,
        32.0,
        33.0,
        34.0,
        35.0,
        36.0,
        37.0,
        38.0,
        39.0,
        40.0,
        41.0,
        42.0,
        43.0,
        44.0,
        45.0,
        46.0,
        47.0,
        48.0,
        49.0,
        50.0,
        51.0,
        52.0,
        53.0,
        54.0,
        55.0,
        56.0,
        57.0,
        58.0,
        59.0,
        60.0
    ],
    "Efficiency": [
        0.7446808510638298,
        0.8842975206611571,
        0.8359375,
        0.8598726114649682,
        0.9042553191489362,
        0.8426395939086294,
        0.8260869565217391,
        0.8235294117647058,
        0.7909604519774012,
        0.7955182072829131,
        0.7701711491442543,
        0.7653333333333333,
        0.7598152424942263,
        0.7413394919168591,
        0.7176220806794055,
        0.6476578411405295,
        0.6319702602230484,
        0.6077348066298343,
        0.5486238532110091,
        0.5162337662337663,
        0.49107142857142855,
        0.42482517482517484,
        0.39436619718309857,
        0.3945578231292517,
        0.3433734939759036,
        0.38323353293413176,
        0.4,
        0.2638888888888889,
        0.3953488372093023,
        0.35714285714285715,
        0.4,
        0.5,
        0.4375,
        0.42105263157894735,
        0.25,
        0.1111111111111111,
        0.42857142857142855,
        0.4444444444444444,
        0.375,
        0.16666666666666666
    ]
}