{
    "Bins": [
        20.0,
        21.0,
        22.0,
        23.0,
        24.0,
        25.0,
        26.0,
        27.0,
        28.0,
        29.0,
        30.0,
        31.0,
        32.0,
        33.0,
        34.0,
        35.0,
        36.0,
        37.0,
        38.0,
        39.0,
        40.0,
        41.0,
        42.0,
        43.0,
        44.0,
        45.0,
        46.0,
        47.0,
        48.0,
        49.0,
        50.0,
        51.0,
        52.0,
        53.0,
        54.0,
        55.0,
        56.0,
        57.0,
        58.0,
        59.0,
        60.0
    ],
    "Efficiency": [
        0.8191489361702128,
        0.8347107438016529,
        0.859375,
        0.8280254777070064,
        0.8297872340425532,
        0.868020304568528,
        0.8659420289855072,
        0.8096885813148789,
        0.8333333333333334,
        0.8627450980392157,
        0.8581907090464548,
        0.8666666666666667,
        0.8799076212471132,
        0.8660508083140878,
        0.8980891719745223,
        0.8859470468431772,
        0.8531598513011153,
        0.8913443830570903,
        0.8972477064220183,
        0.9204545454545454,
        0.9017857142857143,
        0.9318181818181818,
        0.9114688128772636,
        0.9297052154195011,
        0.9066265060240963,
        0.9041916167664671,
        0.925,
        0.8888888888888888,
        0.9069767441860465,
        0.9642857142857143,
        0.92,
        1.0,
        0.9375,
        0.9473684210526315,
        0.875,
        1.0,
        1.0,
        1.0,
        0.625,
        1.0
    ]
}