{
    "Bins": [
        20.0,
        21.0,
        22.0,
        23.0,
        24.0,
        25.0,
        26.0,
        27.0,
        28.0,
        29.0,
        30.0,
        31.0,
        32.0,
        33.0,
        34.0,
        35.0,
        36.0,
        37.0,
        38.0,
        39.0,
        40.0,
        41.0,
        42.0,
        43.0,
        44.0,
        45.0,
        46.0,
        47.0,
        48.0,
        49.0,
        50.0,
        51.0,
        52.0,
        53.0,
        54.0,
        55.0,
        56.0,
        57.0,
        58.0,
        59.0,
        60.0
    ],
    "Efficiency": [
        0.44680851063829785,
        0.5206611570247934,
        0.515625,
        0.4968152866242038,
        0.48936170212765956,
        0.5380710659898477,
        0.6159420289855072,
        0.4740484429065744,
        0.559322033898305,
        0.5294117647058824,
        0.5427872860635696,
        0.5893333333333334,
        0.5658198614318707,
        0.605080831408776,
        0.6560509554140127,
        0.6089613034623218,
        0.6096654275092936,
        0.6261510128913443,
        0.6256880733944954,
        0.6688311688311688,
        0.6428571428571429,
        0.6625874125874126,
        0.641851106639839,
        0.6893424036281179,
        0.6897590361445783,
        0.6526946107784432,
        0.6666666666666666,
        0.6944444444444444,
        0.7674418604651163,
        0.75,
        0.76,
        0.8571428571428571,
        0.6875,
        0.631578947368421,
        0.625,
        0.5555555555555556,
        0.8571428571428571,
        0.6666666666666666,
        0.5,
        0.8333333333333334
    ]
}