{
    "Bins": [
        20.0,
        21.0,
        22.0,
        23.0,
        24.0,
        25.0,
        26.0,
        27.0,
        28.0,
        29.0,
        30.0,
        31.0,
        32.0,
        33.0,
        34.0,
        35.0,
        36.0,
        37.0,
        38.0,
        39.0,
        40.0,
        41.0,
        42.0,
        43.0,
        44.0,
        45.0,
        46.0,
        47.0,
        48.0,
        49.0,
        50.0,
        51.0,
        52.0,
        53.0,
        54.0,
        55.0,
        56.0,
        57.0,
        58.0,
        59.0,
        60.0
    ],
    "Efficiency": [
        0.9893617021276596,
        0.9752066115702479,
        0.96875,
        0.9936305732484076,
        0.9787234042553191,
        0.9746192893401016,
        0.9746376811594203,
        0.9619377162629758,
        0.9519774011299436,
        0.9467787114845938,
        0.9462102689486552,
        0.952,
        0.9607390300230947,
        0.953810623556582,
        0.9575371549893843,
        0.9470468431771895,
        0.9442379182156134,
        0.9502762430939227,
        0.963302752293578,
        0.9545454545454546,
        0.9482142857142857,
        0.9493006993006993,
        0.959758551307847,
        0.9433106575963719,
        0.9307228915662651,
        0.8982035928143712,
        0.9,
        0.8472222222222222,
        0.8837209302325582,
        0.8928571428571429,
        0.72,
        0.8571428571428571,
        0.5,
        0.42105263157894735,
        0.75,
        0.4444444444444444,
        0.42857142857142855,
        0.2222222222222222,
        0.25,
        0.16666666666666666
    ]
}