{
    "Bins": [
        20.0,
        21.0,
        22.0,
        23.0,
        24.0,
        25.0,
        26.0,
        27.0,
        28.0,
        29.0,
        30.0,
        31.0,
        32.0,
        33.0,
        34.0,
        35.0,
        36.0,
        37.0,
        38.0,
        39.0,
        40.0,
        41.0,
        42.0,
        43.0,
        44.0,
        45.0,
        46.0,
        47.0,
        48.0,
        49.0,
        50.0,
        51.0,
        52.0,
        53.0,
        54.0,
        55.0,
        56.0,
        57.0,
        58.0,
        59.0,
        60.0
    ],
    "Efficiency": [
        0.9787234042553191,
        0.9669421487603306,
        0.953125,
        0.9936305732484076,
        0.973404255319149,
        0.9644670050761421,
        0.9710144927536232,
        0.9757785467128027,
        0.943502824858757,
        0.9355742296918768,
        0.9462102689486552,
        0.96,
        0.9561200923787528,
        0.9422632794457275,
        0.9511677282377919,
        0.9429735234215886,
        0.9368029739776952,
        0.9465930018416207,
        0.9357798165137615,
        0.9448051948051948,
        0.9196428571428571,
        0.9125874125874126,
        0.9235412474849095,
        0.9070294784580499,
        0.8674698795180723,
        0.8682634730538922,
        0.85,
        0.7638888888888888,
        0.7906976744186046,
        0.7142857142857143,
        0.68,
        0.6428571428571429,
        0.5625,
        0.47368421052631576,
        0.375,
        0.0,
        0.2857142857142857,
        0.2222222222222222,
        0.125,
        0.0
    ]
}