{
    "Bins": [
        20.0,
        21.0,
        22.0,
        23.0,
        24.0,
        25.0,
        26.0,
        27.0,
        28.0,
        29.0,
        30.0,
        31.0,
        32.0,
        33.0,
        34.0,
        35.0,
        36.0,
        37.0,
        38.0,
        39.0,
        40.0,
        41.0,
        42.0,
        43.0,
        44.0,
        45.0,
        46.0,
        47.0,
        48.0,
        49.0,
        50.0,
        51.0,
        52.0,
        53.0,
        54.0,
        55.0,
        56.0,
        57.0,
        58.0,
        59.0,
        60.0
    ],
    "Efficiency": [
        0.9893617021276596,
        0.9586776859504132,
        0.9609375,
        0.9808917197452229,
        0.9468085106382979,
        0.9441624365482234,
        0.9601449275362319,
        0.9377162629757786,
        0.9378531073446328,
        0.9243697478991597,
        0.9168704156479217,
        0.9573333333333334,
        0.9376443418013857,
        0.9399538106235565,
        0.9384288747346072,
        0.9307535641547862,
        0.9256505576208178,
        0.9447513812154696,
        0.9394495412844037,
        0.9464285714285714,
        0.9267857142857143,
        0.9318181818181818,
        0.9356136820925554,
        0.9319727891156463,
        0.9096385542168675,
        0.8682634730538922,
        0.8,
        0.7638888888888888,
        0.7906976744186046,
        0.8214285714285714,
        0.48,
        0.7857142857142857,
        0.3125,
        0.3684210526315789,
        0.625,
        0.1111111111111111,
        0.2857142857142857,
        0.4444444444444444,
        0.25,
        0.16666666666666666
    ]
}