{
    "Bins": [
        20.0,
        21.0,
        22.0,
        23.0,
        24.0,
        25.0,
        26.0,
        27.0,
        28.0,
        29.0,
        30.0,
        31.0,
        32.0,
        33.0,
        34.0,
        35.0,
        36.0,
        37.0,
        38.0,
        39.0,
        40.0,
        41.0,
        42.0,
        43.0,
        44.0,
        45.0,
        46.0,
        47.0,
        48.0,
        49.0,
        50.0,
        51.0,
        52.0,
        53.0,
        54.0,
        55.0,
        56.0,
        57.0,
        58.0,
        59.0,
        60.0
    ],
    "Efficiency": [
        0.9893617021276596,
        0.9834710743801653,
        0.9765625,
        1.0,
        0.9893617021276596,
        0.9847715736040609,
        0.9782608695652174,
        0.9826989619377162,
        0.9689265536723164,
        0.957983193277311,
        0.9633251833740831,
        0.976,
        0.9676674364896074,
        0.9630484988452656,
        0.9660297239915074,
        0.9714867617107943,
        0.9572490706319703,
        0.9723756906077348,
        0.9706422018348624,
        0.9675324675324676,
        0.9553571428571429,
        0.9562937062937062,
        0.96579476861167,
        0.9546485260770975,
        0.9337349397590361,
        0.9341317365269461,
        0.9166666666666666,
        0.8194444444444444,
        0.8837209302325582,
        0.9642857142857143,
        0.64,
        0.9285714285714286,
        0.625,
        0.47368421052631576,
        0.875,
        0.2222222222222222,
        0.5714285714285714,
        0.3333333333333333,
        0.25,
        0.6666666666666666
    ]
}