{
    "Bins": [
        20.0,
        21.0,
        22.0,
        23.0,
        24.0,
        25.0,
        26.0,
        27.0,
        28.0,
        29.0,
        30.0,
        31.0,
        32.0,
        33.0,
        34.0,
        35.0,
        36.0,
        37.0,
        38.0,
        39.0,
        40.0,
        41.0,
        42.0,
        43.0,
        44.0,
        45.0,
        46.0,
        47.0,
        48.0,
        49.0,
        50.0,
        51.0,
        52.0,
        53.0,
        54.0,
        55.0,
        56.0,
        57.0,
        58.0,
        59.0,
        60.0
    ],
    "Efficiency": [
        0.723404255319149,
        0.7024793388429752,
        0.71875,
        0.7006369426751592,
        0.7340425531914894,
        0.7614213197969543,
        0.7862318840579711,
        0.7301038062283737,
        0.7542372881355932,
        0.7703081232492998,
        0.7457212713936431,
        0.768,
        0.8106235565819861,
        0.7806004618937644,
        0.8131634819532909,
        0.8085539714867617,
        0.7955390334572491,
        0.8176795580110497,
        0.8146788990825689,
        0.8425324675324676,
        0.8196428571428571,
        0.833916083916084,
        0.8329979879275654,
        0.8571428571428571,
        0.8493975903614458,
        0.8323353293413174,
        0.85,
        0.8194444444444444,
        0.8837209302325582,
        0.9285714285714286,
        0.92,
        0.9285714285714286,
        0.9375,
        0.7894736842105263,
        1.0,
        0.8888888888888888,
        0.8571428571428571,
        0.7777777777777778,
        0.625,
        1.0
    ]
}