{
    "Bins": [
        20.0,
        21.0,
        22.0,
        23.0,
        24.0,
        25.0,
        26.0,
        27.0,
        28.0,
        29.0,
        30.0,
        31.0,
        32.0,
        33.0,
        34.0,
        35.0,
        36.0,
        37.0,
        38.0,
        39.0,
        40.0,
        41.0,
        42.0,
        43.0,
        44.0,
        45.0,
        46.0,
        47.0,
        48.0,
        49.0,
        50.0,
        51.0,
        52.0,
        53.0,
        54.0,
        55.0,
        56.0,
        57.0,
        58.0,
        59.0,
        60.0
    ],
    "Efficiency": [
        0.425531914893617,
        0.4297520661157025,
        0.4140625,
        0.5031847133757962,
        0.48936170212765956,
        0.47715736040609136,
        0.5579710144927537,
        0.532871972318339,
        0.53954802259887,
        0.5182072829131653,
        0.5745721271393643,
        0.6053333333333333,
        0.5796766743648961,
        0.605080831408776,
        0.6199575371549894,
        0.615071283095723,
        0.6059479553903345,
        0.6629834254143646,
        0.653211009174312,
        0.6558441558441559,
        0.7142857142857143,
        0.6958041958041958,
        0.682092555331992,
        0.7074829931972789,
        0.7379518072289156,
        0.7425149700598802,
        0.7833333333333333,
        0.6527777777777778,
        0.7209302325581395,
        0.7142857142857143,
        0.84,
        0.9285714285714286,
        0.625,
        0.8421052631578947,
        0.5,
        0.7777777777777778,
        0.8571428571428571,
        0.7777777777777778,
        0.75,
        0.8333333333333334
    ]
}