{
    "Bins": [
        20.0,
        21.0,
        22.0,
        23.0,
        24.0,
        25.0,
        26.0,
        27.0,
        28.0,
        29.0,
        30.0,
        31.0,
        32.0,
        33.0,
        34.0,
        35.0,
        36.0,
        37.0,
        38.0,
        39.0,
        40.0,
        41.0,
        42.0,
        43.0,
        44.0,
        45.0,
        46.0,
        47.0,
        48.0,
        49.0,
        50.0,
        51.0,
        52.0,
        53.0,
        54.0,
        55.0,
        56.0,
        57.0,
        58.0,
        59.0,
        60.0
    ],
    "Efficiency": [
        0.5106382978723404,
        0.5289256198347108,
        0.5390625,
        0.535031847133758,
        0.5851063829787234,
        0.6192893401015228,
        0.6956521739130435,
        0.5951557093425606,
        0.632768361581921,
        0.6274509803921569,
        0.6625916870415648,
        0.696,
        0.6766743648960739,
        0.6951501154734411,
        0.7622080679405521,
        0.7209775967413442,
        0.7007434944237918,
        0.7624309392265194,
        0.7541284403669725,
        0.7873376623376623,
        0.8071428571428572,
        0.7797202797202797,
        0.772635814889336,
        0.8095238095238095,
        0.8192771084337349,
        0.7844311377245509,
        0.8583333333333333,
        0.7638888888888888,
        0.813953488372093,
        0.8214285714285714,
        0.88,
        0.9285714285714286,
        0.75,
        0.7894736842105263,
        0.875,
        0.7777777777777778,
        0.8571428571428571,
        0.7777777777777778,
        0.625,
        1.0
    ]
}