{
    "Bins": [
        20.0,
        21.0,
        22.0,
        23.0,
        24.0,
        25.0,
        26.0,
        27.0,
        28.0,
        29.0,
        30.0,
        31.0,
        32.0,
        33.0,
        34.0,
        35.0,
        36.0,
        37.0,
        38.0,
        39.0,
        40.0,
        41.0,
        42.0,
        43.0,
        44.0,
        45.0,
        46.0,
        47.0,
        48.0,
        49.0,
        50.0,
        51.0,
        52.0,
        53.0,
        54.0,
        55.0,
        56.0,
        57.0,
        58.0,
        59.0,
        60.0
    ],
    "Efficiency": [
        0.9574468085106383,
        0.9421487603305785,
        0.953125,
        0.9617834394904459,
        0.9574468085106383,
        0.9695431472081218,
        0.9710144927536232,
        0.9653979238754326,
        0.943502824858757,
        0.938375350140056,
        0.9364303178484108,
        0.9653333333333334,
        0.9561200923787528,
        0.9561200923787528,
        0.9554140127388535,
        0.9511201629327902,
        0.9442379182156134,
        0.9594843462246777,
        0.9522935779816514,
        0.9594155844155844,
        0.9357142857142857,
        0.9475524475524476,
        0.9476861167002012,
        0.9478458049886621,
        0.9367469879518072,
        0.9161676646706587,
        0.9,
        0.8055555555555556,
        0.8604651162790697,
        0.8571428571428571,
        0.76,
        0.8571428571428571,
        0.5,
        0.3684210526315789,
        0.375,
        0.1111111111111111,
        0.2857142857142857,
        0.2222222222222222,
        0.125,
        0.16666666666666666
    ]
}