{
    "Bins": [
        20.0,
        21.0,
        22.0,
        23.0,
        24.0,
        25.0,
        26.0,
        27.0,
        28.0,
        29.0,
        30.0,
        31.0,
        32.0,
        33.0,
        34.0,
        35.0,
        36.0,
        37.0,
        38.0,
        39.0,
        40.0,
        41.0,
        42.0,
        43.0,
        44.0,
        45.0,
        46.0,
        47.0,
        48.0,
        49.0,
        50.0,
        51.0,
        52.0,
        53.0,
        54.0,
        55.0,
        56.0,
        57.0,
        58.0,
        59.0,
        60.0
    ],
    "Efficiency": [
        0.9680851063829787,
        0.9421487603305785,
        0.984375,
        0.9808917197452229,
        0.9840425531914894,
        0.9695431472081218,
        0.967391304347826,
        0.9792387543252595,
        0.9661016949152542,
        0.9663865546218487,
        0.9731051344743277,
        0.9706666666666667,
        0.9745958429561201,
        0.9607390300230947,
        0.9681528662420382,
        0.9735234215885947,
        0.9684014869888475,
        0.9705340699815838,
        0.9541284403669725,
        0.9707792207792207,
        0.9553571428571429,
        0.9597902097902098,
        0.9517102615694165,
        0.9478458049886621,
        0.9337349397590361,
        0.9401197604790419,
        0.9416666666666667,
        0.9583333333333334,
        0.9534883720930233,
        0.9642857142857143,
        0.96,
        1.0,
        0.9375,
        0.8947368421052632,
        0.875,
        0.8888888888888888,
        0.8571428571428571,
        0.8888888888888888,
        0.5,
        0.8333333333333334
    ]
}