{
    "Bins": [
        20.0,
        21.0,
        22.0,
        23.0,
        24.0,
        25.0,
        26.0,
        27.0,
        28.0,
        29.0,
        30.0,
        31.0,
        32.0,
        33.0,
        34.0,
        35.0,
        36.0,
        37.0,
        38.0,
        39.0,
        40.0,
        41.0,
        42.0,
        43.0,
        44.0,
        45.0,
        46.0,
        47.0,
        48.0,
        49.0,
        50.0,
        51.0,
        52.0,
        53.0,
        54.0,
        55.0,
        56.0,
        57.0,
        58.0,
        59.0,
        60.0
    ],
    "Efficiency": [
        0.9893617021276596,
        0.9834710743801653,
        0.953125,
        0.9872611464968153,
        0.9840425531914894,
        0.9644670050761421,
        0.9746376811594203,
        0.972318339100346,
        0.9491525423728814,
        0.9439775910364145,
        0.9437652811735942,
        0.96,
        0.9515011547344111,
        0.9630484988452656,
        0.9596602972399151,
        0.955193482688391,
        0.949814126394052,
        0.9558011049723757,
        0.9614678899082569,
        0.9642857142857143,
        0.9464285714285714,
        0.9423076923076923,
        0.9476861167002012,
        0.9433106575963719,
        0.9367469879518072,
        0.9041916167664671,
        0.8916666666666667,
        0.8055555555555556,
        0.8837209302325582,
        0.7857142857142857,
        0.68,
        0.7857142857142857,
        0.5,
        0.42105263157894735,
        0.375,
        0.2222222222222222,
        0.42857142857142855,
        0.2222222222222222,
        0.25,
        0.3333333333333333
    ]
}