{
    "Bins": [
        20.0,
        21.0,
        22.0,
        23.0,
        24.0,
        25.0,
        26.0,
        27.0,
        28.0,
        29.0,
        30.0,
        31.0,
        32.0,
        33.0,
        34.0,
        35.0,
        36.0,
        37.0,
        38.0,
        39.0,
        40.0,
        41.0,
        42.0,
        43.0,
        44.0,
        45.0,
        46.0,
        47.0,
        48.0,
        49.0,
        50.0,
        51.0,
        52.0,
        53.0,
        54.0,
        55.0,
        56.0,
        57.0,
        58.0,
        59.0,
        60.0
    ],
    "Efficiency": [
        0.9148936170212766,
        0.9008264462809917,
        0.875,
        0.9363057324840764,
        0.9308510638297872,
        0.8934010152284264,
        0.9021739130434783,
        0.889273356401384,
        0.8785310734463276,
        0.876750700280112,
        0.863080684596577,
        0.872,
        0.8614318706697459,
        0.8868360277136259,
        0.8789808917197452,
        0.8635437881873728,
        0.8866171003717472,
        0.8895027624309392,
        0.908256880733945,
        0.9025974025974026,
        0.9125,
        0.8741258741258742,
        0.9014084507042254,
        0.8526077097505669,
        0.8524096385542169,
        0.8263473053892215,
        0.8416666666666667,
        0.7222222222222222,
        0.7674418604651163,
        0.9285714285714286,
        0.84,
        0.8571428571428571,
        0.4375,
        0.47368421052631576,
        0.25,
        0.2222222222222222,
        0.42857142857142855,
        0.4444444444444444,
        0.0,
        0.3333333333333333
    ]
}