{
    "Bins": [
        20.0,
        21.0,
        22.0,
        23.0,
        24.0,
        25.0,
        26.0,
        27.0,
        28.0,
        29.0,
        30.0,
        31.0,
        32.0,
        33.0,
        34.0,
        35.0,
        36.0,
        37.0,
        38.0,
        39.0,
        40.0,
        41.0,
        42.0,
        43.0,
        44.0,
        45.0,
        46.0,
        47.0,
        48.0,
        49.0,
        50.0,
        51.0,
        52.0,
        53.0,
        54.0,
        55.0,
        56.0,
        57.0,
        58.0,
        59.0,
        60.0
    ],
    "Efficiency": [
        1.0,
        0.9917355371900827,
        0.9921875,
        1.0,
        0.9946808510638298,
        0.9949238578680203,
        1.0,
        1.0,
        0.9971751412429378,
        1.0,
        0.9926650366748166,
        1.0,
        0.9953810623556582,
        0.9930715935334873,
        1.0,
        0.9898167006109979,
        0.9925650557620818,
        0.9852670349907919,
        0.9889908256880734,
        0.9935064935064936,
        0.9910714285714286,
        0.9912587412587412,
        0.9839034205231388,
        0.9795918367346939,
        0.963855421686747,
        0.9640718562874252,
        0.975,
        0.9722222222222222,
        0.9767441860465116,
        0.9642857142857143,
        0.96,
        1.0,
        0.9375,
        0.9473684210526315,
        1.0,
        0.8888888888888888,
        1.0,
        1.0,
        0.5,
        0.8333333333333334
    ]
}