{
    "Bins": [
        20.0,
        21.0,
        22.0,
        23.0,
        24.0,
        25.0,
        26.0,
        27.0,
        28.0,
        29.0,
        30.0,
        31.0,
        32.0,
        33.0,
        34.0,
        35.0,
        36.0,
        37.0,
        38.0,
        39.0,
        40.0,
        41.0,
        42.0,
        43.0,
        44.0,
        45.0,
        46.0,
        47.0,
        48.0,
        49.0,
        50.0,
        51.0,
        52.0,
        53.0,
        54.0,
        55.0,
        56.0,
        57.0,
        58.0,
        59.0,
        60.0
    ],
    "Efficiency": [
        0.9787234042553191,
        0.9669421487603306,
        0.984375,
        0.9745222929936306,
        0.9840425531914894,
        0.9746192893401016,
        0.967391304347826,
        0.9757785467128027,
        0.963276836158192,
        0.9607843137254902,
        0.9682151589242054,
        0.96,
        0.9653579676674365,
        0.9561200923787528,
        0.9596602972399151,
        0.9490835030549898,
        0.9219330855018587,
        0.9318600368324125,
        0.9321100917431193,
        0.948051948051948,
        0.9392857142857143,
        0.951048951048951,
        0.9476861167002012,
        0.9523809523809523,
        0.9367469879518072,
        0.9520958083832335,
        0.9666666666666667,
        0.9722222222222222,
        0.9534883720930233,
        0.9642857142857143,
        0.96,
        1.0,
        0.9375,
        0.9473684210526315,
        1.0,
        1.0,
        1.0,
        0.8888888888888888,
        0.625,
        1.0
    ]
}