{
    "Bins": [
        20.0,
        21.0,
        22.0,
        23.0,
        24.0,
        25.0,
        26.0,
        27.0,
        28.0,
        29.0,
        30.0,
        31.0,
        32.0,
        33.0,
        34.0,
        35.0,
        36.0,
        37.0,
        38.0,
        39.0,
        40.0,
        41.0,
        42.0,
        43.0,
        44.0,
        45.0,
        46.0,
        47.0,
        48.0,
        49.0,
        50.0,
        51.0,
        52.0,
        53.0,
        54.0,
        55.0,
        56.0,
        57.0,
        58.0,
        59.0,
        60.0
    ],
    "Efficiency": [
        0.9893617021276596,
        0.9917355371900827,
        0.9765625,
        1.0,
        0.9946808510638298,
        0.9898477157360406,
        0.9782608695652174,
        0.9792387543252595,
        0.963276836158192,
        0.9523809523809523,
        0.9657701711491442,
        0.976,
        0.9676674364896074,
        0.9584295612009238,
        0.970276008492569,
        0.9653767820773931,
        0.9591078066914498,
        0.9705340699815838,
        0.9706422018348624,
        0.974025974025974,
        0.9535714285714286,
        0.9562937062937062,
        0.959758551307847,
        0.9614512471655329,
        0.9487951807228916,
        0.9341317365269461,
        0.9083333333333333,
        0.8333333333333334,
        0.8837209302325582,
        0.8928571428571429,
        0.76,
        0.8571428571428571,
        0.625,
        0.5263157894736842,
        0.625,
        0.1111111111111111,
        0.5714285714285714,
        0.3333333333333333,
        0.25,
        0.5
    ]
}