{
    "Bins": [
        20.0,
        21.0,
        22.0,
        23.0,
        24.0,
        25.0,
        26.0,
        27.0,
        28.0,
        29.0,
        30.0,
        31.0,
        32.0,
        33.0,
        34.0,
        35.0,
        36.0,
        37.0,
        38.0,
        39.0,
        40.0,
        41.0,
        42.0,
        43.0,
        44.0,
        45.0,
        46.0,
        47.0,
        48.0,
        49.0,
        50.0,
        51.0,
        52.0,
        53.0,
        54.0,
        55.0,
        56.0,
        57.0,
        58.0,
        59.0,
        60.0
    ],
    "Efficiency": [
        1.0,
        0.9917355371900827,
        0.9921875,
        1.0,
        1.0,
        0.9949238578680203,
        1.0,
        1.0,
        0.9971751412429378,
        0.9943977591036415,
        0.9926650366748166,
        0.992,
        0.9884526558891455,
        0.9907621247113164,
        1.0,
        0.9816700610997964,
        0.9869888475836431,
        0.9742173112338858,
        0.9688073394495413,
        0.9805194805194806,
        0.9696428571428571,
        0.972027972027972,
        0.9637826961770624,
        0.963718820861678,
        0.9518072289156626,
        0.9401197604790419,
        0.9583333333333334,
        0.9305555555555556,
        0.9534883720930233,
        0.9642857142857143,
        0.92,
        1.0,
        0.8125,
        0.8947368421052632,
        0.75,
        0.7777777777777778,
        1.0,
        0.8888888888888888,
        0.625,
        0.8333333333333334
    ]
}