Classifier,Accuracy,TN,FP,FN,TP,Precision,Recall,F1,MSE,Rate
XGBClassifier,0.94225,1807.0,174.0,57.0,1962.0,0.9185393258426966,0.9717682020802376,0.944404332129964,0.05775,54.49444044064656
HistGradientBoostingClassifier,0.942,1809.0,172.0,60.0,1959.0,0.9192867198498358,0.9702823179791976,0.9440963855421688,0.058,53.90620817461135
ExtraTreesClassifier,0.94,1781.0,200.0,40.0,1979.0,0.9082147774208352,0.9801882119861316,0.942829919009052,0.06,63.287758673942136
VotingClassifier,0.932,1815.0,166.0,106.0,1913.0,0.9201539201539202,0.9474987617632492,0.933626159102001,0.068,56.10830845258931
MLPClassifier,0.92525,1820.0,161.0,138.0,1881.0,0.9211557296767876,0.9316493313521546,0.9263728145776904,0.07475,48.61211778029445
GradientBoostingClassifier,0.9235,1712.0,269.0,37.0,1982.0,0.8804975566414927,0.9816740960871718,0.9283372365339578,0.0765,79.15494697827653
SVC,0.9185,1674.0,307.0,19.0,2000.0,0.8669267446900737,0.9905894006934126,0.9246417013407304,0.0815,93.67975908576136
