{
    "Bins": [
        20.0,
        21.0,
        22.0,
        23.0,
        24.0,
        25.0,
        26.0,
        27.0,
        28.0,
        29.0,
        30.0,
        31.0,
        32.0,
        33.0,
        34.0,
        35.0,
        36.0,
        37.0,
        38.0,
        39.0,
        40.0,
        41.0,
        42.0,
        43.0,
        44.0,
        45.0,
        46.0,
        47.0,
        48.0,
        49.0,
        50.0,
        51.0,
        52.0,
        53.0,
        54.0,
        55.0,
        56.0,
        57.0,
        58.0,
        59.0,
        60.0
    ],
    "Efficiency": [
        0.9532710280373832,
        0.9635627530364372,
        0.9828178694158075,
        0.9537953795379538,
        0.9631449631449631,
        0.966824644549763,
        0.9839080459770115,
        0.9717171717171718,
        0.9811320754716981,
        0.9824561403508771,
        0.9748520710059172,
        0.9749652294853964,
        0.9756756756756757,
        0.9827814569536424,
        0.9744835965978129,
        0.9774346793349169,
        0.976,
        0.9846311475409836,
        0.9790136411332634,
        0.9742533470648815,
        0.9747102212855637,
        0.982086406743941,
        0.9846994535519126,
        0.9869109947643979,
        0.976491862567812,
        0.9777777777777777,
        0.9763313609467456,
        0.9847328244274809,
        0.987012987012987,
        1.0,
        1.0,
        1.0,
        1.0,
        1.0,
        0.9473684210526315,
        1.0,
        1.0,
        1.0,
        0.875,
        1.0
    ]
}