{
    "Bins": [
        20.0,
        21.0,
        22.0,
        23.0,
        24.0,
        25.0,
        26.0,
        27.0,
        28.0,
        29.0,
        30.0,
        31.0,
        32.0,
        33.0,
        34.0,
        35.0,
        36.0,
        37.0,
        38.0,
        39.0,
        40.0,
        41.0,
        42.0,
        43.0,
        44.0,
        45.0,
        46.0,
        47.0,
        48.0,
        49.0,
        50.0,
        51.0,
        52.0,
        53.0,
        54.0,
        55.0,
        56.0,
        57.0,
        58.0,
        59.0,
        60.0
    ],
    "Efficiency": [
        0.7850467289719626,
        0.8016194331983806,
        0.8797250859106529,
        0.9141914191419142,
        0.9213759213759214,
        0.957345971563981,
        0.9563218390804598,
        0.9717171717171718,
        0.9639794168096055,
        0.9856459330143541,
        0.9837278106508875,
        0.9902642559109874,
        0.9945945945945946,
        0.9933774834437086,
        0.982989064398542,
        0.9928741092636579,
        0.9954285714285714,
        0.9969262295081968,
        0.9926547743966422,
        0.9876416065911432,
        0.9894625922023182,
        0.9915700737618546,
        0.9934426229508196,
        0.9921465968586387,
        0.9909584086799277,
        0.9873015873015873,
        0.9881656804733728,
        0.9923664122137404,
        0.974025974025974,
        1.0,
        0.9791666666666666,
        1.0,
        1.0,
        1.0,
        0.9473684210526315,
        1.0,
        0.9333333333333333,
        1.0,
        1.0,
        1.0
    ]
}