{
    "Bins": [
        20.0,
        21.0,
        22.0,
        23.0,
        24.0,
        25.0,
        26.0,
        27.0,
        28.0,
        29.0,
        30.0,
        31.0,
        32.0,
        33.0,
        34.0,
        35.0,
        36.0,
        37.0,
        38.0,
        39.0,
        40.0,
        41.0,
        42.0,
        43.0,
        44.0,
        45.0,
        46.0,
        47.0,
        48.0,
        49.0,
        50.0,
        51.0,
        52.0,
        53.0,
        54.0,
        55.0,
        56.0,
        57.0,
        58.0,
        59.0,
        60.0
    ],
    "Efficiency": [
        0.6869158878504673,
        0.8097165991902834,
        0.8694158075601375,
        0.9240924092409241,
        0.9090909090909091,
        0.9360189573459715,
        0.9586206896551724,
        0.9797979797979798,
        0.9691252144082333,
        0.9760765550239234,
        0.9733727810650887,
        0.9944367176634215,
        0.9824324324324324,
        0.9880794701986755,
        0.9805589307411907,
        0.9881235154394299,
        0.9908571428571429,
        0.9918032786885246,
        0.993704092339979,
        0.9897013388259527,
        0.9915700737618546,
        0.9894625922023182,
        0.9934426229508196,
        0.9882198952879581,
        0.9891500904159132,
        0.9873015873015873,
        0.9881656804733728,
        1.0,
        1.0,
        1.0,
        0.9791666666666666,
        1.0,
        1.0,
        1.0,
        0.9473684210526315,
        0.9166666666666666,
        0.8666666666666667,
        0.9285714285714286,
        1.0,
        1.0
    ]
}