{
    "Bins": [
        20.0,
        21.0,
        22.0,
        23.0,
        24.0,
        25.0,
        26.0,
        27.0,
        28.0,
        29.0,
        30.0,
        31.0,
        32.0,
        33.0,
        34.0,
        35.0,
        36.0,
        37.0,
        38.0,
        39.0,
        40.0,
        41.0,
        42.0,
        43.0,
        44.0,
        45.0,
        46.0,
        47.0,
        48.0,
        49.0,
        50.0,
        51.0,
        52.0,
        53.0,
        54.0,
        55.0,
        56.0,
        57.0,
        58.0,
        59.0,
        60.0
    ],
    "Efficiency": [
        0.7523364485981309,
        0.805668016194332,
        0.8934707903780069,
        0.9471947194719472,
        0.941031941031941,
        0.9739336492890995,
        0.9701149425287356,
        0.9818181818181818,
        0.9708404802744426,
        0.9904306220095693,
        0.9881656804733728,
        0.9958275382475661,
        0.995945945945946,
        0.9960264900662251,
        0.9890643985419199,
        0.996437054631829,
        0.9988571428571429,
        0.9959016393442623,
        0.9979013641133263,
        0.9938208032955715,
        0.9947312961011591,
        0.9968387776606955,
        1.0,
        0.9973821989528796,
        0.9981916817359855,
        0.9936507936507937,
        0.9940828402366864,
        0.9923664122137404,
        0.987012987012987,
        1.0,
        1.0,
        0.9696969696969697,
        1.0,
        1.0,
        0.9473684210526315,
        1.0,
        1.0,
        1.0,
        1.0,
        1.0
    ]
}