{
    "Bins": [
        20.0,
        21.0,
        22.0,
        23.0,
        24.0,
        25.0,
        26.0,
        27.0,
        28.0,
        29.0,
        30.0,
        31.0,
        32.0,
        33.0,
        34.0,
        35.0,
        36.0,
        37.0,
        38.0,
        39.0,
        40.0,
        41.0,
        42.0,
        43.0,
        44.0,
        45.0,
        46.0,
        47.0,
        48.0,
        49.0,
        50.0,
        51.0,
        52.0,
        53.0,
        54.0,
        55.0,
        56.0,
        57.0,
        58.0,
        59.0,
        60.0
    ],
    "Efficiency": [
        0.9345794392523364,
        0.951417004048583,
        0.9450171821305842,
        0.9240924092409241,
        0.9484029484029484,
        0.9312796208530806,
        0.9494252873563218,
        0.9353535353535354,
        0.9382504288164666,
        0.9409888357256778,
        0.9363905325443787,
        0.9346314325452016,
        0.9337837837837838,
        0.9258278145695364,
        0.9331713244228432,
        0.9311163895486936,
        0.9325714285714286,
        0.9323770491803278,
        0.9328436516264428,
        0.933058702368692,
        0.9304531085353003,
        0.9251844046364595,
        0.9278688524590164,
        0.9175392670157068,
        0.9222423146473779,
        0.9079365079365079,
        0.9230769230769231,
        0.9236641221374046,
        0.948051948051948,
        1.0,
        0.9166666666666666,
        0.9090909090909091,
        0.9642857142857143,
        1.0,
        1.0,
        0.9166666666666666,
        0.8,
        1.0,
        0.75,
        1.0
    ]
}