{
    "Bins": [
        20.0,
        21.0,
        22.0,
        23.0,
        24.0,
        25.0,
        26.0,
        27.0,
        28.0,
        29.0,
        30.0,
        31.0,
        32.0,
        33.0,
        34.0,
        35.0,
        36.0,
        37.0,
        38.0,
        39.0,
        40.0,
        41.0,
        42.0,
        43.0,
        44.0,
        45.0,
        46.0,
        47.0,
        48.0,
        49.0,
        50.0,
        51.0,
        52.0,
        53.0,
        54.0,
        55.0,
        56.0,
        57.0,
        58.0,
        59.0,
        60.0
    ],
    "Efficiency": [
        0.5327102803738317,
        0.5951417004048583,
        0.738831615120275,
        0.7854785478547854,
        0.8058968058968059,
        0.8601895734597157,
        0.8781609195402299,
        0.8949494949494949,
        0.8833619210977701,
        0.9314194577352473,
        0.9142011834319527,
        0.9457579972183588,
        0.9486486486486486,
        0.9615894039735099,
        0.9441069258809235,
        0.9536817102137767,
        0.9645714285714285,
        0.9702868852459017,
        0.9653725078698846,
        0.9670442842430484,
        0.9757639620653319,
        0.9736564805057956,
        0.980327868852459,
        0.9738219895287958,
        0.9674502712477396,
        0.9714285714285714,
        0.9704142011834319,
        0.9770992366412213,
        0.974025974025974,
        1.0,
        0.9791666666666666,
        1.0,
        1.0,
        1.0,
        0.9473684210526315,
        1.0,
        0.9333333333333333,
        1.0,
        0.875,
        1.0
    ]
}