{
    "Bins": [
        20.0,
        21.0,
        22.0,
        23.0,
        24.0,
        25.0,
        26.0,
        27.0,
        28.0,
        29.0,
        30.0,
        31.0,
        32.0,
        33.0,
        34.0,
        35.0,
        36.0,
        37.0,
        38.0,
        39.0,
        40.0,
        41.0,
        42.0,
        43.0,
        44.0,
        45.0,
        46.0,
        47.0,
        48.0,
        49.0,
        50.0,
        51.0,
        52.0,
        53.0,
        54.0,
        55.0,
        56.0,
        57.0,
        58.0,
        59.0,
        60.0
    ],
    "Efficiency": [
        0.2803738317757009,
        0.3076923076923077,
        0.422680412371134,
        0.504950495049505,
        0.542997542997543,
        0.542654028436019,
        0.6114942528735632,
        0.7232323232323232,
        0.725557461406518,
        0.759170653907496,
        0.7781065088757396,
        0.7941585535465925,
        0.8094594594594594,
        0.8278145695364238,
        0.8578371810449574,
        0.8444180522565321,
        0.8605714285714285,
        0.9036885245901639,
        0.8782791185729276,
        0.9011328527291452,
        0.8998946259220232,
        0.8956796628029505,
        0.9224043715846995,
        0.925392670157068,
        0.9439421338155516,
        0.9365079365079365,
        0.9408284023668639,
        0.9312977099236641,
        0.948051948051948,
        0.9814814814814815,
        0.9375,
        0.8787878787878788,
        0.9642857142857143,
        1.0,
        0.9473684210526315,
        0.9166666666666666,
        1.0,
        1.0,
        0.875,
        1.0
    ]
}