{
    "Bins": [
        20.0,
        21.0,
        22.0,
        23.0,
        24.0,
        25.0,
        26.0,
        27.0,
        28.0,
        29.0,
        30.0,
        31.0,
        32.0,
        33.0,
        34.0,
        35.0,
        36.0,
        37.0,
        38.0,
        39.0,
        40.0,
        41.0,
        42.0,
        43.0,
        44.0,
        45.0,
        46.0,
        47.0,
        48.0,
        49.0,
        50.0,
        51.0,
        52.0,
        53.0,
        54.0,
        55.0,
        56.0,
        57.0,
        58.0,
        59.0,
        60.0
    ],
    "Efficiency": [
        0.6588785046728972,
        0.6761133603238867,
        0.7766323024054983,
        0.7854785478547854,
        0.8230958230958231,
        0.8696682464454977,
        0.8781609195402299,
        0.8929292929292929,
        0.8833619210977701,
        0.9266347687400319,
        0.908284023668639,
        0.9429763560500696,
        0.9472972972972973,
        0.9576158940397351,
        0.945321992709599,
        0.9548693586698337,
        0.96,
        0.9723360655737705,
        0.9611752360965372,
        0.9691040164778579,
        0.9789251844046365,
        0.9778714436248683,
        0.9836065573770492,
        0.9777486910994765,
        0.969258589511754,
        0.9714285714285714,
        0.9704142011834319,
        0.9847328244274809,
        0.974025974025974,
        1.0,
        0.9791666666666666,
        1.0,
        1.0,
        1.0,
        0.9473684210526315,
        1.0,
        0.9333333333333333,
        1.0,
        0.875,
        1.0
    ]
}