{
    "Bins": [
        20.0,
        21.0,
        22.0,
        23.0,
        24.0,
        25.0,
        26.0,
        27.0,
        28.0,
        29.0,
        30.0,
        31.0,
        32.0,
        33.0,
        34.0,
        35.0,
        36.0,
        37.0,
        38.0,
        39.0,
        40.0,
        41.0,
        42.0,
        43.0,
        44.0,
        45.0,
        46.0,
        47.0,
        48.0,
        49.0,
        50.0,
        51.0,
        52.0,
        53.0,
        54.0,
        55.0,
        56.0,
        57.0,
        58.0,
        59.0,
        60.0
    ],
    "Efficiency": [
        0.6448598130841121,
        0.631578947368421,
        0.7697594501718213,
        0.768976897689769,
        0.8157248157248157,
        0.8436018957345972,
        0.8436781609195402,
        0.907070707070707,
        0.8970840480274442,
        0.9505582137161085,
        0.9319526627218935,
        0.9471488178025035,
        0.9418918918918919,
        0.9496688741721855,
        0.9562575941676792,
        0.9596199524940617,
        0.9668571428571429,
        0.9692622950819673,
        0.9737670514165793,
        0.9701338825952626,
        0.9747102212855637,
        0.9694415173867229,
        0.9836065573770492,
        0.9829842931937173,
        0.9819168173598554,
        0.9746031746031746,
        0.9881656804733728,
        0.9847328244274809,
        0.961038961038961,
        1.0,
        0.9791666666666666,
        1.0,
        1.0,
        1.0,
        0.9473684210526315,
        1.0,
        1.0,
        1.0,
        1.0,
        1.0
    ]
}