{
    "Bins": [
        20.0,
        21.0,
        22.0,
        23.0,
        24.0,
        25.0,
        26.0,
        27.0,
        28.0,
        29.0,
        30.0,
        31.0,
        32.0,
        33.0,
        34.0,
        35.0,
        36.0,
        37.0,
        38.0,
        39.0,
        40.0,
        41.0,
        42.0,
        43.0,
        44.0,
        45.0,
        46.0,
        47.0,
        48.0,
        49.0,
        50.0,
        51.0,
        52.0,
        53.0,
        54.0,
        55.0,
        56.0,
        57.0,
        58.0,
        59.0,
        60.0
    ],
    "Efficiency": [
        0.16822429906542055,
        0.29959514170040485,
        0.4020618556701031,
        0.4884488448844885,
        0.5085995085995086,
        0.5284360189573459,
        0.5954022988505747,
        0.6808080808080809,
        0.7152658662092625,
        0.7783094098883573,
        0.7588757396449705,
        0.8025034770514604,
        0.8256756756756757,
        0.8423841059602649,
        0.8651275820170109,
        0.8622327790973872,
        0.888,
        0.9026639344262295,
        0.9160545645330536,
        0.9052523171987642,
        0.9357218124341412,
        0.9367755532139094,
        0.9508196721311475,
        0.9607329842931938,
        0.9638336347197106,
        0.946031746031746,
        0.9526627218934911,
        0.9541984732824428,
        0.948051948051948,
        1.0,
        0.9791666666666666,
        1.0,
        0.9642857142857143,
        1.0,
        0.9473684210526315,
        1.0,
        1.0,
        1.0,
        1.0,
        1.0
    ]
}