{
    "Bins": [
        20.0,
        21.0,
        22.0,
        23.0,
        24.0,
        25.0,
        26.0,
        27.0,
        28.0,
        29.0,
        30.0,
        31.0,
        32.0,
        33.0,
        34.0,
        35.0,
        36.0,
        37.0,
        38.0,
        39.0,
        40.0,
        41.0,
        42.0,
        43.0,
        44.0,
        45.0,
        46.0,
        47.0,
        48.0,
        49.0,
        50.0,
        51.0,
        52.0,
        53.0,
        54.0,
        55.0,
        56.0,
        57.0,
        58.0,
        59.0,
        60.0
    ],
    "Efficiency": [
        0.6495327102803738,
        0.6761133603238867,
        0.7697594501718213,
        0.8052805280528053,
        0.8206388206388207,
        0.8672985781990521,
        0.8873563218390804,
        0.901010101010101,
        0.8902229845626072,
        0.9346092503987241,
        0.9171597633136095,
        0.9499304589707928,
        0.95,
        0.9642384105960264,
        0.945321992709599,
        0.9572446555819477,
        0.9645714285714285,
        0.9733606557377049,
        0.968520461699895,
        0.9701338825952626,
        0.9799789251844047,
        0.9757639620653319,
        0.9814207650273225,
        0.9764397905759162,
        0.972875226039783,
        0.9714285714285714,
        0.9763313609467456,
        0.9847328244274809,
        0.974025974025974,
        1.0,
        0.9791666666666666,
        1.0,
        1.0,
        1.0,
        0.9473684210526315,
        1.0,
        1.0,
        1.0,
        0.875,
        1.0
    ]
}