{
    "False Positive Rate": [
        0.0,
        0.04655916726064795,
        0.08343531879984399,
        0.1133585271057197,
        0.1473163252955337,
        0.21074007827104374,
        1.0
    ],
    "True Positive Rate": [
        0.0,
        0.6425372230964774,
        0.8721031890139747,
        0.9426892090007936,
        0.9720910839419494,
        0.9883522306957726,
        1.0
    ],
    "ROC AUC": 0.9493808198038144
}