{
    "Bins": [
        20.0,
        21.0,
        22.0,
        23.0,
        24.0,
        25.0,
        26.0,
        27.0,
        28.0,
        29.0,
        30.0,
        31.0,
        32.0,
        33.0,
        34.0,
        35.0,
        36.0,
        37.0,
        38.0,
        39.0,
        40.0,
        41.0,
        42.0,
        43.0,
        44.0,
        45.0,
        46.0,
        47.0,
        48.0,
        49.0,
        50.0,
        51.0,
        52.0,
        53.0,
        54.0,
        55.0,
        56.0,
        57.0,
        58.0,
        59.0,
        60.0
    ],
    "Efficiency": [
        0.9787234042553191,
        0.9421487603305785,
        0.921875,
        0.9617834394904459,
        0.9574468085106383,
        0.9593908629441624,
        0.9637681159420289,
        0.9515570934256056,
        0.9491525423728814,
        0.9523809523809523,
        0.9339853300733496,
        0.9546666666666667,
        0.9422632794457275,
        0.9376443418013857,
        0.940552016985138,
        0.9287169042769857,
        0.9200743494423792,
        0.9465930018416207,
        0.9100917431192661,
        0.8977272727272727,
        0.9107142857142857,
        0.9143356643356644,
        0.8873239436619719,
        0.9115646258503401,
        0.9186746987951807,
        0.9101796407185628,
        0.875,
        0.9166666666666666,
        0.9069767441860465,
        0.8928571428571429,
        0.88,
        0.9285714285714286,
        0.875,
        0.8421052631578947,
        1.0,
        0.6666666666666666,
        1.0,
        0.8888888888888888,
        0.875,
        0.8333333333333334
    ]
}