{
    "Bins": [
        20.0,
        21.0,
        22.0,
        23.0,
        24.0,
        25.0,
        26.0,
        27.0,
        28.0,
        29.0,
        30.0,
        31.0,
        32.0,
        33.0,
        34.0,
        35.0,
        36.0,
        37.0,
        38.0,
        39.0,
        40.0,
        41.0,
        42.0,
        43.0,
        44.0,
        45.0,
        46.0,
        47.0,
        48.0,
        49.0,
        50.0,
        51.0,
        52.0,
        53.0,
        54.0,
        55.0,
        56.0,
        57.0,
        58.0,
        59.0,
        60.0
    ],
    "Efficiency": [
        0.9148936170212766,
        0.8760330578512396,
        0.875,
        0.9235668789808917,
        0.9148936170212766,
        0.9035532994923858,
        0.8913043478260869,
        0.9134948096885813,
        0.8898305084745762,
        0.8823529411764706,
        0.8704156479217604,
        0.896,
        0.8845265588914549,
        0.8822170900692841,
        0.8577494692144374,
        0.8655804480651731,
        0.8494423791821561,
        0.858195211786372,
        0.818348623853211,
        0.8133116883116883,
        0.7946428571428571,
        0.8111888111888111,
        0.8269617706237424,
        0.8253968253968254,
        0.8102409638554217,
        0.8203592814371258,
        0.775,
        0.8333333333333334,
        0.8604651162790697,
        0.6785714285714286,
        0.76,
        0.9285714285714286,
        0.9375,
        0.47368421052631576,
        0.875,
        0.5555555555555556,
        0.8571428571428571,
        0.6666666666666666,
        0.75,
        0.8333333333333334
    ]
}