{
    "Bins": [
        20.0,
        21.0,
        22.0,
        23.0,
        24.0,
        25.0,
        26.0,
        27.0,
        28.0,
        29.0,
        30.0,
        31.0,
        32.0,
        33.0,
        34.0,
        35.0,
        36.0,
        37.0,
        38.0,
        39.0,
        40.0,
        41.0,
        42.0,
        43.0,
        44.0,
        45.0,
        46.0,
        47.0,
        48.0,
        49.0,
        50.0,
        51.0,
        52.0,
        53.0,
        54.0,
        55.0,
        56.0,
        57.0,
        58.0,
        59.0,
        60.0
    ],
    "Efficiency": [
        0.9787234042553191,
        0.9752066115702479,
        0.953125,
        0.9745222929936306,
        0.9893617021276596,
        0.9796954314720813,
        0.9746376811594203,
        0.9688581314878892,
        0.9915254237288136,
        0.969187675070028,
        0.9706601466992665,
        0.9706666666666667,
        0.9584295612009238,
        0.9722863741339491,
        0.9745222929936306,
        0.9674134419551935,
        0.9516728624535316,
        0.9705340699815838,
        0.9467889908256881,
        0.9366883116883117,
        0.9375,
        0.9493006993006993,
        0.937625754527163,
        0.9319727891156463,
        0.9487951807228916,
        0.9221556886227545,
        0.8916666666666667,
        0.9166666666666666,
        0.9534883720930233,
        0.8571428571428571,
        0.96,
        0.8571428571428571,
        0.9375,
        0.8421052631578947,
        0.875,
        0.6666666666666666,
        0.8571428571428571,
        0.7777777777777778,
        0.875,
        1.0
    ]
}