{
    "Bins": [
        20.0,
        21.0,
        22.0,
        23.0,
        24.0,
        25.0,
        26.0,
        27.0,
        28.0,
        29.0,
        30.0,
        31.0,
        32.0,
        33.0,
        34.0,
        35.0,
        36.0,
        37.0,
        38.0,
        39.0,
        40.0,
        41.0,
        42.0,
        43.0,
        44.0,
        45.0,
        46.0,
        47.0,
        48.0,
        49.0,
        50.0,
        51.0,
        52.0,
        53.0,
        54.0,
        55.0,
        56.0,
        57.0,
        58.0,
        59.0,
        60.0
    ],
    "Efficiency": [
        0.9680851063829787,
        0.9669421487603306,
        0.9609375,
        0.9490445859872612,
        0.9627659574468085,
        0.9593908629441624,
        0.9637681159420289,
        0.972318339100346,
        0.963276836158192,
        0.9663865546218487,
        0.9559902200488998,
        0.9706666666666667,
        0.9515011547344111,
        0.9653579676674365,
        0.9681528662420382,
        0.9429735234215886,
        0.9479553903345725,
        0.9539594843462247,
        0.9577981651376147,
        0.9512987012987013,
        0.9267857142857143,
        0.9475524475524476,
        0.9396378269617707,
        0.9410430839002267,
        0.9216867469879518,
        0.9161676646706587,
        0.9416666666666667,
        0.9166666666666666,
        0.8837209302325582,
        0.9285714285714286,
        0.84,
        0.9285714285714286,
        0.875,
        0.6842105263157895,
        1.0,
        0.7777777777777778,
        1.0,
        0.8888888888888888,
        1.0,
        0.8333333333333334
    ]
}