{
    "Bins": [
        20.0,
        21.0,
        22.0,
        23.0,
        24.0,
        25.0,
        26.0,
        27.0,
        28.0,
        29.0,
        30.0,
        31.0,
        32.0,
        33.0,
        34.0,
        35.0,
        36.0,
        37.0,
        38.0,
        39.0,
        40.0,
        41.0,
        42.0,
        43.0,
        44.0,
        45.0,
        46.0,
        47.0,
        48.0,
        49.0,
        50.0,
        51.0,
        52.0,
        53.0,
        54.0,
        55.0,
        56.0,
        57.0,
        58.0,
        59.0,
        60.0
    ],
    "Efficiency": [
        0.9893617021276596,
        1.0,
        0.9765625,
        0.9872611464968153,
        0.9946808510638298,
        0.9949238578680203,
        0.9855072463768116,
        0.986159169550173,
        0.9943502824858758,
        0.9803921568627451,
        0.9828850855745721,
        0.9813333333333333,
        0.9745958429561201,
        0.9699769053117783,
        0.9851380042462845,
        0.9775967413441955,
        0.9684014869888475,
        0.9723756906077348,
        0.9688073394495413,
        0.9724025974025974,
        0.9571428571428572,
        0.965034965034965,
        0.9577464788732394,
        0.9523809523809523,
        0.9668674698795181,
        0.9401197604790419,
        0.975,
        0.9583333333333334,
        0.9069767441860465,
        0.9642857142857143,
        0.96,
        0.9285714285714286,
        0.8125,
        0.9473684210526315,
        1.0,
        0.8888888888888888,
        1.0,
        0.8888888888888888,
        0.875,
        0.8333333333333334
    ]
}