{
    "Bins": [
        20.0,
        21.0,
        22.0,
        23.0,
        24.0,
        25.0,
        26.0,
        27.0,
        28.0,
        29.0,
        30.0,
        31.0,
        32.0,
        33.0,
        34.0,
        35.0,
        36.0,
        37.0,
        38.0,
        39.0,
        40.0,
        41.0,
        42.0,
        43.0,
        44.0,
        45.0,
        46.0,
        47.0,
        48.0,
        49.0,
        50.0,
        51.0,
        52.0,
        53.0,
        54.0,
        55.0,
        56.0,
        57.0,
        58.0,
        59.0,
        60.0
    ],
    "Efficiency": [
        1.0,
        1.0,
        0.9921875,
        1.0,
        0.9840425531914894,
        0.9898477157360406,
        0.9891304347826086,
        0.9653979238754326,
        0.9519774011299436,
        0.957983193277311,
        0.9535452322738386,
        0.9253333333333333,
        0.9145496535796767,
        0.9053117782909931,
        0.9087048832271762,
        0.8778004073319755,
        0.8513011152416357,
        0.852670349907919,
        0.8293577981651377,
        0.8441558441558441,
        0.8142857142857143,
        0.8024475524475524,
        0.8229376257545271,
        0.7664399092970522,
        0.8042168674698795,
        0.7245508982035929,
        0.7083333333333334,
        0.6944444444444444,
        0.7209302325581395,
        0.8214285714285714,
        0.76,
        0.7142857142857143,
        0.5625,
        0.7368421052631579,
        0.75,
        0.7777777777777778,
        0.42857142857142855,
        0.6666666666666666,
        0.5,
        0.5
    ]
}