{
    "Bins": [
        20.0,
        21.0,
        22.0,
        23.0,
        24.0,
        25.0,
        26.0,
        27.0,
        28.0,
        29.0,
        30.0,
        31.0,
        32.0,
        33.0,
        34.0,
        35.0,
        36.0,
        37.0,
        38.0,
        39.0,
        40.0,
        41.0,
        42.0,
        43.0,
        44.0,
        45.0,
        46.0,
        47.0,
        48.0,
        49.0,
        50.0,
        51.0,
        52.0,
        53.0,
        54.0,
        55.0,
        56.0,
        57.0,
        58.0,
        59.0,
        60.0
    ],
    "Efficiency": [
        0.9680851063829787,
        0.9504132231404959,
        0.9453125,
        0.9490445859872612,
        0.9680851063829787,
        0.9695431472081218,
        0.9710144927536232,
        0.9584775086505191,
        0.9576271186440678,
        0.9719887955182073,
        0.9584352078239609,
        0.952,
        0.953810623556582,
        0.9584295612009238,
        0.9639065817409767,
        0.9572301425661914,
        0.9386617100371747,
        0.9447513812154696,
        0.9412844036697248,
        0.9431818181818182,
        0.9428571428571428,
        0.9667832167832168,
        0.9537223340040242,
        0.9478458049886621,
        0.9608433734939759,
        0.9161676646706587,
        0.9083333333333333,
        0.9305555555555556,
        0.9534883720930233,
        0.9285714285714286,
        1.0,
        1.0,
        1.0,
        1.0,
        1.0,
        0.8888888888888888,
        1.0,
        0.7777777777777778,
        0.875,
        0.8333333333333334
    ]
}