{
    "Bins": [
        20.0,
        21.0,
        22.0,
        23.0,
        24.0,
        25.0,
        26.0,
        27.0,
        28.0,
        29.0,
        30.0,
        31.0,
        32.0,
        33.0,
        34.0,
        35.0,
        36.0,
        37.0,
        38.0,
        39.0,
        40.0,
        41.0,
        42.0,
        43.0,
        44.0,
        45.0,
        46.0,
        47.0,
        48.0,
        49.0,
        50.0,
        51.0,
        52.0,
        53.0,
        54.0,
        55.0,
        56.0,
        57.0,
        58.0,
        59.0,
        60.0
    ],
    "Efficiency": [
        0.9680851063829787,
        0.9752066115702479,
        0.96875,
        0.9617834394904459,
        0.9787234042553191,
        0.9695431472081218,
        0.967391304347826,
        0.9653979238754326,
        0.9745762711864406,
        0.9551820728291317,
        0.9682151589242054,
        0.976,
        0.9653579676674365,
        0.9676674364896074,
        0.9660297239915074,
        0.9633401221995926,
        0.9591078066914498,
        0.9834254143646409,
        0.9596330275229358,
        0.961038961038961,
        0.9571428571428572,
        0.9615384615384616,
        0.9557344064386318,
        0.9705215419501134,
        0.963855421686747,
        0.9700598802395209,
        0.975,
        0.9305555555555556,
        0.9767441860465116,
        1.0,
        0.88,
        0.8571428571428571,
        0.875,
        0.9473684210526315,
        1.0,
        1.0,
        1.0,
        1.0,
        1.0,
        0.8333333333333334
    ]
}