{
    "Bins": [
        20.0,
        21.0,
        22.0,
        23.0,
        24.0,
        25.0,
        26.0,
        27.0,
        28.0,
        29.0,
        30.0,
        31.0,
        32.0,
        33.0,
        34.0,
        35.0,
        36.0,
        37.0,
        38.0,
        39.0,
        40.0,
        41.0,
        42.0,
        43.0,
        44.0,
        45.0,
        46.0,
        47.0,
        48.0,
        49.0,
        50.0,
        51.0,
        52.0,
        53.0,
        54.0,
        55.0,
        56.0,
        57.0,
        58.0,
        59.0,
        60.0
    ],
    "Efficiency": [
        0.7553191489361702,
        0.6942148760330579,
        0.7734375,
        0.7452229299363057,
        0.7606382978723404,
        0.8020304568527918,
        0.7536231884057971,
        0.7197231833910035,
        0.827683615819209,
        0.7703081232492998,
        0.7628361858190709,
        0.776,
        0.76905311778291,
        0.8013856812933026,
        0.7983014861995754,
        0.8024439918533605,
        0.7695167286245354,
        0.7826887661141805,
        0.8018348623853211,
        0.797077922077922,
        0.7642857142857142,
        0.7954545454545454,
        0.8088531187122736,
        0.7573696145124716,
        0.7921686746987951,
        0.7844311377245509,
        0.8666666666666667,
        0.8333333333333334,
        0.8372093023255814,
        0.8571428571428571,
        0.76,
        0.8571428571428571,
        0.8125,
        0.8947368421052632,
        0.625,
        0.5555555555555556,
        0.8571428571428571,
        0.7777777777777778,
        0.75,
        0.8333333333333334
    ]
}