{
    "Bins": [
        20.0,
        21.0,
        22.0,
        23.0,
        24.0,
        25.0,
        26.0,
        27.0,
        28.0,
        29.0,
        30.0,
        31.0,
        32.0,
        33.0,
        34.0,
        35.0,
        36.0,
        37.0,
        38.0,
        39.0,
        40.0,
        41.0,
        42.0,
        43.0,
        44.0,
        45.0,
        46.0,
        47.0,
        48.0,
        49.0,
        50.0,
        51.0,
        52.0,
        53.0,
        54.0,
        55.0,
        56.0,
        57.0,
        58.0,
        59.0,
        60.0
    ],
    "Efficiency": [
        1.0,
        0.9834710743801653,
        0.984375,
        0.9936305732484076,
        0.9787234042553191,
        1.0,
        0.967391304347826,
        0.9896193771626297,
        0.9915254237288136,
        0.9803921568627451,
        0.9731051344743277,
        0.9653333333333334,
        0.9792147806004619,
        0.9745958429561201,
        0.9745222929936306,
        0.9735234215885947,
        0.9684014869888475,
        0.9815837937384899,
        0.963302752293578,
        0.9577922077922078,
        0.9535714285714286,
        0.9527972027972028,
        0.9517102615694165,
        0.9455782312925171,
        0.9608433734939759,
        0.9281437125748503,
        0.95,
        0.9444444444444444,
        0.9302325581395349,
        0.8928571428571429,
        0.88,
        1.0,
        0.875,
        0.8421052631578947,
        0.75,
        0.5555555555555556,
        0.8571428571428571,
        0.7777777777777778,
        0.75,
        0.5
    ]
}