{
    "Bins": [
        20.0,
        21.0,
        22.0,
        23.0,
        24.0,
        25.0,
        26.0,
        27.0,
        28.0,
        29.0,
        30.0,
        31.0,
        32.0,
        33.0,
        34.0,
        35.0,
        36.0,
        37.0,
        38.0,
        39.0,
        40.0,
        41.0,
        42.0,
        43.0,
        44.0,
        45.0,
        46.0,
        47.0,
        48.0,
        49.0,
        50.0,
        51.0,
        52.0,
        53.0,
        54.0,
        55.0,
        56.0,
        57.0,
        58.0,
        59.0,
        60.0
    ],
    "Efficiency": [
        0.9893617021276596,
        0.9752066115702479,
        0.953125,
        0.9681528662420382,
        0.9893617021276596,
        0.9796954314720813,
        0.9746376811594203,
        0.9653979238754326,
        0.9887005649717514,
        0.9719887955182073,
        0.9731051344743277,
        0.9733333333333334,
        0.9584295612009238,
        0.9699769053117783,
        0.9723991507430998,
        0.9653767820773931,
        0.9535315985130112,
        0.9686924493554327,
        0.9504587155963303,
        0.9415584415584416,
        0.9357142857142857,
        0.9527972027972028,
        0.9336016096579477,
        0.9342403628117913,
        0.9578313253012049,
        0.9221556886227545,
        0.9,
        0.9027777777777778,
        0.9302325581395349,
        0.8571428571428571,
        0.96,
        0.8571428571428571,
        0.9375,
        0.8947368421052632,
        0.875,
        0.7777777777777778,
        0.8571428571428571,
        0.7777777777777778,
        0.875,
        1.0
    ]
}