{
    "Bins": [
        20.0,
        21.0,
        22.0,
        23.0,
        24.0,
        25.0,
        26.0,
        27.0,
        28.0,
        29.0,
        30.0,
        31.0,
        32.0,
        33.0,
        34.0,
        35.0,
        36.0,
        37.0,
        38.0,
        39.0,
        40.0,
        41.0,
        42.0,
        43.0,
        44.0,
        45.0,
        46.0,
        47.0,
        48.0,
        49.0,
        50.0,
        51.0,
        52.0,
        53.0,
        54.0,
        55.0,
        56.0,
        57.0,
        58.0,
        59.0,
        60.0
    ],
    "Efficiency": [
        0.9787234042553191,
        0.9752066115702479,
        0.953125,
        0.9745222929936306,
        0.9893617021276596,
        0.9796954314720813,
        0.9746376811594203,
        0.9688581314878892,
        0.9915254237288136,
        0.9747899159663865,
        0.9779951100244498,
        0.9706666666666667,
        0.9584295612009238,
        0.9745958429561201,
        0.9787685774946921,
        0.9674134419551935,
        0.9516728624535316,
        0.9723756906077348,
        0.9522935779816514,
        0.9431818181818182,
        0.9410714285714286,
        0.9545454545454546,
        0.9476861167002012,
        0.9387755102040817,
        0.9608433734939759,
        0.9221556886227545,
        0.9083333333333333,
        0.9166666666666666,
        0.9534883720930233,
        0.8571428571428571,
        0.96,
        0.8571428571428571,
        0.9375,
        0.8947368421052632,
        0.875,
        0.7777777777777778,
        0.8571428571428571,
        0.7777777777777778,
        0.875,
        1.0
    ]
}