{
    "Bins": [
        20.0,
        21.0,
        22.0,
        23.0,
        24.0,
        25.0,
        26.0,
        27.0,
        28.0,
        29.0,
        30.0,
        31.0,
        32.0,
        33.0,
        34.0,
        35.0,
        36.0,
        37.0,
        38.0,
        39.0,
        40.0,
        41.0,
        42.0,
        43.0,
        44.0,
        45.0,
        46.0,
        47.0,
        48.0,
        49.0,
        50.0,
        51.0,
        52.0,
        53.0,
        54.0,
        55.0,
        56.0,
        57.0,
        58.0,
        59.0,
        60.0
    ],
    "Efficiency": [
        0.9574468085106383,
        0.9586776859504132,
        0.9453125,
        0.9681528662420382,
        0.973404255319149,
        0.9543147208121827,
        0.9528985507246377,
        0.9377162629757786,
        0.9717514124293786,
        0.9439775910364145,
        0.9584352078239609,
        0.952,
        0.9468822170900693,
        0.9561200923787528,
        0.9575371549893843,
        0.9389002036659878,
        0.9275092936802974,
        0.9558011049723757,
        0.926605504587156,
        0.926948051948052,
        0.9107142857142857,
        0.9178321678321678,
        0.9114688128772636,
        0.909297052154195,
        0.9066265060240963,
        0.874251497005988,
        0.875,
        0.8888888888888888,
        0.8837209302325582,
        0.8571428571428571,
        0.88,
        0.8571428571428571,
        0.8125,
        0.8421052631578947,
        0.875,
        0.6666666666666666,
        0.8571428571428571,
        0.7777777777777778,
        0.875,
        0.8333333333333334
    ]
}