{
    "Bins": [
        20.0,
        21.0,
        22.0,
        23.0,
        24.0,
        25.0,
        26.0,
        27.0,
        28.0,
        29.0,
        30.0,
        31.0,
        32.0,
        33.0,
        34.0,
        35.0,
        36.0,
        37.0,
        38.0,
        39.0,
        40.0,
        41.0,
        42.0,
        43.0,
        44.0,
        45.0,
        46.0,
        47.0,
        48.0,
        49.0,
        50.0,
        51.0,
        52.0,
        53.0,
        54.0,
        55.0,
        56.0,
        57.0,
        58.0,
        59.0,
        60.0
    ],
    "Efficiency": [
        0.9893617021276596,
        0.9834710743801653,
        0.953125,
        0.9745222929936306,
        0.9893617021276596,
        0.9796954314720813,
        0.9746376811594203,
        0.972318339100346,
        0.9915254237288136,
        0.9719887955182073,
        0.9755501222493888,
        0.9733333333333334,
        0.9630484988452656,
        0.976905311778291,
        0.9830148619957537,
        0.9674134419551935,
        0.9553903345724907,
        0.9742173112338858,
        0.9559633027522936,
        0.9431818181818182,
        0.9428571428571428,
        0.965034965034965,
        0.9517102615694165,
        0.9410430839002267,
        0.9668674698795181,
        0.9281437125748503,
        0.925,
        0.9166666666666666,
        0.9534883720930233,
        0.8571428571428571,
        0.96,
        0.8571428571428571,
        0.9375,
        0.8947368421052632,
        0.875,
        0.7777777777777778,
        1.0,
        0.7777777777777778,
        0.875,
        1.0
    ]
}