{
    "Bins": [
        20.0,
        21.0,
        22.0,
        23.0,
        24.0,
        25.0,
        26.0,
        27.0,
        28.0,
        29.0,
        30.0,
        31.0,
        32.0,
        33.0,
        34.0,
        35.0,
        36.0,
        37.0,
        38.0,
        39.0,
        40.0,
        41.0,
        42.0,
        43.0,
        44.0,
        45.0,
        46.0,
        47.0,
        48.0,
        49.0,
        50.0,
        51.0,
        52.0,
        53.0,
        54.0,
        55.0,
        56.0,
        57.0,
        58.0,
        59.0,
        60.0
    ],
    "Efficiency": [
        0.9893617021276596,
        0.9917355371900827,
        0.96875,
        0.9808917197452229,
        0.9680851063829787,
        0.9644670050761421,
        0.9601449275362319,
        0.9619377162629758,
        0.9915254237288136,
        0.9607843137254902,
        0.9633251833740831,
        0.9706666666666667,
        0.9468822170900693,
        0.9445727482678984,
        0.9723991507430998,
        0.9389002036659878,
        0.9535315985130112,
        0.9502762430939227,
        0.9394495412844037,
        0.9383116883116883,
        0.9214285714285714,
        0.9440559440559441,
        0.93158953722334,
        0.9342403628117913,
        0.9457831325301205,
        0.9101796407185628,
        0.9083333333333333,
        0.8611111111111112,
        0.9069767441860465,
        0.9642857142857143,
        0.88,
        0.9285714285714286,
        0.8125,
        0.8421052631578947,
        1.0,
        0.8888888888888888,
        1.0,
        0.8888888888888888,
        0.875,
        1.0
    ]
}