{
    "Bins": [
        20.0,
        21.0,
        22.0,
        23.0,
        24.0,
        25.0,
        26.0,
        27.0,
        28.0,
        29.0,
        30.0,
        31.0,
        32.0,
        33.0,
        34.0,
        35.0,
        36.0,
        37.0,
        38.0,
        39.0,
        40.0,
        41.0,
        42.0,
        43.0,
        44.0,
        45.0,
        46.0,
        47.0,
        48.0,
        49.0,
        50.0,
        51.0,
        52.0,
        53.0,
        54.0,
        55.0,
        56.0,
        57.0,
        58.0,
        59.0,
        60.0
    ],
    "Efficiency": [
        1.0,
        0.9752066115702479,
        0.9921875,
        0.9936305732484076,
        0.9893617021276596,
        0.9898477157360406,
        0.9637681159420289,
        0.9688581314878892,
        0.9717514124293786,
        0.9635854341736695,
        0.9682151589242054,
        0.9706666666666667,
        0.9676674364896074,
        0.9584295612009238,
        0.9617834394904459,
        0.9511201629327902,
        0.9405204460966543,
        0.9465930018416207,
        0.9211009174311927,
        0.9155844155844156,
        0.9107142857142857,
        0.9230769230769231,
        0.9134808853118712,
        0.8979591836734694,
        0.927710843373494,
        0.8922155688622755,
        0.9166666666666666,
        0.9444444444444444,
        0.8837209302325582,
        0.8571428571428571,
        0.84,
        1.0,
        0.8125,
        0.9473684210526315,
        0.875,
        0.4444444444444444,
        0.8571428571428571,
        0.7777777777777778,
        0.75,
        1.0
    ]
}