{
    "Bins": [
        20.0,
        21.0,
        22.0,
        23.0,
        24.0,
        25.0,
        26.0,
        27.0,
        28.0,
        29.0,
        30.0,
        31.0,
        32.0,
        33.0,
        34.0,
        35.0,
        36.0,
        37.0,
        38.0,
        39.0,
        40.0,
        41.0,
        42.0,
        43.0,
        44.0,
        45.0,
        46.0,
        47.0,
        48.0,
        49.0,
        50.0,
        51.0,
        52.0,
        53.0,
        54.0,
        55.0,
        56.0,
        57.0,
        58.0,
        59.0,
        60.0
    ],
    "Efficiency": [
        0.9893617021276596,
        1.0,
        0.9375,
        0.9745222929936306,
        0.9574468085106383,
        0.9644670050761421,
        0.9565217391304348,
        0.9619377162629758,
        0.9774011299435028,
        0.9439775910364145,
        0.9364303178484108,
        0.936,
        0.9330254041570438,
        0.9284064665127021,
        0.940552016985138,
        0.9429735234215886,
        0.929368029739777,
        0.9410681399631676,
        0.9284403669724771,
        0.9237012987012987,
        0.9053571428571429,
        0.9073426573426573,
        0.8933601609657947,
        0.9002267573696145,
        0.9066265060240963,
        0.9101796407185628,
        0.85,
        0.9027777777777778,
        0.9069767441860465,
        0.8928571428571429,
        0.92,
        0.7857142857142857,
        0.8125,
        0.8947368421052632,
        1.0,
        1.0,
        0.8571428571428571,
        1.0,
        0.875,
        0.8333333333333334
    ]
}