{
    "Bins": [
        20.0,
        21.0,
        22.0,
        23.0,
        24.0,
        25.0,
        26.0,
        27.0,
        28.0,
        29.0,
        30.0,
        31.0,
        32.0,
        33.0,
        34.0,
        35.0,
        36.0,
        37.0,
        38.0,
        39.0,
        40.0,
        41.0,
        42.0,
        43.0,
        44.0,
        45.0,
        46.0,
        47.0,
        48.0,
        49.0,
        50.0,
        51.0,
        52.0,
        53.0,
        54.0,
        55.0,
        56.0,
        57.0,
        58.0,
        59.0,
        60.0
    ],
    "Efficiency": [
        0.9787234042553191,
        0.9504132231404959,
        0.953125,
        0.9681528662420382,
        0.9787234042553191,
        0.9695431472081218,
        0.967391304347826,
        0.9584775086505191,
        0.96045197740113,
        0.9719887955182073,
        0.9682151589242054,
        0.952,
        0.9584295612009238,
        0.9676674364896074,
        0.9681528662420382,
        0.9572301425661914,
        0.9516728624535316,
        0.9484346224677717,
        0.944954128440367,
        0.948051948051948,
        0.9446428571428571,
        0.9685314685314685,
        0.9456740442655935,
        0.9501133786848073,
        0.963855421686747,
        0.9341317365269461,
        0.9333333333333333,
        0.9027777777777778,
        0.9534883720930233,
        0.9285714285714286,
        0.96,
        1.0,
        1.0,
        1.0,
        1.0,
        0.8888888888888888,
        1.0,
        0.8888888888888888,
        0.875,
        1.0
    ]
}