{
    "Bins": [
        20.0,
        21.0,
        22.0,
        23.0,
        24.0,
        25.0,
        26.0,
        27.0,
        28.0,
        29.0,
        30.0,
        31.0,
        32.0,
        33.0,
        34.0,
        35.0,
        36.0,
        37.0,
        38.0,
        39.0,
        40.0,
        41.0,
        42.0,
        43.0,
        44.0,
        45.0,
        46.0,
        47.0,
        48.0,
        49.0,
        50.0,
        51.0,
        52.0,
        53.0,
        54.0,
        55.0,
        56.0,
        57.0,
        58.0,
        59.0,
        60.0
    ],
    "Efficiency": [
        0.9787234042553191,
        0.9917355371900827,
        0.9609375,
        0.9681528662420382,
        0.9787234042553191,
        0.9898477157360406,
        0.9710144927536232,
        0.9792387543252595,
        0.9830508474576272,
        0.9719887955182073,
        0.9828850855745721,
        0.9786666666666667,
        0.9676674364896074,
        0.9815242494226328,
        0.9830148619957537,
        0.9674134419551935,
        0.9609665427509294,
        0.9705340699815838,
        0.9743119266055046,
        0.9756493506493507,
        0.9642857142857143,
        0.9597902097902098,
        0.96579476861167,
        0.9614512471655329,
        0.9578313253012049,
        0.9461077844311377,
        0.9416666666666667,
        0.9722222222222222,
        0.9302325581395349,
        0.9642857142857143,
        0.92,
        1.0,
        0.875,
        0.9473684210526315,
        1.0,
        1.0,
        1.0,
        1.0,
        1.0,
        0.8333333333333334
    ]
}