{
    "Bins": [
        20.0,
        21.0,
        22.0,
        23.0,
        24.0,
        25.0,
        26.0,
        27.0,
        28.0,
        29.0,
        30.0,
        31.0,
        32.0,
        33.0,
        34.0,
        35.0,
        36.0,
        37.0,
        38.0,
        39.0,
        40.0,
        41.0,
        42.0,
        43.0,
        44.0,
        45.0,
        46.0,
        47.0,
        48.0,
        49.0,
        50.0,
        51.0,
        52.0,
        53.0,
        54.0,
        55.0,
        56.0,
        57.0,
        58.0,
        59.0,
        60.0
    ],
    "Efficiency": [
        0.9787234042553191,
        0.9834710743801653,
        0.9453125,
        0.9617834394904459,
        0.9787234042553191,
        0.9746192893401016,
        0.9746376811594203,
        0.972318339100346,
        0.9830508474576272,
        0.9747899159663865,
        0.9731051344743277,
        0.9706666666666667,
        0.9630484988452656,
        0.9722863741339491,
        0.9745222929936306,
        0.9633401221995926,
        0.9479553903345725,
        0.9705340699815838,
        0.9412844036697248,
        0.9415584415584416,
        0.9392857142857143,
        0.9597902097902098,
        0.937625754527163,
        0.9365079365079365,
        0.9518072289156626,
        0.9221556886227545,
        0.9083333333333333,
        0.9305555555555556,
        0.9302325581395349,
        0.8928571428571429,
        0.92,
        0.8571428571428571,
        1.0,
        0.8421052631578947,
        1.0,
        0.7777777777777778,
        1.0,
        0.7777777777777778,
        0.875,
        1.0
    ]
}