{
    "Bins": [
        20.0,
        21.0,
        22.0,
        23.0,
        24.0,
        25.0,
        26.0,
        27.0,
        28.0,
        29.0,
        30.0,
        31.0,
        32.0,
        33.0,
        34.0,
        35.0,
        36.0,
        37.0,
        38.0,
        39.0,
        40.0,
        41.0,
        42.0,
        43.0,
        44.0,
        45.0,
        46.0,
        47.0,
        48.0,
        49.0,
        50.0,
        51.0,
        52.0,
        53.0,
        54.0,
        55.0,
        56.0,
        57.0,
        58.0,
        59.0,
        60.0
    ],
    "Efficiency": [
        0.9893617021276596,
        0.9752066115702479,
        0.9765625,
        0.9745222929936306,
        0.9840425531914894,
        1.0,
        0.9891304347826086,
        0.9896193771626297,
        0.9915254237288136,
        0.9859943977591037,
        0.9828850855745721,
        0.9866666666666667,
        0.9815242494226328,
        0.9792147806004619,
        0.9893842887473461,
        0.9877800407331976,
        0.9814126394052045,
        0.992633517495396,
        0.9871559633027523,
        0.9886363636363636,
        0.9839285714285714,
        0.986013986013986,
        0.9818913480885312,
        0.9909297052154195,
        0.9879518072289156,
        0.9820359281437125,
        0.9833333333333333,
        0.9861111111111112,
        1.0,
        1.0,
        1.0,
        1.0,
        0.9375,
        0.8947368421052632,
        0.875,
        1.0,
        1.0,
        1.0,
        0.875,
        1.0
    ]
}