{
    "Bins": [
        20.0,
        21.0,
        22.0,
        23.0,
        24.0,
        25.0,
        26.0,
        27.0,
        28.0,
        29.0,
        30.0,
        31.0,
        32.0,
        33.0,
        34.0,
        35.0,
        36.0,
        37.0,
        38.0,
        39.0,
        40.0,
        41.0,
        42.0,
        43.0,
        44.0,
        45.0,
        46.0,
        47.0,
        48.0,
        49.0,
        50.0,
        51.0,
        52.0,
        53.0,
        54.0,
        55.0,
        56.0,
        57.0,
        58.0,
        59.0,
        60.0
    ],
    "Efficiency": [
        0.9787234042553191,
        0.9917355371900827,
        0.953125,
        0.9554140127388535,
        0.9787234042553191,
        0.9847715736040609,
        0.9746376811594203,
        0.9757785467128027,
        0.9745762711864406,
        0.9747899159663865,
        0.9731051344743277,
        0.9813333333333333,
        0.9630484988452656,
        0.9722863741339491,
        0.9787685774946921,
        0.9633401221995926,
        0.9628252788104089,
        0.9668508287292817,
        0.9669724770642202,
        0.9724025974025974,
        0.9589285714285715,
        0.9615384615384616,
        0.9456740442655935,
        0.963718820861678,
        0.9548192771084337,
        0.9401197604790419,
        0.9583333333333334,
        0.9444444444444444,
        0.8837209302325582,
        0.9642857142857143,
        0.92,
        0.9285714285714286,
        0.8125,
        0.9473684210526315,
        1.0,
        0.8888888888888888,
        0.8571428571428571,
        1.0,
        0.875,
        0.8333333333333334
    ]
}