{
    "Bins": [
        20.0,
        21.0,
        22.0,
        23.0,
        24.0,
        25.0,
        26.0,
        27.0,
        28.0,
        29.0,
        30.0,
        31.0,
        32.0,
        33.0,
        34.0,
        35.0,
        36.0,
        37.0,
        38.0,
        39.0,
        40.0,
        41.0,
        42.0,
        43.0,
        44.0,
        45.0,
        46.0,
        47.0,
        48.0,
        49.0,
        50.0,
        51.0,
        52.0,
        53.0,
        54.0,
        55.0,
        56.0,
        57.0,
        58.0,
        59.0,
        60.0
    ],
    "Efficiency": [
        0.8829787234042553,
        0.8925619834710744,
        0.9375,
        0.8789808917197452,
        0.8617021276595744,
        0.8984771573604061,
        0.8840579710144928,
        0.8477508650519031,
        0.884180790960452,
        0.8907563025210085,
        0.8875305623471883,
        0.888,
        0.8637413394919169,
        0.8683602771362586,
        0.8959660297239915,
        0.8553971486761711,
        0.8587360594795539,
        0.8802946593001841,
        0.8660550458715597,
        0.8798701298701299,
        0.8589285714285714,
        0.8444055944055944,
        0.8551307847082495,
        0.8594104308390023,
        0.8343373493975904,
        0.8263473053892215,
        0.85,
        0.875,
        0.7906976744186046,
        0.8214285714285714,
        0.84,
        0.8571428571428571,
        0.75,
        0.8947368421052632,
        1.0,
        0.8888888888888888,
        0.5714285714285714,
        0.4444444444444444,
        0.5,
        0.5
    ]
}