{
    "Bins": [
        20.0,
        21.0,
        22.0,
        23.0,
        24.0,
        25.0,
        26.0,
        27.0,
        28.0,
        29.0,
        30.0,
        31.0,
        32.0,
        33.0,
        34.0,
        35.0,
        36.0,
        37.0,
        38.0,
        39.0,
        40.0,
        41.0,
        42.0,
        43.0,
        44.0,
        45.0,
        46.0,
        47.0,
        48.0,
        49.0,
        50.0,
        51.0,
        52.0,
        53.0,
        54.0,
        55.0,
        56.0,
        57.0,
        58.0,
        59.0,
        60.0
    ],
    "Efficiency": [
        1.0,
        0.9669421487603306,
        0.9765625,
        0.9872611464968153,
        0.9840425531914894,
        0.9796954314720813,
        0.9855072463768116,
        0.9965397923875432,
        0.9915254237288136,
        0.9915966386554622,
        0.9828850855745721,
        0.992,
        0.9792147806004619,
        0.9792147806004619,
        0.9766454352441614,
        0.9918533604887984,
        0.9869888475836431,
        0.990791896869245,
        1.0,
        0.9935064935064936,
        0.9928571428571429,
        0.9947552447552448,
        0.9919517102615694,
        0.9863945578231292,
        0.9879518072289156,
        0.9940119760479041,
        0.9916666666666667,
        0.9861111111111112,
        0.9767441860465116,
        0.9642857142857143,
        1.0,
        1.0,
        0.875,
        0.8947368421052632,
        0.875,
        1.0,
        1.0,
        1.0,
        1.0,
        0.8333333333333334
    ]
}