{
    "Bins": [
        20.0,
        21.0,
        22.0,
        23.0,
        24.0,
        25.0,
        26.0,
        27.0,
        28.0,
        29.0,
        30.0,
        31.0,
        32.0,
        33.0,
        34.0,
        35.0,
        36.0,
        37.0,
        38.0,
        39.0,
        40.0,
        41.0,
        42.0,
        43.0,
        44.0,
        45.0,
        46.0,
        47.0,
        48.0,
        49.0,
        50.0,
        51.0,
        52.0,
        53.0,
        54.0,
        55.0,
        56.0,
        57.0,
        58.0,
        59.0,
        60.0
    ],
    "Efficiency": [
        0.9680851063829787,
        0.9669421487603306,
        0.9609375,
        0.9745222929936306,
        0.9840425531914894,
        0.9746192893401016,
        0.9710144927536232,
        0.9550173010380623,
        0.980225988700565,
        0.9607843137254902,
        0.9657701711491442,
        0.9733333333333334,
        0.9653579676674365,
        0.9584295612009238,
        0.9681528662420382,
        0.9592668024439919,
        0.9479553903345725,
        0.9705340699815838,
        0.9596330275229358,
        0.9659090909090909,
        0.9517857142857142,
        0.9545454545454546,
        0.9416498993963782,
        0.9523809523809523,
        0.9518072289156626,
        0.9281437125748503,
        0.9583333333333334,
        0.9166666666666666,
        0.8837209302325582,
        0.9642857142857143,
        0.88,
        0.8571428571428571,
        0.75,
        1.0,
        1.0,
        0.8888888888888888,
        1.0,
        1.0,
        1.0,
        0.6666666666666666
    ]
}