{
    "Bins": [
        20.0,
        21.0,
        22.0,
        23.0,
        24.0,
        25.0,
        26.0,
        27.0,
        28.0,
        29.0,
        30.0,
        31.0,
        32.0,
        33.0,
        34.0,
        35.0,
        36.0,
        37.0,
        38.0,
        39.0,
        40.0,
        41.0,
        42.0,
        43.0,
        44.0,
        45.0,
        46.0,
        47.0,
        48.0,
        49.0,
        50.0,
        51.0,
        52.0,
        53.0,
        54.0,
        55.0,
        56.0,
        57.0,
        58.0,
        59.0,
        60.0
    ],
    "Efficiency": [
        0.9574468085106383,
        0.9504132231404959,
        0.9609375,
        0.9426751592356688,
        0.925531914893617,
        0.9593908629441624,
        0.9456521739130435,
        0.9377162629757786,
        0.9519774011299436,
        0.9327731092436975,
        0.9315403422982885,
        0.944,
        0.9191685912240185,
        0.9422632794457275,
        0.9384288747346072,
        0.9266802443991853,
        0.9312267657992565,
        0.9429097605893186,
        0.9321100917431193,
        0.9237012987012987,
        0.9071428571428571,
        0.9178321678321678,
        0.9054325955734407,
        0.9024943310657596,
        0.9186746987951807,
        0.9101796407185628,
        0.9,
        0.9027777777777778,
        0.9069767441860465,
        0.9285714285714286,
        0.8,
        0.8571428571428571,
        0.625,
        0.7894736842105263,
        1.0,
        0.7777777777777778,
        1.0,
        0.7777777777777778,
        1.0,
        0.6666666666666666
    ]
}