{
    "Bins": [
        20.0,
        21.0,
        22.0,
        23.0,
        24.0,
        25.0,
        26.0,
        27.0,
        28.0,
        29.0,
        30.0,
        31.0,
        32.0,
        33.0,
        34.0,
        35.0,
        36.0,
        37.0,
        38.0,
        39.0,
        40.0,
        41.0,
        42.0,
        43.0,
        44.0,
        45.0,
        46.0,
        47.0,
        48.0,
        49.0,
        50.0,
        51.0,
        52.0,
        53.0,
        54.0,
        55.0,
        56.0,
        57.0,
        58.0,
        59.0,
        60.0
    ],
    "Efficiency": [
        0.8723404255319149,
        0.8925619834710744,
        0.8984375,
        0.8598726114649682,
        0.824468085106383,
        0.8629441624365483,
        0.9021739130434783,
        0.8200692041522492,
        0.8870056497175142,
        0.8795518207282913,
        0.902200488997555,
        0.8906666666666667,
        0.8660508083140878,
        0.8429561200923787,
        0.861995753715499,
        0.8574338085539714,
        0.8550185873605948,
        0.8895027624309392,
        0.8568807339449541,
        0.8814935064935064,
        0.8642857142857143,
        0.8601398601398601,
        0.8511066398390342,
        0.854875283446712,
        0.858433734939759,
        0.8562874251497006,
        0.825,
        0.9166666666666666,
        0.813953488372093,
        0.9642857142857143,
        0.88,
        0.7142857142857143,
        0.625,
        0.7894736842105263,
        0.75,
        0.6666666666666666,
        0.8571428571428571,
        0.5555555555555556,
        0.375,
        0.8333333333333334
    ]
}