Classifier,Accuracy,TN,FP,FN,TP,Precision,Recall,F1,MSE
AdaBoostClassifier,0.9076270252397223,97723,9424,7338,66975,0.8766476000994777,0.901255500383513,0.888781251658793,0.09237297476027775
