{
    "False Positive Rate": [
        0.0,
        0.08010490261043239,
        1.0
    ],
    "True Positive Rate": [
        0.0,
        0.880263211012878,
        1.0
    ],
    "ROC AUC": 0.9000791542012229
}