{
    "False Positive Rate": [
        0.0,
        0.03995445509440301,
        0.08037555881172595,
        0.1136102737360822,
        0.15060617656117298,
        0.22534462000802635,
        1.0
    ],
    "True Positive Rate": [
        0.0,
        0.4933188002099229,
        0.785353841185257,
        0.9039602761293448,
        0.953157590192833,
        0.9798285629701398,
        1.0
    ],
    "ROC AUC": 0.9371992462953523
}