{
    "False Positive Rate": [
        0.0,
        0.015380738611440358,
        0.028428234108281148,
        0.04043976966223973,
        0.05157400580510887,
        0.06251224952635165,
        0.07460778183243581,
        0.08739395410044144,
        0.10264403109746423,
        0.12353122345935957,
        0.15994848199202963,
        1.0
    ],
    "True Positive Rate": [
        0.0,
        0.5119696419199871,
        0.7362910930792728,
        0.8433113990822602,
        0.9014035229367675,
        0.9356101893343022,
        0.9582038135992357,
        0.9726158276479216,
        0.9823987727584675,
        0.9892078102081735,
        0.9951959953171047,
        1.0
    ],
    "ROC AUC": 0.9747891359314127
}