{
    "False Positive Rate": [
        0.0,
        0.07292784678992412,
        1.0
    ],
    "True Positive Rate": [
        0.0,
        0.8851075854830245,
        1.0
    ],
    "ROC AUC": 0.9060898693465501
}