Classifier,Accuracy,TN,FP,FN,TP,Precision,Recall,F1,MSE
AdaBoostClassifier,0.9218959767874929,26915,1695,1912,15660,0.902333621434745,0.8911905303892557,0.8967274601311307,0.07810402321250703
BaggingClassifier,0.9558919059373782,27488,1122,915,16657,0.9368918386860904,0.94792852264967,0.9423778676699386,0.044108094062621804
