{
    "False Positive Rate": [
        0.0,
        0.04757077944774554,
        1.0
    ],
    "True Positive Rate": [
        0.0,
        0.9252219440018211,
        1.0
    ],
    "ROC AUC": 0.9388255822770378
}