Classifier,Accuracy,TN,FP,FN,TP,Precision,Recall,F1,MSE
MLPClassifier,0.9236140196186488,96906.0,10241.0,3620.0,70693.0,0.873464798477772,0.9512871233835264,0.9107164711717456,0.0763859803813512
XGBClassifier,0.9212167970902678,95789.0,11358.0,2938.0,71375.0,0.8627149988517279,0.960464521685304,0.9089693465608802,0.0787832029097321
VotingClassifier,0.9092196627355892,97980.0,9167.0,7306.0,67007.0,0.8796571008480584,0.901686111447526,0.8905353950839607,0.0907803372644108
KNeighborsClassifier,0.8613358315882288,83736.0,23411.0,1751.0,72562.0,0.7560668104571078,0.9764375008410372,0.8522368251059982,0.1386641684117711
