Classifier,Accuracy,TN,FP,FN,TP,Precision,Recall,F1,MSE
AdaBoostClassifier,0.8854292957125537,93304,13843,6947,67366,0.8295385979386521,0.9065170293219221,0.8663211635652833,0.11457070428744627
BaggingClassifier,0.9056816929350822,97331,9816,7299,67014,0.872237407262788,0.9017803076177788,0.8867628669538119,0.0943183070649179
