{
    "Precision": [
        0.40952827069326575,
        0.8675832224596487,
        1.0
    ],
    "Recall": [
        1.0,
        0.8687039952632784,
        0.0
    ],
    "Precision-Recall AUC": 0.8950283217458458,
    "Chance Level": 0.40952827069326575
}