{
    "Bins": [
        20.0,
        21.0,
        22.0,
        23.0,
        24.0,
        25.0,
        26.0,
        27.0,
        28.0,
        29.0,
        30.0,
        31.0,
        32.0,
        33.0,
        34.0,
        35.0,
        36.0,
        37.0,
        38.0,
        39.0,
        40.0,
        41.0,
        42.0,
        43.0,
        44.0,
        45.0,
        46.0,
        47.0,
        48.0,
        49.0,
        50.0,
        51.0,
        52.0,
        53.0,
        54.0,
        55.0,
        56.0,
        57.0,
        58.0,
        59.0,
        60.0
    ],
    "Efficiency": [
        0.9961636828644501,
        0.9967284623773174,
        0.9897100093545369,
        0.985973597359736,
        0.9716981132075472,
        0.9658875552747946,
        0.9516304347826087,
        0.9428159538683325,
        0.9468791500664011,
        0.943207981580967,
        0.9489869753979739,
        0.9507355456722545,
        0.9625753250872185,
        0.9651442307692307,
        0.973461650627005,
        0.9712905822377247,
        0.9745547073791349,
        0.9760598503740648,
        0.9769553072625698,
        0.9781420765027322,
        0.9836410376256135,
        0.9809976247030879,
        0.9825072886297376,
        0.9764309764309764,
        0.9705634987384356,
        0.9599465954606141,
        0.9627539503386005,
        0.9347826086956522,
        0.9131652661064426,
        0.8842975206611571,
        0.8918918918918919,
        0.8045112781954887,
        0.7924528301886793,
        0.7888888888888889,
        0.6627906976744186,
        0.7627118644067796,
        0.6911764705882353,
        0.5283018867924528,
        0.6271186440677966,
        0.5833333333333334
    ]
}