{
    "Bins": [
        20.0,
        21.0,
        22.0,
        23.0,
        24.0,
        25.0,
        26.0,
        27.0,
        28.0,
        29.0,
        30.0,
        31.0,
        32.0,
        33.0,
        34.0,
        35.0,
        36.0,
        37.0,
        38.0,
        39.0,
        40.0,
        41.0,
        42.0,
        43.0,
        44.0,
        45.0,
        46.0,
        47.0,
        48.0,
        49.0,
        50.0,
        51.0,
        52.0,
        53.0,
        54.0,
        55.0,
        56.0,
        57.0,
        58.0,
        59.0,
        60.0
    ],
    "Efficiency": [
        0.9705882352941176,
        0.9749182115594329,
        0.9738072965388214,
        0.9661716171617162,
        0.9709724238026125,
        0.9639924194567278,
        0.971195652173913,
        0.9682844786160499,
        0.9641434262948207,
        0.9643131235610131,
        0.9717800289435601,
        0.9709202873759836,
        0.966698382492864,
        0.9615384615384616,
        0.9574219889180519,
        0.9554601556211431,
        0.9526717557251908,
        0.9503740648379052,
        0.9473929236499069,
        0.9517700166310288,
        0.9478850198644543,
        0.9463182897862232,
        0.9536178107606679,
        0.9421487603305785,
        0.945332211942809,
        0.9299065420560748,
        0.9503386004514672,
        0.9090909090909091,
        0.927170868347339,
        0.8966942148760331,
        0.9459459459459459,
        0.9097744360902256,
        0.9245283018867925,
        0.8444444444444444,
        0.8953488372093024,
        0.8813559322033898,
        0.9264705882352942,
        0.9056603773584906,
        0.8983050847457628,
        0.8611111111111112
    ]
}