{
    "Bins": [
        20.0,
        21.0,
        22.0,
        23.0,
        24.0,
        25.0,
        26.0,
        27.0,
        28.0,
        29.0,
        30.0,
        31.0,
        32.0,
        33.0,
        34.0,
        35.0,
        36.0,
        37.0,
        38.0,
        39.0,
        40.0,
        41.0,
        42.0,
        43.0,
        44.0,
        45.0,
        46.0,
        47.0,
        48.0,
        49.0,
        50.0,
        51.0,
        52.0,
        53.0,
        54.0,
        55.0,
        56.0,
        57.0,
        58.0,
        59.0,
        60.0
    ],
    "Efficiency": [
        0.9859335038363172,
        0.9825517993456925,
        0.9766136576239476,
        0.9851485148514851,
        0.9811320754716981,
        0.9791535060012634,
        0.9798913043478261,
        0.9759730898606439,
        0.9760956175298805,
        0.9723714504988488,
        0.9721418234442837,
        0.9674991447143346,
        0.9676498572787822,
        0.9642427884615384,
        0.9623797025371829,
        0.9557284679366783,
        0.9501272264631043,
        0.9503740648379052,
        0.9448324022346368,
        0.9379900213827512,
        0.939705538677261,
        0.93729216152019,
        0.9345348529021998,
        0.9265381083562901,
        0.9226240538267452,
        0.8885180240320427,
        0.9108352144469526,
        0.8873517786561265,
        0.8991596638655462,
        0.8553719008264463,
        0.8756756756756757,
        0.8571428571428571,
        0.8301886792452831,
        0.8222222222222222,
        0.8255813953488372,
        0.7966101694915254,
        0.7647058823529411,
        0.6981132075471698,
        0.7966101694915254,
        0.8055555555555556
    ]
}