{
    "Bins": [
        20.0,
        21.0,
        22.0,
        23.0,
        24.0,
        25.0,
        26.0,
        27.0,
        28.0,
        29.0,
        30.0,
        31.0,
        32.0,
        33.0,
        34.0,
        35.0,
        36.0,
        37.0,
        38.0,
        39.0,
        40.0,
        41.0,
        42.0,
        43.0,
        44.0,
        45.0,
        46.0,
        47.0,
        48.0,
        49.0,
        50.0,
        51.0,
        52.0,
        53.0,
        54.0,
        55.0,
        56.0,
        57.0,
        58.0,
        59.0,
        60.0
    ],
    "Efficiency": [
        0.6918158567774936,
        0.7480916030534351,
        0.7633302151543498,
        0.7491749174917491,
        0.7844702467343977,
        0.7896399241945673,
        0.7951086956521739,
        0.810187409899087,
        0.8229305002213368,
        0.8303914044512664,
        0.8361070911722142,
        0.8563120082107424,
        0.858547415160165,
        0.8644831730769231,
        0.8754738990959463,
        0.8781862087469815,
        0.878117048346056,
        0.8997506234413966,
        0.8947858472998138,
        0.904727963886909,
        0.9146996961906988,
        0.9095011876484561,
        0.9249933739729658,
        0.9182736455463728,
        0.9213624894869639,
        0.904539385847797,
        0.9119638826185101,
        0.8814229249011858,
        0.8543417366946778,
        0.8429752066115702,
        0.8378378378378378,
        0.7368421052631579,
        0.7452830188679245,
        0.6111111111111112,
        0.5930232558139535,
        0.6271186440677966,
        0.5735294117647058,
        0.4339622641509434,
        0.576271186440678,
        0.5277777777777778
    ]
}