{
    "Bins": [
        20.0,
        21.0,
        22.0,
        23.0,
        24.0,
        25.0,
        26.0,
        27.0,
        28.0,
        29.0,
        30.0,
        31.0,
        32.0,
        33.0,
        34.0,
        35.0,
        36.0,
        37.0,
        38.0,
        39.0,
        40.0,
        41.0,
        42.0,
        43.0,
        44.0,
        45.0,
        46.0,
        47.0,
        48.0,
        49.0,
        50.0,
        51.0,
        52.0,
        53.0,
        54.0,
        55.0,
        56.0,
        57.0,
        58.0,
        59.0,
        60.0
    ],
    "Efficiency": [
        0.9398976982097187,
        0.9585605234460196,
        0.9588400374181478,
        0.9636963696369637,
        0.9593613933236574,
        0.9602021478205938,
        0.966304347826087,
        0.9668428640076886,
        0.9667994687915007,
        0.9669992325402916,
        0.9703328509406657,
        0.9674991447143346,
        0.9752616555661275,
        0.9705528846153846,
        0.9717118693496646,
        0.969680708344513,
        0.9725190839694656,
        0.9698254364089776,
        0.9699720670391061,
        0.970064148253742,
        0.9691516709511568,
        0.9679334916864608,
        0.967930029154519,
        0.9608203244566881,
        0.9663582842724979,
        0.9586114819759679,
        0.963882618510158,
        0.950592885375494,
        0.9523809523809523,
        0.9421487603305785,
        0.9459459459459459,
        0.9022556390977443,
        0.9245283018867925,
        0.9,
        0.9418604651162791,
        0.8813559322033898,
        0.9558823529411765,
        0.9433962264150944,
        0.8813559322033898,
        0.8611111111111112
    ]
}