{
    "Bins": [
        20.0,
        21.0,
        22.0,
        23.0,
        24.0,
        25.0,
        26.0,
        27.0,
        28.0,
        29.0,
        30.0,
        31.0,
        32.0,
        33.0,
        34.0,
        35.0,
        36.0,
        37.0,
        38.0,
        39.0,
        40.0,
        41.0,
        42.0,
        43.0,
        44.0,
        45.0,
        46.0,
        47.0,
        48.0,
        49.0,
        50.0,
        51.0,
        52.0,
        53.0,
        54.0,
        55.0,
        56.0,
        57.0,
        58.0,
        59.0,
        60.0
    ],
    "Efficiency": [
        0.7608695652173914,
        0.7949836423118866,
        0.8260056127221702,
        0.8589108910891089,
        0.8592162554426706,
        0.8597599494630449,
        0.8809782608695652,
        0.9029312830370014,
        0.9017264276228419,
        0.9105909439754413,
        0.9160636758321273,
        0.918918918918919,
        0.9295908658420552,
        0.9341947115384616,
        0.9384660250801983,
        0.9388247920579554,
        0.9396946564885497,
        0.9488778054862843,
        0.9529795158286778,
        0.9522451888809693,
        0.9577003972890862,
        0.9596199524940617,
        0.9652796183408429,
        0.9617385981022345,
        0.9659377628259042,
        0.9606141522029372,
        0.9661399548532731,
        0.9466403162055336,
        0.9607843137254902,
        0.9545454545454546,
        0.9405405405405406,
        0.9774436090225563,
        0.9622641509433962,
        0.9666666666666667,
        0.9534883720930233,
        0.9491525423728814,
        0.9852941176470589,
        1.0,
        0.9661016949152542,
        0.9722222222222222
    ]
}