{
    "Bins": [
        20.0,
        21.0,
        22.0,
        23.0,
        24.0,
        25.0,
        26.0,
        27.0,
        28.0,
        29.0,
        30.0,
        31.0,
        32.0,
        33.0,
        34.0,
        35.0,
        36.0,
        37.0,
        38.0,
        39.0,
        40.0,
        41.0,
        42.0,
        43.0,
        44.0,
        45.0,
        46.0,
        47.0,
        48.0,
        49.0,
        50.0,
        51.0,
        52.0,
        53.0,
        54.0,
        55.0,
        56.0,
        57.0,
        58.0,
        59.0,
        60.0
    ],
    "Efficiency": [
        0.5503184713375796,
        0.5751295336787565,
        0.5440074906367042,
        0.5845369583687341,
        0.5665701881331404,
        0.5287704421562689,
        0.5529783869267264,
        0.5560165975103735,
        0.5419624217118998,
        0.5385226370135028,
        0.5483065953654189,
        0.5433773652267048,
        0.5602484472049689,
        0.549662783568363,
        0.5552721088435374,
        0.5584522502744237,
        0.5534968684759917,
        0.5414418832761158,
        0.5474158368895211,
        0.5398517145505097,
        0.5594555873925502,
        0.5453674886282021,
        0.5666579016565869,
        0.5573122529644269,
        0.5436643835616438,
        0.5357390700902152,
        0.5472972972972973,
        0.577962577962578,
        0.5377906976744186,
        0.564,
        0.5493827160493827,
        0.6418918918918919,
        0.5700934579439252,
        0.47191011235955055,
        0.5694444444444444,
        0.576271186440678,
        0.5517241379310345,
        0.6530612244897959,
        0.46,
        0.5128205128205128
    ]
}