{
    "Bins": [
        20.0,
        21.0,
        22.0,
        23.0,
        24.0,
        25.0,
        26.0,
        27.0,
        28.0,
        29.0,
        30.0,
        31.0,
        32.0,
        33.0,
        34.0,
        35.0,
        36.0,
        37.0,
        38.0,
        39.0,
        40.0,
        41.0,
        42.0,
        43.0,
        44.0,
        45.0,
        46.0,
        47.0,
        48.0,
        49.0,
        50.0,
        51.0,
        52.0,
        53.0,
        54.0,
        55.0,
        56.0,
        57.0,
        58.0,
        59.0,
        60.0
    ],
    "Efficiency": [
        0.9057324840764331,
        0.8797927461139896,
        0.9091760299625468,
        0.9099405267629567,
        0.914616497829233,
        0.9067231980617807,
        0.9219820769636268,
        0.9119409866297833,
        0.9089770354906054,
        0.9086576648133439,
        0.9165775401069519,
        0.9125312388432703,
        0.9173913043478261,
        0.9104843654199878,
        0.9067460317460317,
        0.9045005488474204,
        0.9073590814196242,
        0.90951446787641,
        0.9065908013276435,
        0.906858202038925,
        0.9138013371537727,
        0.9126167105578166,
        0.9142782014199317,
        0.9145636971723928,
        0.9101027397260274,
        0.8959056210964608,
        0.9054054054054054,
        0.8981288981288982,
        0.9156976744186046,
        0.916,
        0.8827160493827161,
        0.8445945945945946,
        0.8878504672897196,
        0.8764044943820225,
        0.9305555555555556,
        0.8813559322033898,
        0.8620689655172413,
        0.8571428571428571,
        0.88,
        0.7948717948717948
    ]
}