{
    "Bins": [
        20.0,
        21.0,
        22.0,
        23.0,
        24.0,
        25.0,
        26.0,
        27.0,
        28.0,
        29.0,
        30.0,
        31.0,
        32.0,
        33.0,
        34.0,
        35.0,
        36.0,
        37.0,
        38.0,
        39.0,
        40.0,
        41.0,
        42.0,
        43.0,
        44.0,
        45.0,
        46.0,
        47.0,
        48.0,
        49.0,
        50.0,
        51.0,
        52.0,
        53.0,
        54.0,
        55.0,
        56.0,
        57.0,
        58.0,
        59.0,
        60.0
    ],
    "Efficiency": [
        0.9617834394904459,
        0.9544041450777202,
        0.9485018726591761,
        0.9422259983007647,
        0.9167872648335745,
        0.9085402786190188,
        0.8924617817606747,
        0.8944213923467036,
        0.8747390396659708,
        0.8610007942811755,
        0.8616755793226382,
        0.8693323812923955,
        0.8673913043478261,
        0.874310239117106,
        0.8679138321995464,
        0.8704720087815587,
        0.8804801670146137,
        0.8707699852869053,
        0.8750592697961119,
        0.8621408711770158,
        0.8636580706781279,
        0.8644960497965046,
        0.8537996318695766,
        0.8254788689571299,
        0.8013698630136986,
        0.7494795281054824,
        0.6993243243243243,
        0.7006237006237006,
        0.6453488372093024,
        0.58,
        0.5493827160493827,
        0.43243243243243246,
        0.5233644859813084,
        0.39325842696629215,
        0.4305555555555556,
        0.3050847457627119,
        0.25862068965517243,
        0.20408163265306123,
        0.2,
        0.3076923076923077
    ]
}