{
    "Bins": [
        20.0,
        21.0,
        22.0,
        23.0,
        24.0,
        25.0,
        26.0,
        27.0,
        28.0,
        29.0,
        30.0,
        31.0,
        32.0,
        33.0,
        34.0,
        35.0,
        36.0,
        37.0,
        38.0,
        39.0,
        40.0,
        41.0,
        42.0,
        43.0,
        44.0,
        45.0,
        46.0,
        47.0,
        48.0,
        49.0,
        50.0,
        51.0,
        52.0,
        53.0,
        54.0,
        55.0,
        56.0,
        57.0,
        58.0,
        59.0,
        60.0
    ],
    "Efficiency": [
        0.956687898089172,
        0.9523316062176166,
        0.9588014981273408,
        0.9379779099405268,
        0.918958031837916,
        0.9012719563900666,
        0.8998418555614127,
        0.8787459658828953,
        0.8622129436325678,
        0.8566322478157268,
        0.8695187165775401,
        0.8725455194573367,
        0.8826086956521739,
        0.875229920294298,
        0.8684807256235828,
        0.8685510428100988,
        0.8828288100208769,
        0.8643943109367337,
        0.8686581318160266,
        0.8637627432808156,
        0.8753581661891118,
        0.8539621738089538,
        0.8527478306600053,
        0.8257829127394345,
        0.8133561643835616,
        0.7682165163081194,
        0.7173423423423423,
        0.7214137214137214,
        0.6598837209302325,
        0.564,
        0.49382716049382713,
        0.49324324324324326,
        0.4205607476635514,
        0.4943820224719101,
        0.3888888888888889,
        0.2711864406779661,
        0.27586206896551724,
        0.20408163265306123,
        0.16,
        0.20512820512820512
    ]
}