{
    "Bins": [
        20.0,
        21.0,
        22.0,
        23.0,
        24.0,
        25.0,
        26.0,
        27.0,
        28.0,
        29.0,
        30.0,
        31.0,
        32.0,
        33.0,
        34.0,
        35.0,
        36.0,
        37.0,
        38.0,
        39.0,
        40.0,
        41.0,
        42.0,
        43.0,
        44.0,
        45.0,
        46.0,
        47.0,
        48.0,
        49.0,
        50.0,
        51.0,
        52.0,
        53.0,
        54.0,
        55.0,
        56.0,
        57.0,
        58.0,
        59.0,
        60.0
    ],
    "Efficiency": [
        0.9847133757961783,
        0.9823834196891191,
        0.9868913857677902,
        0.9847068819031436,
        0.9884225759768451,
        0.9860690490611751,
        0.9794412229836584,
        0.9774089442139234,
        0.9741127348643006,
        0.9674344718030182,
        0.9657754010695188,
        0.9625133880756872,
        0.9642857142857143,
        0.964438994481913,
        0.9640022675736961,
        0.9547200878155873,
        0.9577244258872651,
        0.9624816086316822,
        0.9577999051683262,
        0.95064874884152,
        0.9563037249283668,
        0.9449365573378022,
        0.936103076518538,
        0.9291577987230161,
        0.901541095890411,
        0.8854961832061069,
        0.8333333333333334,
        0.7962577962577962,
        0.7441860465116279,
        0.604,
        0.5617283950617284,
        0.42567567567567566,
        0.4205607476635514,
        0.3258426966292135,
        0.2916666666666667,
        0.1694915254237288,
        0.1896551724137931,
        0.20408163265306123,
        0.12,
        0.0
    ]
}