{
    "Bins": [
        20.0,
        21.0,
        22.0,
        23.0,
        24.0,
        25.0,
        26.0,
        27.0,
        28.0,
        29.0,
        30.0,
        31.0,
        32.0,
        33.0,
        34.0,
        35.0,
        36.0,
        37.0,
        38.0,
        39.0,
        40.0,
        41.0,
        42.0,
        43.0,
        44.0,
        45.0,
        46.0,
        47.0,
        48.0,
        49.0,
        50.0,
        51.0,
        52.0,
        53.0,
        54.0,
        55.0,
        56.0,
        57.0,
        58.0,
        59.0,
        60.0
    ],
    "Efficiency": [
        0.935031847133758,
        0.9202072538860103,
        0.9438202247191011,
        0.9413763806287171,
        0.9659913169319826,
        0.9588128407026045,
        0.9625724828676858,
        0.9635776855693868,
        0.9586638830897704,
        0.9702144559173947,
        0.9721925133689839,
        0.9607283113173867,
        0.9633540372670808,
        0.967504598405886,
        0.9651360544217688,
        0.9678924259055982,
        0.973643006263048,
        0.9693477194703286,
        0.9684684684684685,
        0.9696478220574606,
        0.9706303724928367,
        0.9736653100311228,
        0.9723902182487509,
        0.9683794466403162,
        0.9691780821917808,
        0.9625260235947258,
        0.9605855855855856,
        0.9521829521829522,
        0.9563953488372093,
        0.964,
        0.9197530864197531,
        0.9391891891891891,
        0.9345794392523364,
        0.9325842696629213,
        0.9305555555555556,
        0.9661016949152542,
        0.8620689655172413,
        0.9591836734693877,
        0.78,
        0.9230769230769231
    ]
}