{
    "Bins": [
        20.0,
        21.0,
        22.0,
        23.0,
        24.0,
        25.0,
        26.0,
        27.0,
        28.0,
        29.0,
        30.0,
        31.0,
        32.0,
        33.0,
        34.0,
        35.0,
        36.0,
        37.0,
        38.0,
        39.0,
        40.0,
        41.0,
        42.0,
        43.0,
        44.0,
        45.0,
        46.0,
        47.0,
        48.0,
        49.0,
        50.0,
        51.0,
        52.0,
        53.0,
        54.0,
        55.0,
        56.0,
        57.0,
        58.0,
        59.0,
        60.0
    ],
    "Efficiency": [
        0.9885350318471338,
        0.9844559585492227,
        0.9887640449438202,
        0.9889549702633815,
        0.9913169319826338,
        0.9866747425802543,
        0.9820769636267791,
        0.9824804057169202,
        0.9720250521920668,
        0.9698173153296267,
        0.9764705882352941,
        0.9725098179221706,
        0.9736024844720497,
        0.9730226854690374,
        0.9702380952380952,
        0.966794731064764,
        0.9663361169102297,
        0.967631191760667,
        0.96633475580844,
        0.9631603336422614,
        0.9656160458452722,
        0.9578644960497965,
        0.9497764922429661,
        0.9352386743691091,
        0.915667808219178,
        0.9014573213046495,
        0.8569819819819819,
        0.817047817047817,
        0.7674418604651163,
        0.696,
        0.6172839506172839,
        0.4594594594594595,
        0.4485981308411215,
        0.29213483146067415,
        0.3194444444444444,
        0.13559322033898305,
        0.1206896551724138,
        0.0,
        0.06,
        0.02564102564102564
    ]
}