{
    "Bins": [
        20.0,
        21.0,
        22.0,
        23.0,
        24.0,
        25.0,
        26.0,
        27.0,
        28.0,
        29.0,
        30.0,
        31.0,
        32.0,
        33.0,
        34.0,
        35.0,
        36.0,
        37.0,
        38.0,
        39.0,
        40.0,
        41.0,
        42.0,
        43.0,
        44.0,
        45.0,
        46.0,
        47.0,
        48.0,
        49.0,
        50.0,
        51.0,
        52.0,
        53.0,
        54.0,
        55.0,
        56.0,
        57.0,
        58.0,
        59.0,
        60.0
    ],
    "Efficiency": [
        0.9898089171974522,
        0.983419689119171,
        0.9859550561797753,
        0.9881053525913339,
        0.9891461649782923,
        0.987886129618413,
        0.9826041117554033,
        0.9857076994006455,
        0.9770354906054279,
        0.9733915806195393,
        0.9778966131907308,
        0.9728668332738307,
        0.974223602484472,
        0.9754751686082158,
        0.9719387755102041,
        0.968715697036224,
        0.9681628392484343,
        0.9681216282491417,
        0.9677572309151257,
        0.9636237256719185,
        0.9646609360076409,
        0.9576250897773522,
        0.9492505916381804,
        0.9340224992398906,
        0.915667808219178,
        0.8993754337265788,
        0.8558558558558559,
        0.817047817047817,
        0.7587209302325582,
        0.7,
        0.6234567901234568,
        0.4797297297297297,
        0.4485981308411215,
        0.3146067415730337,
        0.2916666666666667,
        0.15254237288135594,
        0.1206896551724138,
        0.02040816326530612,
        0.06,
        0.02564102564102564
    ]
}