{
    "Bins": [
        20.0,
        21.0,
        22.0,
        23.0,
        24.0,
        25.0,
        26.0,
        27.0,
        28.0,
        29.0,
        30.0,
        31.0,
        32.0,
        33.0,
        34.0,
        35.0,
        36.0,
        37.0,
        38.0,
        39.0,
        40.0,
        41.0,
        42.0,
        43.0,
        44.0,
        45.0,
        46.0,
        47.0,
        48.0,
        49.0,
        50.0,
        51.0,
        52.0,
        53.0,
        54.0,
        55.0,
        56.0,
        57.0,
        58.0,
        59.0,
        60.0
    ],
    "Efficiency": [
        0.9834394904458599,
        0.9803108808290155,
        0.9831460674157303,
        0.9813084112149533,
        0.9848046309696092,
        0.9775893397940641,
        0.9746968898260411,
        0.9681881051175657,
        0.9636743215031315,
        0.9590945194598888,
        0.9597147950089127,
        0.9535880042841842,
        0.9531055900621118,
        0.9552421827099938,
        0.9566326530612245,
        0.9445664105378705,
        0.9543319415448852,
        0.9499754781755763,
        0.9513987671882409,
        0.9450880444856349,
        0.9441260744985673,
        0.9365573378022504,
        0.9295293189587168,
        0.9169960474308301,
        0.8835616438356164,
        0.8702290076335878,
        0.8265765765765766,
        0.7858627858627859,
        0.7151162790697675,
        0.628,
        0.5493827160493827,
        0.42567567567567566,
        0.45794392523364486,
        0.38202247191011235,
        0.3472222222222222,
        0.2711864406779661,
        0.22413793103448276,
        0.14285714285714285,
        0.14,
        0.05128205128205128
    ]
}