{
    "Bins": [
        20.0,
        21.0,
        22.0,
        23.0,
        24.0,
        25.0,
        26.0,
        27.0,
        28.0,
        29.0,
        30.0,
        31.0,
        32.0,
        33.0,
        34.0,
        35.0,
        36.0,
        37.0,
        38.0,
        39.0,
        40.0,
        41.0,
        42.0,
        43.0,
        44.0,
        45.0,
        46.0,
        47.0,
        48.0,
        49.0,
        50.0,
        51.0,
        52.0,
        53.0,
        54.0,
        55.0,
        56.0,
        57.0,
        58.0,
        59.0,
        60.0
    ],
    "Efficiency": [
        0.3197452229299363,
        0.32124352331606215,
        0.3052434456928839,
        0.33305012744265083,
        0.31620839363241676,
        0.3131435493640218,
        0.33368476541908276,
        0.3084370677731674,
        0.288517745302714,
        0.30420969023034156,
        0.28627450980392155,
        0.28596929667975723,
        0.2916149068322981,
        0.28663396689147763,
        0.27692743764172334,
        0.2730515916575192,
        0.27244258872651356,
        0.26066699362432566,
        0.25889046941678523,
        0.25695088044485637,
        0.2621776504297994,
        0.25401005506344265,
        0.24112542729424138,
        0.24870781392520522,
        0.23544520547945205,
        0.22068008327550312,
        0.21734234234234234,
        0.2203742203742204,
        0.20348837209302326,
        0.236,
        0.2654320987654321,
        0.20270270270270271,
        0.205607476635514,
        0.16853932584269662,
        0.2916666666666667,
        0.22033898305084745,
        0.1724137931034483,
        0.12244897959183673,
        0.2,
        0.15384615384615385
    ]
}