{
    "Bins": [
        20.0,
        21.0,
        22.0,
        23.0,
        24.0,
        25.0,
        26.0,
        27.0,
        28.0,
        29.0,
        30.0,
        31.0,
        32.0,
        33.0,
        34.0,
        35.0,
        36.0,
        37.0,
        38.0,
        39.0,
        40.0,
        41.0,
        42.0,
        43.0,
        44.0,
        45.0,
        46.0,
        47.0,
        48.0,
        49.0,
        50.0,
        51.0,
        52.0,
        53.0,
        54.0,
        55.0,
        56.0,
        57.0,
        58.0,
        59.0,
        60.0
    ],
    "Efficiency": [
        0.9847133757961783,
        0.9730569948186528,
        0.9859550561797753,
        0.9855564995751912,
        0.9869753979739508,
        0.9915202907328892,
        0.9810226673695308,
        0.9843245735361917,
        0.98580375782881,
        0.9868943606036537,
        0.986096256684492,
        0.9835772938236345,
        0.9838509316770186,
        0.9819129368485592,
        0.9821428571428571,
        0.9791437980241493,
        0.9788622129436325,
        0.9779303580186366,
        0.975343764817449,
        0.9710379981464319,
        0.9742120343839542,
        0.9691165908546804,
        0.9645017091769655,
        0.958041958041958,
        0.9464897260273972,
        0.9430950728660652,
        0.9177927927927928,
        0.9106029106029107,
        0.9069767441860465,
        0.904,
        0.8271604938271605,
        0.7905405405405406,
        0.8317757009345794,
        0.6853932584269663,
        0.7916666666666666,
        0.6101694915254238,
        0.6206896551724138,
        0.5714285714285714,
        0.44,
        0.38461538461538464
    ]
}