{
    "Bins": [
        20.0,
        21.0,
        22.0,
        23.0,
        24.0,
        25.0,
        26.0,
        27.0,
        28.0,
        29.0,
        30.0,
        31.0,
        32.0,
        33.0,
        34.0,
        35.0,
        36.0,
        37.0,
        38.0,
        39.0,
        40.0,
        41.0,
        42.0,
        43.0,
        44.0,
        45.0,
        46.0,
        47.0,
        48.0,
        49.0,
        50.0,
        51.0,
        52.0,
        53.0,
        54.0,
        55.0,
        56.0,
        57.0,
        58.0,
        59.0,
        60.0
    ],
    "Efficiency": [
        0.9847133757961783,
        0.9730569948186528,
        0.9887640449438202,
        0.9906542056074766,
        0.9913169319826338,
        0.9933373712901272,
        0.9841855561412757,
        0.9857076994006455,
        0.9887265135699373,
        0.9880857823669579,
        0.9864527629233512,
        0.9839343091752946,
        0.9841614906832298,
        0.9822194972409565,
        0.9815759637188208,
        0.9766739846322722,
        0.9754697286012526,
        0.9732712113781266,
        0.9703651019440493,
        0.9636237256719185,
        0.9632282712511939,
        0.9595403399569069,
        0.9497764922429661,
        0.9364548494983278,
        0.9195205479452054,
        0.9097848716169327,
        0.8738738738738738,
        0.8565488565488566,
        0.8372093023255814,
        0.788,
        0.7345679012345679,
        0.6216216216216216,
        0.5887850467289719,
        0.4606741573033708,
        0.4861111111111111,
        0.3559322033898305,
        0.3620689655172414,
        0.24489795918367346,
        0.1,
        0.05128205128205128
    ]
}