{
    "Bins": [
        20.0,
        21.0,
        22.0,
        23.0,
        24.0,
        25.0,
        26.0,
        27.0,
        28.0,
        29.0,
        30.0,
        31.0,
        32.0,
        33.0,
        34.0,
        35.0,
        36.0,
        37.0,
        38.0,
        39.0,
        40.0,
        41.0,
        42.0,
        43.0,
        44.0,
        45.0,
        46.0,
        47.0,
        48.0,
        49.0,
        50.0,
        51.0,
        52.0,
        53.0,
        54.0,
        55.0,
        56.0,
        57.0,
        58.0,
        59.0,
        60.0
    ],
    "Efficiency": [
        0.003821656050955414,
        0.010362694300518135,
        0.013108614232209739,
        0.0076465590484282074,
        0.002894356005788712,
        0.0060569351907934586,
        0.004217185028993147,
        0.00599354541263255,
        0.007933194154488519,
        0.007148530579825258,
        0.00392156862745098,
        0.008568368439842914,
        0.007453416149068323,
        0.007357449417535254,
        0.005385487528344671,
        0.006860592755214051,
        0.006263048016701462,
        0.005640019617459539,
        0.005689900426742532,
        0.006255792400370714,
        0.0059694364851957974,
        0.004548719176442423,
        0.00473310544307126,
        0.006993006993006993,
        0.0025684931506849314,
        0.002081887578070784,
        0.0033783783783783786,
        0.002079002079002079,
        0.005813953488372093,
        0.004,
        0.0,
        0.006756756756756757,
        0.0,
        0.011235955056179775,
        0.0,
        0.0,
        0.0,
        0.0,
        0.0,
        0.0
    ]
}