{
    "Bins": [
        20.0,
        21.0,
        22.0,
        23.0,
        24.0,
        25.0,
        26.0,
        27.0,
        28.0,
        29.0,
        30.0,
        31.0,
        32.0,
        33.0,
        34.0,
        35.0,
        36.0,
        37.0,
        38.0,
        39.0,
        40.0,
        41.0,
        42.0,
        43.0,
        44.0,
        45.0,
        46.0,
        47.0,
        48.0,
        49.0,
        50.0,
        51.0,
        52.0,
        53.0,
        54.0,
        55.0,
        56.0,
        57.0,
        58.0,
        59.0,
        60.0
    ],
    "Efficiency": [
        0.935031847133758,
        0.9191709844559586,
        0.9456928838951311,
        0.9422259983007647,
        0.9652677279305355,
        0.9582071471835252,
        0.9609910384818134,
        0.9626556016597511,
        0.9586638830897704,
        0.9690230341540905,
        0.9704099821746881,
        0.9621563727240271,
        0.9633540372670808,
        0.9650521152667075,
        0.9623015873015873,
        0.968715697036224,
        0.9720772442588727,
        0.9705738106915155,
        0.9706021811284969,
        0.968952734012975,
        0.9713467048710601,
        0.9751017476657888,
        0.9716013673415724,
        0.9692915779872302,
        0.9704623287671232,
        0.9632199861207494,
        0.9594594594594594,
        0.9604989604989606,
        0.9563953488372093,
        0.96,
        0.9259259259259259,
        0.9256756756756757,
        0.9439252336448598,
        0.9213483146067416,
        0.9305555555555556,
        0.9491525423728814,
        0.896551724137931,
        0.8775510204081632,
        0.76,
        0.8974358974358975
    ]
}