{
    "Bins": [
        20.0,
        21.0,
        22.0,
        23.0,
        24.0,
        25.0,
        26.0,
        27.0,
        28.0,
        29.0,
        30.0,
        31.0,
        32.0,
        33.0,
        34.0,
        35.0,
        36.0,
        37.0,
        38.0,
        39.0,
        40.0,
        41.0,
        42.0,
        43.0,
        44.0,
        45.0,
        46.0,
        47.0,
        48.0,
        49.0,
        50.0,
        51.0,
        52.0,
        53.0,
        54.0,
        55.0,
        56.0,
        57.0,
        58.0,
        59.0,
        60.0
    ],
    "Efficiency": [
        0.9859872611464968,
        0.9823834196891191,
        0.9859550561797753,
        0.9855564995751912,
        0.9898697539797395,
        0.9872804360993337,
        0.9768054823405377,
        0.9801751959428308,
        0.9749478079331941,
        0.9690230341540905,
        0.9725490196078431,
        0.964655480185648,
        0.965527950310559,
        0.969650521152667,
        0.9662698412698413,
        0.960482985729967,
        0.9613778705636743,
        0.9622363903874448,
        0.9599336178283546,
        0.9552826691380908,
        0.9584527220630372,
        0.9485276514244673,
        0.9397843807520379,
        0.930982061416844,
        0.896832191780822,
        0.8820263705759889,
        0.8288288288288288,
        0.8045738045738046,
        0.7354651162790697,
        0.624,
        0.5864197530864198,
        0.4527027027027027,
        0.411214953271028,
        0.30337078651685395,
        0.2777777777777778,
        0.15254237288135594,
        0.13793103448275862,
        0.20408163265306123,
        0.08,
        0.0
    ]
}