{
    "Bins": [
        20.0,
        21.0,
        22.0,
        23.0,
        24.0,
        25.0,
        26.0,
        27.0,
        28.0,
        29.0,
        30.0,
        31.0,
        32.0,
        33.0,
        34.0,
        35.0,
        36.0,
        37.0,
        38.0,
        39.0,
        40.0,
        41.0,
        42.0,
        43.0,
        44.0,
        45.0,
        46.0,
        47.0,
        48.0,
        49.0,
        50.0,
        51.0,
        52.0,
        53.0,
        54.0,
        55.0,
        56.0,
        57.0,
        58.0,
        59.0,
        60.0
    ],
    "Efficiency": [
        0.9821656050955414,
        0.9709844559585492,
        0.9803370786516854,
        0.9821580288870009,
        0.9855282199710564,
        0.9848576620230164,
        0.9715340010542962,
        0.9695712309820194,
        0.9707724425887265,
        0.9630659253375695,
        0.9650623885918004,
        0.9593002499107461,
        0.9611801242236024,
        0.9632127529123238,
        0.963718820861678,
        0.9566410537870472,
        0.9585073068893528,
        0.9561059342815106,
        0.9525841631104789,
        0.9469416126042632,
        0.9481852913085005,
        0.9382331817093608,
        0.9313699710754667,
        0.9142596533900882,
        0.8861301369863014,
        0.8702290076335878,
        0.8096846846846847,
        0.7733887733887734,
        0.7325581395348837,
        0.604,
        0.5185185185185185,
        0.44594594594594594,
        0.4205607476635514,
        0.29213483146067415,
        0.2916666666666667,
        0.11864406779661017,
        0.13793103448275862,
        0.061224489795918366,
        0.04,
        0.02564102564102564
    ]
}