{
    "Bins": [
        20.0,
        21.0,
        22.0,
        23.0,
        24.0,
        25.0,
        26.0,
        27.0,
        28.0,
        29.0,
        30.0,
        31.0,
        32.0,
        33.0,
        34.0,
        35.0,
        36.0,
        37.0,
        38.0,
        39.0,
        40.0,
        41.0,
        42.0,
        43.0,
        44.0,
        45.0,
        46.0,
        47.0,
        48.0,
        49.0,
        50.0,
        51.0,
        52.0,
        53.0,
        54.0,
        55.0,
        56.0,
        57.0,
        58.0,
        59.0,
        60.0
    ],
    "Efficiency": [
        0.6635514018691588,
        0.6963562753036437,
        0.7800687285223368,
        0.7920792079207921,
        0.828009828009828,
        0.8720379146919431,
        0.8827586206896552,
        0.898989898989899,
        0.8867924528301887,
        0.9298245614035088,
        0.9112426035502958,
        0.9513212795549374,
        0.9472972972972973,
        0.9589403973509933,
        0.9477521263669502,
        0.9584323040380047,
        0.9611428571428572,
        0.9743852459016393,
        0.9643231899265478,
        0.9701338825952626,
        0.9799789251844047,
        0.9778714436248683,
        0.9836065573770492,
        0.9777486910994765,
        0.969258589511754,
        0.9746031746031746,
        0.9704142011834319,
        0.9847328244274809,
        0.987012987012987,
        1.0,
        0.9791666666666666,
        1.0,
        1.0,
        1.0,
        0.9473684210526315,
        1.0,
        0.9333333333333333,
        1.0,
        0.875,
        1.0
    ]
}