{
    "Bins": [
        20.0,
        21.0,
        22.0,
        23.0,
        24.0,
        25.0,
        26.0,
        27.0,
        28.0,
        29.0,
        30.0,
        31.0,
        32.0,
        33.0,
        34.0,
        35.0,
        36.0,
        37.0,
        38.0,
        39.0,
        40.0,
        41.0,
        42.0,
        43.0,
        44.0,
        45.0,
        46.0,
        47.0,
        48.0,
        49.0,
        50.0,
        51.0,
        52.0,
        53.0,
        54.0,
        55.0,
        56.0,
        57.0,
        58.0,
        59.0,
        60.0
    ],
    "Efficiency": [
        0.40654205607476634,
        0.46558704453441296,
        0.5979381443298969,
        0.6501650165016502,
        0.7051597051597052,
        0.7156398104265402,
        0.7379310344827587,
        0.8161616161616162,
        0.8267581475128645,
        0.8692185007974481,
        0.8742603550295858,
        0.8873435326842837,
        0.8972972972972973,
        0.9033112582781457,
        0.9185905224787363,
        0.9251781472684085,
        0.9497142857142857,
        0.9579918032786885,
        0.9580272822665268,
        0.9433573635427395,
        0.9610115911485775,
        0.9662802950474183,
        0.9770491803278688,
        0.9764397905759162,
        0.9783001808318263,
        0.9682539682539683,
        0.9763313609467456,
        0.9923664122137404,
        0.961038961038961,
        1.0,
        0.9791666666666666,
        1.0,
        1.0,
        1.0,
        0.9473684210526315,
        1.0,
        1.0,
        1.0,
        1.0,
        1.0
    ]
}