{
    "Bins": [
        20.0,
        21.0,
        22.0,
        23.0,
        24.0,
        25.0,
        26.0,
        27.0,
        28.0,
        29.0,
        30.0,
        31.0,
        32.0,
        33.0,
        34.0,
        35.0,
        36.0,
        37.0,
        38.0,
        39.0,
        40.0,
        41.0,
        42.0,
        43.0,
        44.0,
        45.0,
        46.0,
        47.0,
        48.0,
        49.0,
        50.0,
        51.0,
        52.0,
        53.0,
        54.0,
        55.0,
        56.0,
        57.0,
        58.0,
        59.0,
        60.0
    ],
    "Efficiency": [
        0.4719626168224299,
        0.4939271255060729,
        0.584192439862543,
        0.6039603960396039,
        0.7100737100737101,
        0.6753554502369669,
        0.7195402298850575,
        0.7858585858585858,
        0.7838765008576329,
        0.8580542264752791,
        0.8535502958579881,
        0.8873435326842837,
        0.8770270270270271,
        0.8807947019867549,
        0.8942891859052248,
        0.9049881235154394,
        0.9131428571428571,
        0.923155737704918,
        0.925498426023085,
        0.9248197734294542,
        0.9325605900948367,
        0.9367755532139094,
        0.9453551912568307,
        0.9397905759162304,
        0.9403254972875226,
        0.9365079365079365,
        0.9526627218934911,
        0.9618320610687023,
        0.974025974025974,
        0.9629629629629629,
        0.9583333333333334,
        0.9090909090909091,
        0.9285714285714286,
        1.0,
        0.9473684210526315,
        1.0,
        0.8666666666666667,
        1.0,
        0.875,
        1.0
    ]
}