{
    "Bins": [
        20.0,
        21.0,
        22.0,
        23.0,
        24.0,
        25.0,
        26.0,
        27.0,
        28.0,
        29.0,
        30.0,
        31.0,
        32.0,
        33.0,
        34.0,
        35.0,
        36.0,
        37.0,
        38.0,
        39.0,
        40.0,
        41.0,
        42.0,
        43.0,
        44.0,
        45.0,
        46.0,
        47.0,
        48.0,
        49.0,
        50.0,
        51.0,
        52.0,
        53.0,
        54.0,
        55.0,
        56.0,
        57.0,
        58.0,
        59.0,
        60.0
    ],
    "Efficiency": [
        0.8457943925233645,
        0.8461538461538461,
        0.8797250859106529,
        0.900990099009901,
        0.914004914004914,
        0.933649289099526,
        0.9425287356321839,
        0.9494949494949495,
        0.9365351629502573,
        0.9617224880382775,
        0.9571005917159763,
        0.9749652294853964,
        0.9675675675675676,
        0.9814569536423841,
        0.9647630619684082,
        0.9750593824228029,
        0.9794285714285714,
        0.9877049180327869,
        0.9758656873032528,
        0.9824922760041195,
        0.9894625922023182,
        0.9852476290832455,
        0.9879781420765027,
        0.9829842931937173,
        0.9801084990958409,
        0.9809523809523809,
        0.9763313609467456,
        0.9923664122137404,
        0.987012987012987,
        1.0,
        0.9791666666666666,
        1.0,
        1.0,
        1.0,
        0.9473684210526315,
        1.0,
        1.0,
        1.0,
        0.875,
        1.0
    ]
}