{
    "False Positive Rate": [
        0.0,
        0.024209730557085127,
        0.02456438351050426,
        0.04422895648034943,
        0.04422895648034943,
        0.06052432639271282,
        0.06052432639271282,
        0.07563440880285963,
        0.07563440880285963,
        0.09008185016846015,
        0.10484661259764623,
        0.12171129382997191,
        0.14308380075970395,
        0.1726133256180761,
        0.22817251066292105,
        1.0
    ],
    "True Positive Rate": [
        0.0,
        0.4320240065668187,
        0.4384158895482621,
        0.6508551666599384,
        0.6508686232556887,
        0.7743463458614239,
        0.7743598024571744,
        0.8487478637654247,
        0.8487747769569255,
        0.8962496467643616,
        0.9271998169902977,
        0.9486900004036979,
        0.9652685263681994,
        0.9773390927563145,
        0.988561893612154,
        1.0
    ],
    "ROC AUC": 0.9530144085075747
}