{
    "False Positive Rate": [
        0.0,
        0.11068905335660355,
        0.11104370631002268,
        1.0
    ],
    "True Positive Rate": [
        0.0,
        0.8386688735483697,
        0.8450742131255635,
        1.0
    ],
    "ROC AUC": 0.8668094711171291
}