{
    "False Positive Rate": [
        0.0,
        0.03601594071695895,
        0.06880267296331209,
        0.09810820648268267,
        0.13158557869095727,
        0.19107394514078788,
        1.0
    ],
    "True Positive Rate": [
        0.0,
        0.5639928410910607,
        0.8243510556699366,
        0.9210097829451106,
        0.9614064833878325,
        0.9840404774400172,
        1.0
    ],
    "ROC AUC": 0.9503362853539159
}