{
    "False Positive Rate": [
        0.0,
        0.10590123848544523,
        0.10625589143886437,
        1.0
    ],
    "True Positive Rate": [
        0.0,
        0.8371079084413225,
        0.8434997914227659,
        1.0
    ],
    "ROC AUC": 0.868431937225986
}