{
    "False Positive Rate": [
        0.0,
        0.10146390711761737,
        1.0
    ],
    "True Positive Rate": [
        0.0,
        0.8880633977216443,
        1.0
    ],
    "ROC AUC": 0.8932997453020135
}