{
    "False Positive Rate": [
        0.0,
        0.028268551236749116,
        0.04442200908632004,
        0.061585058051489144,
        0.07773851590106007,
        0.09490156486622918,
        0.11256940938919738,
        0.12821807168096921,
        0.14840989399293286,
        0.1635537607269056,
        0.1928319030792529,
        1.0
    ],
    "True Positive Rate": [
        0.0,
        0.512630014858841,
        0.7211490837048044,
        0.8325903912828133,
        0.8945022288261516,
        0.9306587419514611,
        0.9613670133729569,
        0.9757305596830114,
        0.9826646854878652,
        0.9910846953937593,
        0.9975235264982665,
        1.0
    ],
    "ROC AUC": 0.9620233226048651
}