{
    "False Positive Rate": [
        0.0,
        0.04543160020191822,
        0.09086320040383644,
        0.13023725391216556,
        0.16708732963149925,
        0.22968197879858657,
        1.0
    ],
    "True Positive Rate": [
        0.0,
        0.6567607726597325,
        0.8875681030212976,
        0.9593858345715701,
        0.9871223377909857,
        0.9980188211986132,
        1.0
    ],
    "ROC AUC": 0.9539095903405284
}