{
    "False Positive Rate": [
        0.0,
        0.099444724886421,
        1.0
    ],
    "True Positive Rate": [
        0.0,
        0.8865775136206042,
        1.0
    ],
    "ROC AUC": 0.8935663943670916
}