{
    "False Positive Rate": [
        0.0,
        0.0035335689045936395,
        0.005047955577990914,
        0.05805148914689551,
        0.061585058051489144,
        0.0646138313982837,
        0.06814740030287733,
        0.24432104997476023,
        0.24734982332155478,
        0.2811711256940939,
        0.2882382635032812,
        0.29934376577486116,
        1.0
    ],
    "True Positive Rate": [
        0.0,
        0.09063893016344725,
        0.0941059930658742,
        0.6201089648340763,
        0.6389301634472511,
        0.6433878157503715,
        0.6478454680534919,
        0.9678058444774641,
        0.9678058444774641,
        0.986627043090639,
        0.9881129271916791,
        0.9881129271916791,
        1.0
    ],
    "ROC AUC": 0.9184185122707323
}