{
    "False Positive Rate": [
        0.0,
        0.00035465295341913445,
        0.00035465295341913445,
        0.0021652496103484,
        0.0021932485277235945,
        0.0021932485277235945,
        0.00914631300923031,
        0.017685982808664732,
        0.017713981726039926,
        0.01802196981716707,
        0.027084286074271796,
        0.08193416521227846,
        0.08353010350266456,
        0.13320018292626018,
        0.21083184783521705,
        1.0
    ],
    "True Positive Rate": [
        0.0,
        0.006391882981443354,
        0.006405339577193762,
        0.02253979788193183,
        0.02258016766918305,
        0.022593624264933457,
        0.08139894769421231,
        0.1343506519720641,
        0.13443139154656655,
        0.1352926136745926,
        0.16017385921709526,
        0.3740799052655659,
        0.3766097452666424,
        0.46522142828307295,
        0.5536447189589978,
        1.0
    ],
    "ROC AUC": 0.6914442404589706
}