{
    "False Positive Rate": [
        0.0,
        0.12311123969873165,
        0.12346589265215079,
        1.0
    ],
    "True Positive Rate": [
        0.0,
        0.8107195241747742,
        0.817124863751968,
        1.0
    ],
    "ROC AUC": 0.8465789629387103
}