{
    "False Positive Rate": [
        0.0,
        0.04643812956412981,
        0.08348911333162984,
        0.11385612652473875,
        0.14806944874053551,
        0.2111973317912234,
        1.0
    ],
    "True Positive Rate": [
        0.0,
        0.6369688899648953,
        0.8720493886938627,
        0.9431196115616888,
        0.9722121346622012,
        0.9883656807758007,
        1.0
    ],
    "ROC AUC": 0.9491683300827984
}