{
    "False Positive Rate": [
        0.0,
        0.12020388127546835,
        0.1204997512002905,
        1.0
    ],
    "True Positive Rate": [
        0.0,
        0.8694131730083794,
        0.8751967074204091,
        1.0
    ],
    "ROC AUC": 0.8771294930732199
}