{
    "False Positive Rate": [
        0.0,
        0.03329881517543742,
        0.03329881517543742,
        0.03359468510025956,
        0.05598665895611711,
        0.05598665895611711,
        0.07332194682410532,
        0.08890891240905362,
        0.10364861411837487,
        0.1197062818564493,
        0.13796952539774332,
        0.16110117406565622,
        0.193243406807698,
        0.2542060599540057,
        1.0
    ],
    "True Positive Rate": [
        0.0,
        0.5231946630082449,
        0.5232081130882729,
        0.5289916475003026,
        0.7309849493604487,
        0.7309983994404766,
        0.8325330535716687,
        0.8886198872883294,
        0.9228772411195847,
        0.9457154770070882,
        0.9622187252014149,
        0.9739202948257543,
        0.9834564015655893,
        0.990934646061144,
        1.0
    ],
    "ROC AUC": 0.952160575032049
}