{
    "False Positive Rate": [
        0.0,
        0.00045955882352941176,
        0.001608455882352941,
        0.004595588235294118,
        0.009191176470588236,
        0.028952205882352942,
        0.028952205882352942,
        0.031939338235294115,
        0.031939338235294115,
        0.03285845588235294,
        0.03308823529411765,
        0.04963235294117647,
        0.04963235294117647,
        0.053998161764705885,
        0.05422794117647059,
        0.07467830882352941,
        0.07559742647058823,
        0.08157169117647059,
        0.08272058823529412,
        0.23920036764705882,
        0.24471507352941177,
        0.2810202205882353,
        0.2810202205882353,
        0.28791360294117646,
        0.29021139705882354,
        0.32950367647058826,
        0.3407628676470588,
        0.40349264705882354,
        0.4710477941176471,
        1.0
    ],
    "True Positive Rate": [
        0.0,
        0.006362486884937182,
        0.017137015415243064,
        0.06295230152538268,
        0.10182669285195448,
        0.2581582416399882,
        0.2581985956794275,
        0.276425170159533,
        0.2765596836243308,
        0.2812003981598558,
        0.2812273008528154,
        0.3456323477980146,
        0.3471927039896694,
        0.3590433402383579,
        0.35983696968066503,
        0.4195474967044201,
        0.42168626079470556,
        0.4330526485701219,
        0.43560840440128057,
        0.7342551989454145,
        0.7496031852788464,
        0.7947728067579565,
        0.7951628958058702,
        0.8008528153668182,
        0.8044846789163596,
        0.8241101934303624,
        0.8315891420731215,
        0.8509456296575287,
        0.9007828683651233,
        1.0
    ],
    "ROC AUC": 0.8103783854492235
}