{
    "False Positive Rate": [
        0.0,
        0.17601102941176472,
        0.17601102941176472,
        0.17647058823529413,
        0.24517463235294118,
        0.29549632352941174,
        0.33708639705882354,
        0.37293198529411764,
        0.4110753676470588,
        0.4547334558823529,
        0.49862132352941174,
        0.5574448529411765,
        0.6392463235294118,
        1.0
    ],
    "True Positive Rate": [
        0.0,
        0.85333996933093,
        0.8533668720238896,
        0.8597293589088267,
        0.9491270076134621,
        0.9742810255306557,
        0.9846654650130479,
        0.9904360926528746,
        0.9939334427376181,
        0.9961125608673428,
        0.99752495224772,
        0.9984396438083453,
        0.9992198219041726,
        1.0
    ],
    "ROC AUC": 0.8882182737753539
}