{
    "False Positive Rate": [
        0.0,
        0.4147518382352941,
        0.41521139705882354,
        1.0
    ],
    "True Positive Rate": [
        0.0,
        0.9672863253611687,
        0.9736488122461059,
        1.0
    ],
    "ROC AUC": 0.7781215435108528
}