{
    "False Positive Rate": [
        0.0,
        0.39889705882352944,
        0.3993566176470588,
        1.0
    ],
    "True Positive Rate": [
        0.0,
        0.9680530521105163,
        0.9744155389954534,
        1.0
    ],
    "ROC AUC": 0.7864829106824658
}