{
    "False Positive Rate": [
        0.0,
        0.22334558823529413,
        0.32950367647058826,
        0.4103860294117647,
        0.49080882352941174,
        0.6061580882352942,
        1.0
    ],
    "True Positive Rate": [
        0.0,
        0.9137499663716337,
        0.9829167899706761,
        0.994054504855936,
        0.9973769874364424,
        0.9990987597858546,
        1.0
    ],
    "ROC AUC": 0.8715540011722454
}