{
    "Precision": [
        0.50175,
        0.7582600788117612,
        0.8113146113146114,
        0.8473837209302325,
        0.8763493621197253,
        0.8963567256883286,
        0.9112848730572449,
        0.9242193062760655,
        0.9362124049796188,
        0.947892423066977,
        0.9552067381316999,
        1.0
    ],
    "Recall": [
        1.0,
        0.9971101145989039,
        0.9932237169905331,
        0.9876432486297957,
        0.9788739412057798,
        0.9635276532137519,
        0.9407075236671649,
        0.9054309915296462,
        0.8468360737419033,
        0.7305430991529647,
        0.49725959142999504,
        0.0
    ],
    "Precision-Recall AUC": 0.9558228902055679,
    "Chance Level": 0.50175
}