{
    "Precision": [
        0.50175,
        0.8566477327428517,
        1.0
    ],
    "Recall": [
        1.0,
        0.8866965620328849,
        0.0
    ],
    "Precision-Recall AUC": 0.9000971473878683,
    "Chance Level": 0.50175
}