{
    "Precision": [
        0.50175,
        0.6974526726057907,
        0.7397381850454848,
        0.7747007744660878,
        0.8150956401861106,
        0.8682161533991866,
        1.0
    ],
    "Recall": [
        1.0,
        0.9986048829098156,
        0.996711509715994,
        0.986846038863976,
        0.942700548081714,
        0.7444942700548082,
        0.0
    ],
    "Precision-Recall AUC": 0.9070181749816095,
    "Chance Level": 0.50175
}