{
    "Precision": [
        0.50175,
        0.8765383479373831,
        1.0
    ],
    "Recall": [
        1.0,
        0.8871948181365221,
        0.0
    ],
    "Precision-Recall AUC": 0.9101665830369525,
    "Chance Level": 0.50175
}