{
    "Precision": [
        0.4999731012871034,
        0.8673802832053575,
        0.8668651062102557,
        1.0
    ],
    "Recall": [
        1.0,
        0.8675436118844907,
        0.861746627392433,
        0.0
    ],
    "Precision-Recall AUC": 0.8999663966442788,
    "Chance Level": 0.4999731012871034
}