{
    "Precision": [
        0.4999731012871034,
        0.7985829849019116,
        0.8517871779337871,
        0.8784625158831004,
        0.8995255092532863,
        0.9181985294117647,
        1.0
    ],
    "Recall": [
        1.0,
        0.9838868041264845,
        0.964451438486059,
        0.9298712827341322,
        0.8439925217555044,
        0.5777750877617722,
        0.0
    ],
    "Precision-Recall AUC": 0.9288601508096249,
    "Chance Level": 0.4999731012871034
}