{
    "Bins": [
        20.0,
        21.0,
        22.0,
        23.0,
        24.0,
        25.0,
        26.0,
        27.0,
        28.0,
        29.0,
        30.0,
        31.0,
        32.0,
        33.0,
        34.0,
        35.0,
        36.0,
        37.0,
        38.0,
        39.0,
        40.0,
        41.0,
        42.0,
        43.0,
        44.0,
        45.0,
        46.0,
        47.0,
        48.0,
        49.0,
        50.0,
        51.0,
        52.0,
        53.0,
        54.0,
        55.0,
        56.0,
        57.0,
        58.0,
        59.0,
        60.0
    ],
    "Efficiency": [
        0.8913043478260869,
        0.8964013086150491,
        0.8896164639850327,
        0.8762376237623762,
        0.8998548621190131,
        0.8806064434617814,
        0.866304347826087,
        0.8500720807304181,
        0.8570163789287295,
        0.8476592478894858,
        0.8429811866859623,
        0.8457064659596305,
        0.8277830637488106,
        0.8206129807692307,
        0.8343540390784485,
        0.8156694392272605,
        0.8170483460559796,
        0.8162094763092269,
        0.8100558659217877,
        0.7987645521501544,
        0.8125730310820285,
        0.7959619952494061,
        0.7879671349059104,
        0.78818487909397,
        0.7531539108494533,
        0.7596795727636849,
        0.7663656884875847,
        0.808300395256917,
        0.7254901960784313,
        0.7231404958677686,
        0.7837837837837838,
        0.7669172932330827,
        0.7264150943396226,
        0.7333333333333333,
        0.7558139534883721,
        0.6949152542372882,
        0.6911764705882353,
        0.7358490566037735,
        0.7966101694915254,
        0.6666666666666666
    ]
}