{
    "Bins": [
        20.0,
        21.0,
        22.0,
        23.0,
        24.0,
        25.0,
        26.0,
        27.0,
        28.0,
        29.0,
        30.0,
        31.0,
        32.0,
        33.0,
        34.0,
        35.0,
        36.0,
        37.0,
        38.0,
        39.0,
        40.0,
        41.0,
        42.0,
        43.0,
        44.0,
        45.0,
        46.0,
        47.0,
        48.0,
        49.0,
        50.0,
        51.0,
        52.0,
        53.0,
        54.0,
        55.0,
        56.0,
        57.0,
        58.0,
        59.0,
        60.0
    ],
    "Efficiency": [
        0.8286445012787724,
        0.8342420937840785,
        0.862488306828812,
        0.8688118811881188,
        0.8664731494920174,
        0.8591282375236892,
        0.8630434782608696,
        0.8745795290725613,
        0.8782647189021691,
        0.8814274750575595,
        0.8856729377713459,
        0.8932603489565515,
        0.8978750396447828,
        0.8996394230769231,
        0.9049285505978419,
        0.9101153742956801,
        0.9127226463104325,
        0.9164588528678305,
        0.9141061452513967,
        0.9211214065098599,
        0.9233465763028745,
        0.9220902612826604,
        0.9340047707394646,
        0.9231711049892868,
        0.9251471825063078,
        0.9018691588785047,
        0.9209932279909706,
        0.8774703557312253,
        0.865546218487395,
        0.8347107438016529,
        0.8324324324324325,
        0.7368421052631579,
        0.7735849056603774,
        0.6888888888888889,
        0.6046511627906976,
        0.6949152542372882,
        0.6176470588235294,
        0.39622641509433965,
        0.4745762711864407,
        0.4722222222222222
    ]
}