{
    "Bins": [
        20.0,
        21.0,
        22.0,
        23.0,
        24.0,
        25.0,
        26.0,
        27.0,
        28.0,
        29.0,
        30.0,
        31.0,
        32.0,
        33.0,
        34.0,
        35.0,
        36.0,
        37.0,
        38.0,
        39.0,
        40.0,
        41.0,
        42.0,
        43.0,
        44.0,
        45.0,
        46.0,
        47.0,
        48.0,
        49.0,
        50.0,
        51.0,
        52.0,
        53.0,
        54.0,
        55.0,
        56.0,
        57.0,
        58.0,
        59.0,
        60.0
    ],
    "Efficiency": [
        0.9744245524296675,
        0.9738276990185387,
        0.9756782039289055,
        0.966996699669967,
        0.9709724238026125,
        0.9684144030322173,
        0.971195652173913,
        0.9687650168188371,
        0.9667994687915007,
        0.9646968534151957,
        0.9732272069464544,
        0.9739993157714677,
        0.968918490326673,
        0.9636418269230769,
        0.9591717701953922,
        0.9562650925677488,
        0.9567430025445293,
        0.9528678304239402,
        0.9492551210428305,
        0.9548586362556427,
        0.9513905118018229,
        0.9491686460807601,
        0.954943016167506,
        0.943373125191307,
        0.9482758620689655,
        0.9312416555407209,
        0.9480812641083521,
        0.9071146245059288,
        0.9355742296918768,
        0.9132231404958677,
        0.9567567567567568,
        0.924812030075188,
        0.9339622641509434,
        0.8555555555555555,
        0.8837209302325582,
        0.8983050847457628,
        0.9264705882352942,
        0.9056603773584906,
        0.8983050847457628,
        0.8333333333333334
    ]
}