{
    "Bins": [
        20.0,
        21.0,
        22.0,
        23.0,
        24.0,
        25.0,
        26.0,
        27.0,
        28.0,
        29.0,
        30.0,
        31.0,
        32.0,
        33.0,
        34.0,
        35.0,
        36.0,
        37.0,
        38.0,
        39.0,
        40.0,
        41.0,
        42.0,
        43.0,
        44.0,
        45.0,
        46.0,
        47.0,
        48.0,
        49.0,
        50.0,
        51.0,
        52.0,
        53.0,
        54.0,
        55.0,
        56.0,
        57.0,
        58.0,
        59.0,
        60.0
    ],
    "Efficiency": [
        0.9948849104859335,
        0.9956379498364231,
        0.9869036482694107,
        0.9834983498349835,
        0.97677793904209,
        0.9677826910928616,
        0.9527173913043478,
        0.9432964920711197,
        0.9428950863213812,
        0.9493476592478894,
        0.9511577424023154,
        0.9497092028737598,
        0.9606723755153822,
        0.9660456730769231,
        0.9696704578594343,
        0.9686074590823719,
        0.9681933842239185,
        0.9745635910224439,
        0.9725325884543762,
        0.977191732002851,
        0.974293059125964,
        0.9736342042755345,
        0.972700768619136,
        0.96541169268442,
        0.9575273338940286,
        0.9459279038718291,
        0.9525959367945824,
        0.9209486166007905,
        0.8879551820728291,
        0.8677685950413223,
        0.827027027027027,
        0.7969924812030075,
        0.7452830188679245,
        0.7444444444444445,
        0.6976744186046512,
        0.6779661016949152,
        0.5735294117647058,
        0.4528301886792453,
        0.559322033898305,
        0.4444444444444444
    ]
}