{
    "Precision": [
        0.40952827069326575,
        0.8436082737830891,
        0.8430360191885519,
        1.0
    ],
    "Recall": [
        1.0,
        0.8435401612100171,
        0.8371482782285737,
        0.0
    ],
    "Precision-Recall AUC": 0.8748704024297707,
    "Chance Level": 0.40952827069326575
}