{
    "Precision": [
        0.40952827069326575,
        0.7817320747052094,
        0.8360933934109661,
        0.8673429277879922,
        0.8928118485692211,
        0.9154803493449781,
        1.0
    ],
    "Recall": [
        1.0,
        0.984000107652766,
        0.9613392004090805,
        0.9204715191150943,
        0.8241626633294309,
        0.5642216032188178,
        0.0
    ],
    "Precision-Recall AUC": 0.9228300999532411,
    "Chance Level": 0.40952827069326575
}