{
    "False Positive Rate": [
        0.0,
        0.09010984908583534,
        1.0
    ],
    "True Positive Rate": [
        0.0,
        0.872296906328637,
        1.0
    ],
    "ROC AUC": 0.8910935286214008
}