{
    "False Positive Rate": [
        0.0,
        0.014624767842310097,
        0.02774692711881807,
        0.03875050164726964,
        0.05014606101897393,
        0.061504288500844634,
        0.0741504661819743,
        0.08885923077640998,
        0.10554658553202609,
        0.12781505781776437,
        0.16755485454562424,
        1.0
    ],
    "True Positive Rate": [
        0.0,
        0.5199763163914792,
        0.7368159003135387,
        0.8420599356774723,
        0.8999098408084723,
        0.9346413144402729,
        0.9580961608332325,
        0.9722928693499119,
        0.9830581459502375,
        0.9901094021234508,
        0.9956535195726185,
        1.0
    ],
    "ROC AUC": 0.9756210511218228
}