{
    "False Positive Rate": [
        0.0,
        0.07452378508031023,
        1.0
    ],
    "True Positive Rate": [
        0.0,
        0.8864263318665644,
        1.0
    ],
    "ROC AUC": 0.9059512733931271
}