{
    "False Positive Rate": [
        0.0,
        0.039002491903646394,
        0.07347849216496963,
        0.10278402568434021,
        0.13808132752200247,
        0.20282415746591131,
        1.0
    ],
    "True Positive Rate": [
        0.0,
        0.5610727598132225,
        0.8278766837565432,
        0.9246161506062196,
        0.964165085516666,
        0.9853188540363059,
        1.0
    ],
    "ROC AUC": 0.948329306695064
}