{
    "False Positive Rate": [
        0.0,
        0.05168309641324959,
        0.09418077652406633,
        0.12864962276584585,
        0.1677985932729938,
        0.24804658606452654,
        1.0
    ],
    "True Positive Rate": [
        0.0,
        0.5831147695328788,
        0.8440328719955884,
        0.9299250830542442,
        0.9644648885660869,
        0.9839271543665685,
        1.0
    ],
    "ROC AUC": 0.937136344627953
}