{
    "Bins": [
        20.0,
        21.0,
        22.0,
        23.0,
        24.0,
        25.0,
        26.0,
        27.0,
        28.0,
        29.0,
        30.0,
        31.0,
        32.0,
        33.0,
        34.0,
        35.0,
        36.0,
        37.0,
        38.0,
        39.0,
        40.0,
        41.0,
        42.0,
        43.0,
        44.0,
        45.0,
        46.0,
        47.0,
        48.0,
        49.0,
        50.0,
        51.0,
        52.0,
        53.0,
        54.0,
        55.0,
        56.0,
        57.0,
        58.0,
        59.0,
        60.0
    ],
    "Efficiency": [
        0.9718670076726342,
        0.9705561613958561,
        0.9831618334892422,
        0.9744224422442245,
        0.9775036284470247,
        0.9684144030322173,
        0.971195652173913,
        0.9673234022104757,
        0.965028773793714,
        0.966615502686109,
        0.965629522431259,
        0.962709544988026,
        0.9698699651125912,
        0.9636418269230769,
        0.9606299212598425,
        0.9549235309900724,
        0.9585241730279899,
        0.9603491271820449,
        0.9594972067039106,
        0.9531955333808506,
        0.9488198177144193,
        0.9524940617577197,
        0.9520275642724623,
        0.9525558616467708,
        0.9482758620689655,
        0.945260347129506,
        0.9514672686230248,
        0.9347826086956522,
        0.9243697478991597,
        0.9214876033057852,
        0.9243243243243243,
        0.9398496240601504,
        0.9528301886792453,
        0.9111111111111111,
        0.9186046511627907,
        0.864406779661017,
        0.9411764705882353,
        0.9245283018867925,
        0.9322033898305084,
        0.8333333333333334
    ]
}