{
    "Bins": [
        20.0,
        21.0,
        22.0,
        23.0,
        24.0,
        25.0,
        26.0,
        27.0,
        28.0,
        29.0,
        30.0,
        31.0,
        32.0,
        33.0,
        34.0,
        35.0,
        36.0,
        37.0,
        38.0,
        39.0,
        40.0,
        41.0,
        42.0,
        43.0,
        44.0,
        45.0,
        46.0,
        47.0,
        48.0,
        49.0,
        50.0,
        51.0,
        52.0,
        53.0,
        54.0,
        55.0,
        56.0,
        57.0,
        58.0,
        59.0,
        60.0
    ],
    "Efficiency": [
        0.9309462915601023,
        0.9116684841875682,
        0.9270346117867165,
        0.9133663366336634,
        0.918722786647315,
        0.9191408717624763,
        0.9130434782608695,
        0.9183085055261894,
        0.9141212926073484,
        0.9121258633921719,
        0.9120839363241678,
        0.918576804652754,
        0.9067554709800191,
        0.9188701923076923,
        0.9174686497521143,
        0.9058223772471157,
        0.9055979643765903,
        0.912718204488778,
        0.9129422718808193,
        0.9042527916369684,
        0.898107034353821,
        0.8950118764845606,
        0.9000795123244103,
        0.8839914294459749,
        0.8894028595458369,
        0.8811748998664887,
        0.891647855530474,
        0.883399209486166,
        0.7983193277310925,
        0.8305785123966942,
        0.9081081081081082,
        0.8270676691729323,
        0.7924528301886793,
        0.8222222222222222,
        0.7441860465116279,
        0.8305084745762712,
        0.7941176470588235,
        0.7169811320754716,
        0.7288135593220338,
        0.75
    ]
}