{
    "Bins": [
        20.0,
        21.0,
        22.0,
        23.0,
        24.0,
        25.0,
        26.0,
        27.0,
        28.0,
        29.0,
        30.0,
        31.0,
        32.0,
        33.0,
        34.0,
        35.0,
        36.0,
        37.0,
        38.0,
        39.0,
        40.0,
        41.0,
        42.0,
        43.0,
        44.0,
        45.0,
        46.0,
        47.0,
        48.0,
        49.0,
        50.0,
        51.0,
        52.0,
        53.0,
        54.0,
        55.0,
        56.0,
        57.0,
        58.0,
        59.0,
        60.0
    ],
    "Efficiency": [
        0.9335038363171355,
        0.9247546346782988,
        0.9242282507015903,
        0.9026402640264026,
        0.888243831640058,
        0.9008212255211624,
        0.8777173913043478,
        0.8755406054781355,
        0.8618857901726428,
        0.8637759017651573,
        0.8465991316931982,
        0.8546014368799179,
        0.8449096098953378,
        0.8314302884615384,
        0.8250218722659668,
        0.8070834451301315,
        0.810941475826972,
        0.7977556109725685,
        0.7881750465549349,
        0.7797576621525303,
        0.7807899041832204,
        0.7833729216152019,
        0.7744500397561622,
        0.773492500765228,
        0.7674516400336417,
        0.7583444592790387,
        0.7460496613995485,
        0.7549407114624506,
        0.7338935574229691,
        0.7396694214876033,
        0.7513513513513513,
        0.7218045112781954,
        0.7641509433962265,
        0.8444444444444444,
        0.6976744186046512,
        0.7627118644067796,
        0.7205882352941176,
        0.6226415094339622,
        0.847457627118644,
        0.6111111111111112
    ]
}