{
    "Bins": [
        20.0,
        21.0,
        22.0,
        23.0,
        24.0,
        25.0,
        26.0,
        27.0,
        28.0,
        29.0,
        30.0,
        31.0,
        32.0,
        33.0,
        34.0,
        35.0,
        36.0,
        37.0,
        38.0,
        39.0,
        40.0,
        41.0,
        42.0,
        43.0,
        44.0,
        45.0,
        46.0,
        47.0,
        48.0,
        49.0,
        50.0,
        51.0,
        52.0,
        53.0,
        54.0,
        55.0,
        56.0,
        57.0,
        58.0,
        59.0,
        60.0
    ],
    "Efficiency": [
        0.9757033248081841,
        0.9683751363140676,
        0.9766136576239476,
        0.9744224422442245,
        0.9724238026124818,
        0.9709412507896399,
        0.9695652173913043,
        0.9601153291686689,
        0.9552899513058876,
        0.9577897160399079,
        0.951519536903039,
        0.9541566883339035,
        0.9606723755153822,
        0.9498197115384616,
        0.9428404782735491,
        0.9339951703783204,
        0.9330788804071247,
        0.9389027431421446,
        0.9322625698324022,
        0.9189831313851271,
        0.910025706940874,
        0.9152019002375297,
        0.9162470182878346,
        0.9115396388123661,
        0.9015979814970564,
        0.8765020026702269,
        0.8848758465011287,
        0.8814229249011858,
        0.8487394957983193,
        0.8305785123966942,
        0.8810810810810811,
        0.8646616541353384,
        0.8301886792452831,
        0.8444444444444444,
        0.7906976744186046,
        0.847457627118644,
        0.8676470588235294,
        0.7547169811320755,
        0.8305084745762712,
        0.6944444444444444
    ]
}