{
    "Bins": [
        20.0,
        21.0,
        22.0,
        23.0,
        24.0,
        25.0,
        26.0,
        27.0,
        28.0,
        29.0,
        30.0,
        31.0,
        32.0,
        33.0,
        34.0,
        35.0,
        36.0,
        37.0,
        38.0,
        39.0,
        40.0,
        41.0,
        42.0,
        43.0,
        44.0,
        45.0,
        46.0,
        47.0,
        48.0,
        49.0,
        50.0,
        51.0,
        52.0,
        53.0,
        54.0,
        55.0,
        56.0,
        57.0,
        58.0,
        59.0,
        60.0
    ],
    "Efficiency": [
        0.7352941176470589,
        0.7197382769901853,
        0.7277829747427502,
        0.721947194719472,
        0.7256894049346879,
        0.7561591914087177,
        0.7369565217391304,
        0.7275348390197021,
        0.7538733953076583,
        0.7551803530314658,
        0.748191027496382,
        0.7622305850153951,
        0.7595940374246749,
        0.7626201923076923,
        0.7608632254301546,
        0.7735444056882211,
        0.7631043256997455,
        0.7745635910224439,
        0.7604748603351955,
        0.7640769779044904,
        0.7604580509464828,
        0.7691211401425179,
        0.7556321229790618,
        0.7591062136516682,
        0.7699747687132044,
        0.7616822429906542,
        0.7437923250564334,
        0.7924901185770751,
        0.7843137254901961,
        0.7644628099173554,
        0.7783783783783784,
        0.6616541353383458,
        0.7547169811320755,
        0.8777777777777778,
        0.7674418604651163,
        0.864406779661017,
        0.75,
        0.7169811320754716,
        0.8983050847457628,
        0.6666666666666666
    ]
}