{
    "Bins": [
        20.0,
        21.0,
        22.0,
        23.0,
        24.0,
        25.0,
        26.0,
        27.0,
        28.0,
        29.0,
        30.0,
        31.0,
        32.0,
        33.0,
        34.0,
        35.0,
        36.0,
        37.0,
        38.0,
        39.0,
        40.0,
        41.0,
        42.0,
        43.0,
        44.0,
        45.0,
        46.0,
        47.0,
        48.0,
        49.0,
        50.0,
        51.0,
        52.0,
        53.0,
        54.0,
        55.0,
        56.0,
        57.0,
        58.0,
        59.0,
        60.0
    ],
    "Efficiency": [
        0.9603580562659847,
        0.9705561613958561,
        0.9840972871842844,
        0.9744224422442245,
        0.969521044992743,
        0.9772583701831965,
        0.9755434782608695,
        0.9706871696299856,
        0.9729969012837538,
        0.9712202609363009,
        0.9764833574529667,
        0.9794731440301061,
        0.9819219790675547,
        0.9837740384615384,
        0.9833770778652668,
        0.9844378856989536,
        0.983206106870229,
        0.985286783042394,
        0.9839385474860335,
        0.9857448325017819,
        0.9836410376256135,
        0.9833729216152018,
        0.9806520010601644,
        0.9831649831649831,
        0.9806560134566863,
        0.9759679572763685,
        0.9785553047404063,
        0.9782608695652174,
        0.9747899159663865,
        0.9586776859504132,
        0.9297297297297298,
        0.9548872180451128,
        0.9056603773584906,
        0.8888888888888888,
        0.8604651162790697,
        0.9152542372881356,
        0.8970588235294118,
        0.9056603773584906,
        0.8305084745762712,
        0.8055555555555556
    ]
}