{
    "Bins": [
        20.0,
        21.0,
        22.0,
        23.0,
        24.0,
        25.0,
        26.0,
        27.0,
        28.0,
        29.0,
        30.0,
        31.0,
        32.0,
        33.0,
        34.0,
        35.0,
        36.0,
        37.0,
        38.0,
        39.0,
        40.0,
        41.0,
        42.0,
        43.0,
        44.0,
        45.0,
        46.0,
        47.0,
        48.0,
        49.0,
        50.0,
        51.0,
        52.0,
        53.0,
        54.0,
        55.0,
        56.0,
        57.0,
        58.0,
        59.0,
        60.0
    ],
    "Efficiency": [
        0.9757033248081841,
        0.9683751363140676,
        0.9784845650140318,
        0.9752475247524752,
        0.9731494920174165,
        0.9696778269109286,
        0.9706521739130435,
        0.9591542527630946,
        0.9552899513058876,
        0.9577897160399079,
        0.9504341534008683,
        0.952788231269244,
        0.959720900729464,
        0.9468149038461539,
        0.9431321084864392,
        0.9331902334317145,
        0.9315521628498727,
        0.9364089775561097,
        0.9292364990689013,
        0.9158945117605132,
        0.9090909090909091,
        0.9144893111638955,
        0.9141266896368937,
        0.9100091827364555,
        0.8973927670311186,
        0.8765020026702269,
        0.881489841986456,
        0.8794466403162056,
        0.84593837535014,
        0.8305785123966942,
        0.8756756756756757,
        0.8571428571428571,
        0.839622641509434,
        0.8333333333333334,
        0.7790697674418605,
        0.847457627118644,
        0.8676470588235294,
        0.7547169811320755,
        0.8305084745762712,
        0.6944444444444444
    ]
}