{
    "Bins": [
        20.0,
        21.0,
        22.0,
        23.0,
        24.0,
        25.0,
        26.0,
        27.0,
        28.0,
        29.0,
        30.0,
        31.0,
        32.0,
        33.0,
        34.0,
        35.0,
        36.0,
        37.0,
        38.0,
        39.0,
        40.0,
        41.0,
        42.0,
        43.0,
        44.0,
        45.0,
        46.0,
        47.0,
        48.0,
        49.0,
        50.0,
        51.0,
        52.0,
        53.0,
        54.0,
        55.0,
        56.0,
        57.0,
        58.0,
        59.0,
        60.0
    ],
    "Efficiency": [
        0.9680306905370843,
        0.965103598691385,
        0.9681945743685687,
        0.9628712871287128,
        0.9615384615384616,
        0.965255843335439,
        0.9668478260869565,
        0.9639596347909659,
        0.9641434262948207,
        0.9600920951650038,
        0.9587554269175108,
        0.9609989736572015,
        0.9565493181097368,
        0.9627403846153846,
        0.957713619130942,
        0.9503622216259726,
        0.9534351145038168,
        0.9630922693266832,
        0.9555400372439479,
        0.9512948443810881,
        0.9483524187894368,
        0.9463182897862232,
        0.9440763318314339,
        0.9449035812672176,
        0.9373423044575273,
        0.9359145527369827,
        0.9525959367945824,
        0.9110671936758893,
        0.9019607843137255,
        0.9008264462809917,
        0.9513513513513514,
        0.8947368421052632,
        0.9056603773584906,
        0.8444444444444444,
        0.872093023255814,
        0.8983050847457628,
        0.8529411764705882,
        0.8490566037735849,
        0.8813559322033898,
        0.7777777777777778
    ]
}