{
    "Bins": [
        20.0,
        21.0,
        22.0,
        23.0,
        24.0,
        25.0,
        26.0,
        27.0,
        28.0,
        29.0,
        30.0,
        31.0,
        32.0,
        33.0,
        34.0,
        35.0,
        36.0,
        37.0,
        38.0,
        39.0,
        40.0,
        41.0,
        42.0,
        43.0,
        44.0,
        45.0,
        46.0,
        47.0,
        48.0,
        49.0,
        50.0,
        51.0,
        52.0,
        53.0,
        54.0,
        55.0,
        56.0,
        57.0,
        58.0,
        59.0,
        60.0
    ],
    "Efficiency": [
        0.9744245524296675,
        0.9792802617230099,
        0.9784845650140318,
        0.9727722772277227,
        0.9731494920174165,
        0.967150979153506,
        0.9646739130434783,
        0.964440172993753,
        0.9619300575475874,
        0.9562547966231773,
        0.9580318379160637,
        0.9500513171399247,
        0.9476688867745005,
        0.9537259615384616,
        0.9437153689122193,
        0.9404346659511672,
        0.9374045801526718,
        0.9391521197007481,
        0.930633147113594,
        0.9280114041339986,
        0.923813975227857,
        0.9323040380047506,
        0.922077922077922,
        0.9213345576981941,
        0.9222035323801514,
        0.9112149532710281,
        0.9311512415349887,
        0.8952569169960475,
        0.8907563025210085,
        0.859504132231405,
        0.8756756756756757,
        0.9172932330827067,
        0.8679245283018868,
        0.8888888888888888,
        0.9418604651162791,
        0.9322033898305084,
        0.8382352941176471,
        0.8301886792452831,
        0.8813559322033898,
        0.8333333333333334
    ]
}