{
    "Bins": [
        20.0,
        21.0,
        22.0,
        23.0,
        24.0,
        25.0,
        26.0,
        27.0,
        28.0,
        29.0,
        30.0,
        31.0,
        32.0,
        33.0,
        34.0,
        35.0,
        36.0,
        37.0,
        38.0,
        39.0,
        40.0,
        41.0,
        42.0,
        43.0,
        44.0,
        45.0,
        46.0,
        47.0,
        48.0,
        49.0,
        50.0,
        51.0,
        52.0,
        53.0,
        54.0,
        55.0,
        56.0,
        57.0,
        58.0,
        59.0,
        60.0
    ],
    "Efficiency": [
        0.9462915601023018,
        0.9498364231188658,
        0.9635173058933583,
        0.9513201320132013,
        0.9528301886792453,
        0.9551484523057486,
        0.9521739130434783,
        0.9557904853435848,
        0.953519256308101,
        0.9535686876438987,
        0.9529667149059334,
        0.9534724598015737,
        0.9533777354900095,
        0.953125,
        0.9542140565762613,
        0.9479474107861551,
        0.9529262086513995,
        0.9553615960099751,
        0.9506517690875232,
        0.9515324305060584,
        0.9471839214769806,
        0.9448931116389548,
        0.950172276702889,
        0.9421487603305785,
        0.9444911690496215,
        0.9325767690253671,
        0.945823927765237,
        0.932806324110672,
        0.9047619047619048,
        0.9090909090909091,
        0.9297297297297298,
        0.9323308270676691,
        0.8773584905660378,
        0.8666666666666667,
        0.9069767441860465,
        0.8983050847457628,
        0.8676470588235294,
        0.8867924528301887,
        0.8983050847457628,
        0.8333333333333334
    ]
}