{
    "Bins": [
        20.0,
        21.0,
        22.0,
        23.0,
        24.0,
        25.0,
        26.0,
        27.0,
        28.0,
        29.0,
        30.0,
        31.0,
        32.0,
        33.0,
        34.0,
        35.0,
        36.0,
        37.0,
        38.0,
        39.0,
        40.0,
        41.0,
        42.0,
        43.0,
        44.0,
        45.0,
        46.0,
        47.0,
        48.0,
        49.0,
        50.0,
        51.0,
        52.0,
        53.0,
        54.0,
        55.0,
        56.0,
        57.0,
        58.0,
        59.0,
        60.0
    ],
    "Efficiency": [
        0.9744245524296675,
        0.9694656488549618,
        0.9775491113189897,
        0.976897689768977,
        0.9731494920174165,
        0.9696778269109286,
        0.971195652173913,
        0.9596347909658818,
        0.9557326250553342,
        0.9593246354566385,
        0.9518813314037626,
        0.9538145740677386,
        0.9603552172534094,
        0.9495192307692307,
        0.9437153689122193,
        0.9334585457472498,
        0.9340966921119593,
        0.940149625935162,
        0.9308659217877095,
        0.9189831313851271,
        0.9130637999532601,
        0.915439429928741,
        0.9143917307182613,
        0.9078665442301805,
        0.9007569386038689,
        0.8798397863818425,
        0.8871331828442438,
        0.8814229249011858,
        0.8431372549019608,
        0.8305785123966942,
        0.8756756756756757,
        0.8721804511278195,
        0.839622641509434,
        0.8555555555555555,
        0.7906976744186046,
        0.847457627118644,
        0.8676470588235294,
        0.7547169811320755,
        0.8305084745762712,
        0.6944444444444444
    ]
}