{
    "Bins": [
        20.0,
        21.0,
        22.0,
        23.0,
        24.0,
        25.0,
        26.0,
        27.0,
        28.0,
        29.0,
        30.0,
        31.0,
        32.0,
        33.0,
        34.0,
        35.0,
        36.0,
        37.0,
        38.0,
        39.0,
        40.0,
        41.0,
        42.0,
        43.0,
        44.0,
        45.0,
        46.0,
        47.0,
        48.0,
        49.0,
        50.0,
        51.0,
        52.0,
        53.0,
        54.0,
        55.0,
        56.0,
        57.0,
        58.0,
        59.0,
        60.0
    ],
    "Efficiency": [
        0.9347826086956522,
        0.9280261723009815,
        0.9270346117867165,
        0.9092409240924092,
        0.8933236574746009,
        0.9046114971572963,
        0.8815217391304347,
        0.8789043728976453,
        0.8689685701637893,
        0.8683806600153492,
        0.8520260492040521,
        0.8597331508723913,
        0.8477640342530923,
        0.8377403846153846,
        0.8288130650335375,
        0.8121813791253019,
        0.8150127226463104,
        0.8032418952618454,
        0.792830540037244,
        0.7837966262770254,
        0.7849964945080626,
        0.7864608076009502,
        0.7781606148953087,
        0.7768595041322314,
        0.7720773759461732,
        0.7596795727636849,
        0.7494356659142212,
        0.7569169960474308,
        0.7366946778711485,
        0.7479338842975206,
        0.7513513513513513,
        0.7218045112781954,
        0.7641509433962265,
        0.8444444444444444,
        0.6976744186046512,
        0.7627118644067796,
        0.7205882352941176,
        0.6226415094339622,
        0.847457627118644,
        0.6111111111111112
    ]
}