{
    "Bins": [
        20.0,
        21.0,
        22.0,
        23.0,
        24.0,
        25.0,
        26.0,
        27.0,
        28.0,
        29.0,
        30.0,
        31.0,
        32.0,
        33.0,
        34.0,
        35.0,
        36.0,
        37.0,
        38.0,
        39.0,
        40.0,
        41.0,
        42.0,
        43.0,
        44.0,
        45.0,
        46.0,
        47.0,
        48.0,
        49.0,
        50.0,
        51.0,
        52.0,
        53.0,
        54.0,
        55.0,
        56.0,
        57.0,
        58.0,
        59.0,
        60.0
    ],
    "Efficiency": [
        0.9757033248081841,
        0.9760087241003271,
        0.9784845650140318,
        0.9711221122112211,
        0.9738751814223512,
        0.9766266582438408,
        0.975,
        0.9697260932244114,
        0.9729969012837538,
        0.9685341519570223,
        0.9641823444283647,
        0.969209716045159,
        0.9613066920393276,
        0.9609375,
        0.9562554680664916,
        0.9479474107861551,
        0.950381679389313,
        0.9518703241895262,
        0.9506517690875232,
        0.9458303635067712,
        0.9380696424398224,
        0.9410926365795724,
        0.9318844420885237,
        0.936026936026936,
        0.9297729184188394,
        0.9085447263017357,
        0.9300225733634312,
        0.9169960474308301,
        0.8907563025210085,
        0.8677685950413223,
        0.8918918918918919,
        0.9172932330827067,
        0.8301886792452831,
        0.8777777777777778,
        0.8837209302325582,
        0.9152542372881356,
        0.8529411764705882,
        0.8301886792452831,
        0.864406779661017,
        0.8333333333333334
    ]
}