{
    "Bins": [
        20.0,
        21.0,
        22.0,
        23.0,
        24.0,
        25.0,
        26.0,
        27.0,
        28.0,
        29.0,
        30.0,
        31.0,
        32.0,
        33.0,
        34.0,
        35.0,
        36.0,
        37.0,
        38.0,
        39.0,
        40.0,
        41.0,
        42.0,
        43.0,
        44.0,
        45.0,
        46.0,
        47.0,
        48.0,
        49.0,
        50.0,
        51.0,
        52.0,
        53.0,
        54.0,
        55.0,
        56.0,
        57.0,
        58.0,
        59.0,
        60.0
    ],
    "Efficiency": [
        0.5639386189258312,
        0.5517993456924755,
        0.567820392890552,
        0.5552805280528053,
        0.5566037735849056,
        0.5495893872394189,
        0.5190217391304348,
        0.5353195579048534,
        0.532979194333776,
        0.5314658480429777,
        0.5083212735166426,
        0.5094081423195347,
        0.5160164922296225,
        0.48888221153846156,
        0.489355497229513,
        0.47035148913335123,
        0.4631043256997455,
        0.46234413965087284,
        0.4664804469273743,
        0.4668567355666429,
        0.4524421593830334,
        0.4634204275534442,
        0.47018287834614364,
        0.465564738292011,
        0.471825063078217,
        0.4479305740987984,
        0.43905191873589167,
        0.43478260869565216,
        0.4341736694677871,
        0.3925619834710744,
        0.4864864864864865,
        0.40601503759398494,
        0.5188679245283019,
        0.43333333333333335,
        0.4069767441860465,
        0.423728813559322,
        0.4117647058823529,
        0.3018867924528302,
        0.559322033898305,
        0.3888888888888889
    ]
}