{
    "Bins": [
        20.0,
        21.0,
        22.0,
        23.0,
        24.0,
        25.0,
        26.0,
        27.0,
        28.0,
        29.0,
        30.0,
        31.0,
        32.0,
        33.0,
        34.0,
        35.0,
        36.0,
        37.0,
        38.0,
        39.0,
        40.0,
        41.0,
        42.0,
        43.0,
        44.0,
        45.0,
        46.0,
        47.0,
        48.0,
        49.0,
        50.0,
        51.0,
        52.0,
        53.0,
        54.0,
        55.0,
        56.0,
        57.0,
        58.0,
        59.0,
        60.0
    ],
    "Efficiency": [
        0.9820971867007673,
        0.9738276990185387,
        0.9840972871842844,
        0.9834983498349835,
        0.978955007256894,
        0.9778900821225521,
        0.9782608695652174,
        0.9721287842383469,
        0.9659141212926073,
        0.9696853415195702,
        0.9663531114327062,
        0.9678412589804994,
        0.9701871233745639,
        0.9654447115384616,
        0.9565470982793818,
        0.9522404078347196,
        0.95470737913486,
        0.9541147132169576,
        0.9504189944134078,
        0.9413162271323354,
        0.9354989483524188,
        0.9429928741092637,
        0.9393055923668169,
        0.9357208448117539,
        0.9289318755256518,
        0.9138851802403204,
        0.927765237020316,
        0.9150197628458498,
        0.8907563025210085,
        0.8801652892561983,
        0.9027027027027027,
        0.8947368421052632,
        0.8867924528301887,
        0.8777777777777778,
        0.8488372093023255,
        0.8983050847457628,
        0.8970588235294118,
        0.8490566037735849,
        0.8983050847457628,
        0.6944444444444444
    ]
}