{
    "Bins": [
        20.0,
        21.0,
        22.0,
        23.0,
        24.0,
        25.0,
        26.0,
        27.0,
        28.0,
        29.0,
        30.0,
        31.0,
        32.0,
        33.0,
        34.0,
        35.0,
        36.0,
        37.0,
        38.0,
        39.0,
        40.0,
        41.0,
        42.0,
        43.0,
        44.0,
        45.0,
        46.0,
        47.0,
        48.0,
        49.0,
        50.0,
        51.0,
        52.0,
        53.0,
        54.0,
        55.0,
        56.0,
        57.0,
        58.0,
        59.0,
        60.0
    ],
    "Efficiency": [
        0.9782608695652174,
        0.9727371864776445,
        0.9822263797942001,
        0.9793729372937293,
        0.9775036284470247,
        0.9747315224257739,
        0.9760869565217392,
        0.9668428640076886,
        0.9610447100486941,
        0.9662317728319263,
        0.9576700434153401,
        0.9620253164556962,
        0.9670155407548366,
        0.9573317307692307,
        0.9492563429571304,
        0.944995975315267,
        0.943765903307888,
        0.9466334164588529,
        0.9425046554934823,
        0.9306248515086719,
        0.922879177377892,
        0.9294536817102138,
        0.9310893188444209,
        0.9237832874196511,
        0.9171572750210261,
        0.8945260347129506,
        0.909706546275395,
        0.8952569169960475,
        0.876750700280112,
        0.859504132231405,
        0.8864864864864865,
        0.8796992481203008,
        0.8867924528301887,
        0.8555555555555555,
        0.813953488372093,
        0.8983050847457628,
        0.8823529411764706,
        0.7735849056603774,
        0.847457627118644,
        0.6944444444444444
    ]
}