{
    "Bins": [
        20.0,
        21.0,
        22.0,
        23.0,
        24.0,
        25.0,
        26.0,
        27.0,
        28.0,
        29.0,
        30.0,
        31.0,
        32.0,
        33.0,
        34.0,
        35.0,
        36.0,
        37.0,
        38.0,
        39.0,
        40.0,
        41.0,
        42.0,
        43.0,
        44.0,
        45.0,
        46.0,
        47.0,
        48.0,
        49.0,
        50.0,
        51.0,
        52.0,
        53.0,
        54.0,
        55.0,
        56.0,
        57.0,
        58.0,
        59.0,
        60.0
    ],
    "Efficiency": [
        0.9475703324808185,
        0.9367502726281353,
        0.9560336763330215,
        0.9504950495049505,
        0.9390420899854862,
        0.9444093493367025,
        0.9418478260869565,
        0.9312830370014417,
        0.9269588313413014,
        0.929777436684574,
        0.9229377713458755,
        0.925419089976052,
        0.9289565493181098,
        0.9233774038461539,
        0.9212598425196851,
        0.9042125033539039,
        0.9061068702290076,
        0.9172069825436409,
        0.9013035381750466,
        0.8907103825136612,
        0.8829165692918907,
        0.8883610451306413,
        0.8884177047442353,
        0.8741965105601469,
        0.864592094196804,
        0.8444592790387183,
        0.8521444695259593,
        0.8458498023715415,
        0.7927170868347339,
        0.7727272727272727,
        0.8432432432432433,
        0.8345864661654135,
        0.7264150943396226,
        0.8,
        0.7325581395348837,
        0.7966101694915254,
        0.7794117647058824,
        0.6792452830188679,
        0.7796610169491526,
        0.5833333333333334
    ]
}