{
    "Bins": [
        20.0,
        21.0,
        22.0,
        23.0,
        24.0,
        25.0,
        26.0,
        27.0,
        28.0,
        29.0,
        30.0,
        31.0,
        32.0,
        33.0,
        34.0,
        35.0,
        36.0,
        37.0,
        38.0,
        39.0,
        40.0,
        41.0,
        42.0,
        43.0,
        44.0,
        45.0,
        46.0,
        47.0,
        48.0,
        49.0,
        50.0,
        51.0,
        52.0,
        53.0,
        54.0,
        55.0,
        56.0,
        57.0,
        58.0,
        59.0,
        60.0
    ],
    "Efficiency": [
        0.9552429667519181,
        0.9520174482006543,
        0.9579045837231057,
        0.9381188118811881,
        0.944121915820029,
        0.9450410612760581,
        0.9423913043478261,
        0.940893801057184,
        0.9313855688357681,
        0.9328472755180353,
        0.9247467438494935,
        0.9233664043790626,
        0.919441801458928,
        0.9176682692307693,
        0.9171770195392243,
        0.902334317145157,
        0.9061068702290076,
        0.9089775561097256,
        0.9089851024208566,
        0.8949869327631267,
        0.8894601542416453,
        0.8855106888361045,
        0.8947786906970581,
        0.8873584328129782,
        0.8755256518082423,
        0.8678237650200267,
        0.8724604966139955,
        0.8636363636363636,
        0.8403361344537815,
        0.8140495867768595,
        0.8594594594594595,
        0.849624060150376,
        0.8207547169811321,
        0.8222222222222222,
        0.8372093023255814,
        0.864406779661017,
        0.8823529411764706,
        0.7547169811320755,
        0.7627118644067796,
        0.7222222222222222
    ]
}