{
    "Bins": [
        20.0,
        21.0,
        22.0,
        23.0,
        24.0,
        25.0,
        26.0,
        27.0,
        28.0,
        29.0,
        30.0,
        31.0,
        32.0,
        33.0,
        34.0,
        35.0,
        36.0,
        37.0,
        38.0,
        39.0,
        40.0,
        41.0,
        42.0,
        43.0,
        44.0,
        45.0,
        46.0,
        47.0,
        48.0,
        49.0,
        50.0,
        51.0,
        52.0,
        53.0,
        54.0,
        55.0,
        56.0,
        57.0,
        58.0,
        59.0,
        60.0
    ],
    "Efficiency": [
        0.9731457800511509,
        0.9694656488549618,
        0.9766136576239476,
        0.9777227722772277,
        0.97677793904209,
        0.9696778269109286,
        0.971195652173913,
        0.9629985583853916,
        0.9588313413014609,
        0.9600920951650038,
        0.9587554269175108,
        0.9582620595278823,
        0.9647954329210275,
        0.9528245192307693,
        0.9489647127442403,
        0.9401663536356318,
        0.9381679389312977,
        0.9451371571072319,
        0.9418063314711359,
        0.9320503682584937,
        0.9294227623276466,
        0.932541567695962,
        0.9318844420885237,
        0.9295990205081114,
        0.9255677039529016,
        0.9072096128170895,
        0.917607223476298,
        0.8992094861660079,
        0.876750700280112,
        0.871900826446281,
        0.8972972972972973,
        0.8721804511278195,
        0.8679245283018868,
        0.8777777777777778,
        0.8488372093023255,
        0.9152542372881356,
        0.9411764705882353,
        0.7735849056603774,
        0.8983050847457628,
        0.7777777777777778
    ]
}