{
    "Bins": [
        20.0,
        21.0,
        22.0,
        23.0,
        24.0,
        25.0,
        26.0,
        27.0,
        28.0,
        29.0,
        30.0,
        31.0,
        32.0,
        33.0,
        34.0,
        35.0,
        36.0,
        37.0,
        38.0,
        39.0,
        40.0,
        41.0,
        42.0,
        43.0,
        44.0,
        45.0,
        46.0,
        47.0,
        48.0,
        49.0,
        50.0,
        51.0,
        52.0,
        53.0,
        54.0,
        55.0,
        56.0,
        57.0,
        58.0,
        59.0,
        60.0
    ],
    "Efficiency": [
        0.9910485933503836,
        0.990185387131952,
        0.990645463049579,
        0.9843234323432343,
        0.9847605224963716,
        0.9829437776373974,
        0.9766304347826087,
        0.9716482460355599,
        0.9641434262948207,
        0.954336147352264,
        0.9526049204052098,
        0.9332877180978447,
        0.9254678084364097,
        0.9227764423076923,
        0.8964712744240303,
        0.8889187013683928,
        0.883206106870229,
        0.8750623441396509,
        0.8538175046554934,
        0.8427179852696602,
        0.8308015891563449,
        0.8149643705463183,
        0.8200371057513914,
        0.7897153351698806,
        0.7918418839360808,
        0.7596795727636849,
        0.791196388261851,
        0.7490118577075099,
        0.7198879551820728,
        0.7727272727272727,
        0.7027027027027027,
        0.7593984962406015,
        0.7075471698113207,
        0.7,
        0.627906976744186,
        0.6949152542372882,
        0.7058823529411765,
        0.6415094339622641,
        0.7627118644067796,
        0.7222222222222222
    ]
}