{
    "Bins": [
        20.0,
        21.0,
        22.0,
        23.0,
        24.0,
        25.0,
        26.0,
        27.0,
        28.0,
        29.0,
        30.0,
        31.0,
        32.0,
        33.0,
        34.0,
        35.0,
        36.0,
        37.0,
        38.0,
        39.0,
        40.0,
        41.0,
        42.0,
        43.0,
        44.0,
        45.0,
        46.0,
        47.0,
        48.0,
        49.0,
        50.0,
        51.0,
        52.0,
        53.0,
        54.0,
        55.0,
        56.0,
        57.0,
        58.0,
        59.0,
        60.0
    ],
    "Efficiency": [
        0.8682864450127877,
        0.8658669574700109,
        0.8652946679139383,
        0.8539603960396039,
        0.8534107402031931,
        0.8534428300694883,
        0.85,
        0.8592023065833734,
        0.8552456839309429,
        0.8541826554105909,
        0.8480463096960926,
        0.8457064659596305,
        0.8452267681573105,
        0.84765625,
        0.8463108778069408,
        0.8438422323584652,
        0.8473282442748091,
        0.8518703241895261,
        0.8477653631284916,
        0.8441435020194821,
        0.8413180649684505,
        0.8446555819477435,
        0.8290485025178903,
        0.8270584634220998,
        0.8322119428090833,
        0.8204272363150867,
        0.8047404063205418,
        0.7845849802371542,
        0.7647058823529411,
        0.7851239669421488,
        0.8378378378378378,
        0.8421052631578947,
        0.7641509433962265,
        0.7333333333333333,
        0.6627906976744186,
        0.8305084745762712,
        0.7794117647058824,
        0.6037735849056604,
        0.6949152542372882,
        0.5833333333333334
    ]
}