{
    "Bins": [
        20.0,
        21.0,
        22.0,
        23.0,
        24.0,
        25.0,
        26.0,
        27.0,
        28.0,
        29.0,
        30.0,
        31.0,
        32.0,
        33.0,
        34.0,
        35.0,
        36.0,
        37.0,
        38.0,
        39.0,
        40.0,
        41.0,
        42.0,
        43.0,
        44.0,
        45.0,
        46.0,
        47.0,
        48.0,
        49.0,
        50.0,
        51.0,
        52.0,
        53.0,
        54.0,
        55.0,
        56.0,
        57.0,
        58.0,
        59.0,
        60.0
    ],
    "Efficiency": [
        0.9654731457800512,
        0.9683751363140676,
        0.9728718428437793,
        0.9686468646864687,
        0.9586357039187228,
        0.9747315224257739,
        0.9641304347826087,
        0.9678039404132629,
        0.9694555112881806,
        0.9662317728319263,
        0.9663531114327062,
        0.9702360588436538,
        0.9654297494449731,
        0.96875,
        0.9650043744531933,
        0.9632412127716662,
        0.9623409669211196,
        0.970074812967581,
        0.9664804469273743,
        0.965312425754336,
        0.961439588688946,
        0.9608076009501187,
        0.956268221574344,
        0.9614325068870524,
        0.9524810765349033,
        0.9512683578104139,
        0.9559819413092551,
        0.932806324110672,
        0.927170868347339,
        0.9132231404958677,
        0.9513513513513514,
        0.9398496240601504,
        0.8867924528301887,
        0.8555555555555555,
        0.9186046511627907,
        0.9152542372881356,
        0.8970588235294118,
        0.8867924528301887,
        0.8983050847457628,
        0.7777777777777778
    ]
}