{
    "Bins": [
        20.0,
        21.0,
        22.0,
        23.0,
        24.0,
        25.0,
        26.0,
        27.0,
        28.0,
        29.0,
        30.0,
        31.0,
        32.0,
        33.0,
        34.0,
        35.0,
        36.0,
        37.0,
        38.0,
        39.0,
        40.0,
        41.0,
        42.0,
        43.0,
        44.0,
        45.0,
        46.0,
        47.0,
        48.0,
        49.0,
        50.0,
        51.0,
        52.0,
        53.0,
        54.0,
        55.0,
        56.0,
        57.0,
        58.0,
        59.0,
        60.0
    ],
    "Efficiency": [
        0.969309462915601,
        0.9629225736095965,
        0.9794200187090739,
        0.9678217821782178,
        0.974600870827286,
        0.9633607075173721,
        0.9679347826086957,
        0.9663623258049014,
        0.9654714475431607,
        0.9646968534151957,
        0.9605643994211288,
        0.9589462880602121,
        0.9676498572787822,
        0.9615384615384616,
        0.958005249343832,
        0.9525087201502549,
        0.956234096692112,
        0.9615960099750623,
        0.9574022346368715,
        0.9505820860061772,
        0.9441458284645945,
        0.9510688836104513,
        0.9485820302146832,
        0.9528619528619529,
        0.9482758620689655,
        0.9439252336448598,
        0.9548532731376975,
        0.9288537549407114,
        0.9243697478991597,
        0.9297520661157025,
        0.9243243243243243,
        0.924812030075188,
        0.9339622641509434,
        0.8888888888888888,
        0.9534883720930233,
        0.8983050847457628,
        0.9117647058823529,
        0.9245283018867925,
        0.9491525423728814,
        0.8055555555555556
    ]
}