{
    "False Positive Rate": [
        0.0,
        0.020761971338692765,
        0.03589653967144355,
        0.049982523593149246,
        0.06627053477804963,
        0.0941279272981475,
        1.0
    ],
    "True Positive Rate": [
        0.0,
        0.7915433644434328,
        0.9316526291827908,
        0.9700660141133621,
        0.9861142727065787,
        0.9942522194400182,
        1.0
    ],
    "ROC AUC": 0.981434465503212
}