{
    "False Positive Rate": [
        0.0,
        0.051135966445298844,
        1.0
    ],
    "True Positive Rate": [
        0.0,
        0.922547234236285,
        1.0
    ],
    "ROC AUC": 0.9357056338954931
}