{
    "False Positive Rate": [
        0.0,
        0.07746367140470568,
        0.1477129550990695,
        0.20254416829215938,
        0.2532502076586372,
        0.3205782709735224,
        1.0
    ],
    "True Positive Rate": [
        0.0,
        0.7161196560494126,
        0.9321787574179484,
        0.981685573183696,
        0.9938637923378144,
        0.9981564463821943,
        1.0
    ],
    "ROC AUC": 0.9340433000195951
}