{
    "Bins": [
        20.0,
        21.0,
        22.0,
        23.0,
        24.0,
        25.0,
        26.0,
        27.0,
        28.0,
        29.0,
        30.0,
        31.0,
        32.0,
        33.0,
        34.0,
        35.0,
        36.0,
        37.0,
        38.0,
        39.0,
        40.0,
        41.0,
        42.0,
        43.0,
        44.0,
        45.0,
        46.0,
        47.0,
        48.0,
        49.0,
        50.0,
        51.0,
        52.0,
        53.0,
        54.0,
        55.0,
        56.0,
        57.0,
        58.0,
        59.0,
        60.0
    ],
    "Efficiency": [
        0.5981308411214953,
        0.6558704453441295,
        0.6632302405498282,
        0.7491749174917491,
        0.7837837837837838,
        0.7938388625592417,
        0.8160919540229885,
        0.8363636363636363,
        0.8507718696397941,
        0.8963317384370016,
        0.886094674556213,
        0.9026425591098748,
        0.8918918918918919,
        0.9125827814569536,
        0.9040097205346294,
        0.9097387173396675,
        0.92,
        0.9262295081967213,
        0.9349422875131165,
        0.9207003089598352,
        0.9452054794520548,
        0.9367755532139094,
        0.9377049180327869,
        0.9319371727748691,
        0.9240506329113924,
        0.9333333333333333,
        0.9230769230769231,
        0.916030534351145,
        0.922077922077922,
        0.8703703703703703,
        0.9791666666666666,
        0.9090909090909091,
        0.9285714285714286,
        1.0,
        0.8421052631578947,
        0.9166666666666666,
        0.8,
        1.0,
        1.0,
        1.0
    ]
}