{
    "Precision": [
        0.40952827069326575,
        0.8030915292532969,
        0.8404320987654321,
        0.8639163290929335,
        0.882616355894876,
        0.897418392374017,
        0.9111663118050627,
        0.9233970193823099,
        0.9346777925392963,
        0.945935218899377,
        0.9584356931933795,
        1.0
    ],
    "Recall": [
        1.0,
        0.9948595804233445,
        0.9893423761656777,
        0.9814837242474399,
        0.9707319042428646,
        0.9552029927468949,
        0.9329054135884703,
        0.8988063999569389,
        0.8425847429117382,
        0.7376367526543135,
        0.5197475542637223,
        0.0
    ],
    "Precision-Recall AUC": 0.9563318964832758,
    "Chance Level": 0.40952827069326575
}