{
    "Bins": [
        20.0,
        21.0,
        22.0,
        23.0,
        24.0,
        25.0,
        26.0,
        27.0,
        28.0,
        29.0,
        30.0,
        31.0,
        32.0,
        33.0,
        34.0,
        35.0,
        36.0,
        37.0,
        38.0,
        39.0,
        40.0,
        41.0,
        42.0,
        43.0,
        44.0,
        45.0,
        46.0,
        47.0,
        48.0,
        49.0,
        50.0,
        51.0,
        52.0,
        53.0,
        54.0,
        55.0,
        56.0,
        57.0,
        58.0,
        59.0,
        60.0
    ],
    "Efficiency": [
        0.9731457800511509,
        0.9760087241003271,
        0.9747427502338635,
        0.9620462046204621,
        0.9716981132075472,
        0.965255843335439,
        0.970108695652174,
        0.9605958673714561,
        0.9570606463036742,
        0.9608595548733692,
        0.9569464544138929,
        0.9538145740677386,
        0.9549635267998732,
        0.9513221153846154,
        0.9480898221055701,
        0.9382881674268849,
        0.9384223918575063,
        0.9396508728179551,
        0.938780260707635,
        0.9341886433832264,
        0.9254498714652957,
        0.9249406175771971,
        0.9218128809965545,
        0.9222528313437405,
        0.9171572750210261,
        0.9092122830440588,
        0.9334085778781038,
        0.9150197628458498,
        0.8739495798319328,
        0.871900826446281,
        0.8756756756756757,
        0.9172932330827067,
        0.8207547169811321,
        0.8666666666666667,
        0.9186046511627907,
        0.9152542372881356,
        0.8529411764705882,
        0.8301886792452831,
        0.847457627118644,
        0.8333333333333334
    ]
}