{
    "Bins": [
        20.0,
        21.0,
        22.0,
        23.0,
        24.0,
        25.0,
        26.0,
        27.0,
        28.0,
        29.0,
        30.0,
        31.0,
        32.0,
        33.0,
        34.0,
        35.0,
        36.0,
        37.0,
        38.0,
        39.0,
        40.0,
        41.0,
        42.0,
        43.0,
        44.0,
        45.0,
        46.0,
        47.0,
        48.0,
        49.0,
        50.0,
        51.0,
        52.0,
        53.0,
        54.0,
        55.0,
        56.0,
        57.0,
        58.0,
        59.0,
        60.0
    ],
    "Efficiency": [
        0.870843989769821,
        0.8636859323882224,
        0.8587464920486436,
        0.863036303630363,
        0.8693759071117562,
        0.8591282375236892,
        0.8521739130434782,
        0.8582412301777992,
        0.8663125276671093,
        0.8476592478894858,
        0.8491316931982634,
        0.8600752651385563,
        0.857278782112274,
        0.8521634615384616,
        0.868474773986585,
        0.8462570431982828,
        0.8473282442748091,
        0.858354114713217,
        0.8503258845437617,
        0.8560228082679971,
        0.8476279504557139,
        0.8574821852731591,
        0.84018022793533,
        0.8396082032445669,
        0.8355761143818334,
        0.8230974632843792,
        0.8160270880361173,
        0.808300395256917,
        0.7815126050420168,
        0.7479338842975206,
        0.7675675675675676,
        0.7894736842105263,
        0.7641509433962265,
        0.7666666666666667,
        0.7674418604651163,
        0.7457627118644068,
        0.6911764705882353,
        0.7169811320754716,
        0.7627118644067796,
        0.6666666666666666
    ]
}