{
    "Bins": [
        20.0,
        21.0,
        22.0,
        23.0,
        24.0,
        25.0,
        26.0,
        27.0,
        28.0,
        29.0,
        30.0,
        31.0,
        32.0,
        33.0,
        34.0,
        35.0,
        36.0,
        37.0,
        38.0,
        39.0,
        40.0,
        41.0,
        42.0,
        43.0,
        44.0,
        45.0,
        46.0,
        47.0,
        48.0,
        49.0,
        50.0,
        51.0,
        52.0,
        53.0,
        54.0,
        55.0,
        56.0,
        57.0,
        58.0,
        59.0,
        60.0
    ],
    "Efficiency": [
        0.948849104859335,
        0.9585605234460196,
        0.960710944808232,
        0.9612211221122112,
        0.9521044992743106,
        0.9614655716993051,
        0.9630434782608696,
        0.9649207111965401,
        0.9606020362992475,
        0.9612432847275518,
        0.961287988422576,
        0.9668149161820048,
        0.9603552172534094,
        0.9651442307692307,
        0.9594634004082823,
        0.9533136570968608,
        0.9569974554707379,
        0.956359102244389,
        0.9518156424581006,
        0.9539082917557614,
        0.945548025239542,
        0.9515439429928741,
        0.951497482109727,
        0.9504132231404959,
        0.9440706476030277,
        0.9259012016021362,
        0.9469525959367946,
        0.932806324110672,
        0.9103641456582633,
        0.9090909090909091,
        0.9351351351351351,
        0.8796992481203008,
        0.8962264150943396,
        0.8777777777777778,
        0.9186046511627907,
        0.9322033898305084,
        0.8676470588235294,
        0.8867924528301887,
        0.8813559322033898,
        0.8611111111111112
    ]
}