{
    "Bins": [
        20.0,
        21.0,
        22.0,
        23.0,
        24.0,
        25.0,
        26.0,
        27.0,
        28.0,
        29.0,
        30.0,
        31.0,
        32.0,
        33.0,
        34.0,
        35.0,
        36.0,
        37.0,
        38.0,
        39.0,
        40.0,
        41.0,
        42.0,
        43.0,
        44.0,
        45.0,
        46.0,
        47.0,
        48.0,
        49.0,
        50.0,
        51.0,
        52.0,
        53.0,
        54.0,
        55.0,
        56.0,
        57.0,
        58.0,
        59.0,
        60.0
    ],
    "Efficiency": [
        0.9514066496163683,
        0.9465648854961832,
        0.9363891487371375,
        0.9438943894389439,
        0.9383164005805515,
        0.932406822488945,
        0.9342391304347826,
        0.9259971167707832,
        0.9194333776007083,
        0.9259401381427476,
        0.912807525325615,
        0.915155661991105,
        0.915953060577228,
        0.91015625,
        0.910469524642753,
        0.8878454521062517,
        0.8921119592875318,
        0.8960099750623441,
        0.888268156424581,
        0.8788310762651461,
        0.8726337929422763,
        0.8838479809976247,
        0.8727802809435462,
        0.8852157943067034,
        0.8671152228763667,
        0.8604806408544726,
        0.8668171557562077,
        0.8656126482213439,
        0.8375350140056023,
        0.8471074380165289,
        0.8486486486486486,
        0.849624060150376,
        0.8679245283018868,
        0.7888888888888889,
        0.7906976744186046,
        0.8813559322033898,
        0.8823529411764706,
        0.7924528301886793,
        0.7966101694915254,
        0.75
    ]
}