{
    "Bins": [
        20.0,
        21.0,
        22.0,
        23.0,
        24.0,
        25.0,
        26.0,
        27.0,
        28.0,
        29.0,
        30.0,
        31.0,
        32.0,
        33.0,
        34.0,
        35.0,
        36.0,
        37.0,
        38.0,
        39.0,
        40.0,
        41.0,
        42.0,
        43.0,
        44.0,
        45.0,
        46.0,
        47.0,
        48.0,
        49.0,
        50.0,
        51.0,
        52.0,
        53.0,
        54.0,
        55.0,
        56.0,
        57.0,
        58.0,
        59.0,
        60.0
    ],
    "Efficiency": [
        0.7659846547314578,
        0.7513631406761178,
        0.7502338634237605,
        0.7508250825082509,
        0.7503628447024674,
        0.7833228048010107,
        0.7559782608695652,
        0.7515617491590582,
        0.7733510402833113,
        0.7755180353031466,
        0.7706222865412445,
        0.7817310981867944,
        0.7814779575007929,
        0.7815504807692307,
        0.778652668416448,
        0.78669170914945,
        0.7778625954198474,
        0.7917705735660848,
        0.7753724394785847,
        0.7790449037776194,
        0.7735452208459921,
        0.7831353919239905,
        0.7715345878611185,
        0.7744107744107744,
        0.783851976450799,
        0.780373831775701,
        0.7595936794582393,
        0.8063241106719368,
        0.7955182072829131,
        0.78099173553719,
        0.7891891891891892,
        0.6766917293233082,
        0.7641509433962265,
        0.8777777777777778,
        0.7906976744186046,
        0.8813559322033898,
        0.75,
        0.7169811320754716,
        0.9152542372881356,
        0.6944444444444444
    ]
}