{
    "Bins": [
        20.0,
        21.0,
        22.0,
        23.0,
        24.0,
        25.0,
        26.0,
        27.0,
        28.0,
        29.0,
        30.0,
        31.0,
        32.0,
        33.0,
        34.0,
        35.0,
        36.0,
        37.0,
        38.0,
        39.0,
        40.0,
        41.0,
        42.0,
        43.0,
        44.0,
        45.0,
        46.0,
        47.0,
        48.0,
        49.0,
        50.0,
        51.0,
        52.0,
        53.0,
        54.0,
        55.0,
        56.0,
        57.0,
        58.0,
        59.0,
        60.0
    ],
    "Efficiency": [
        0.9578005115089514,
        0.9541984732824428,
        0.9644527595884004,
        0.9562706270627063,
        0.9571843251088534,
        0.9564118761844599,
        0.9559782608695652,
        0.9572320999519461,
        0.9552899513058876,
        0.9551036070606294,
        0.9522431259044862,
        0.952446117003079,
        0.9511576276562005,
        0.9528245192307693,
        0.952755905511811,
        0.9439227260531259,
        0.9465648854961832,
        0.9553615960099751,
        0.9499534450651769,
        0.9455927773818009,
        0.9439121290021033,
        0.9432304038004751,
        0.9406307977736549,
        0.9418426691153964,
        0.9356602186711522,
        0.9285714285714286,
        0.9345372460496614,
        0.9229249011857708,
        0.9019607843137255,
        0.8677685950413223,
        0.9297297297297298,
        0.9172932330827067,
        0.8679245283018868,
        0.8666666666666667,
        0.872093023255814,
        0.8813559322033898,
        0.8529411764705882,
        0.8679245283018868,
        0.8305084745762712,
        0.7777777777777778
    ]
}