Classifier,Accuracy,TN,FP,FN,TP,Precision,Recall,F1,MSE
MLPClassifier,0.9249421360079356,97416.0,9731.0,3889.0,70424.0,0.8785977169234608,0.9476672991266668,0.9118263977004946,0.0750578639920643
XGBClassifier,0.924705169183291,96944.0,10203.0,3460.0,70853.0,0.8741240623766285,0.9534401787035915,0.9120609645424764,0.0752948308167089
HistGradientBoostingClassifier,0.9246665931885816,97012.0,10135.0,3535.0,70778.0,0.8747420068468602,0.952430934022311,0.9119348562740778,0.0753334068114185
VotingClassifier,0.916086189793894,98022.0,9125.0,6102.0,68211.0,0.882008379021413,0.917887852731016,0.8995905017507534,0.083913810206106
LinearSVC,0.9074947646864324,93300.0,13847.0,2939.0,71374.0,0.8375165745532205,0.9604510650895536,0.8947810498075646,0.0925052353135677
TunedThresholdClassifierCV,0.906883059627466,92906.0,14241.0,2656.0,71657.0,0.8342103424992433,0.9642592816869188,0.8945328348240758,0.0931169403725338
CategoricalNB,0.9067783533561116,92673.0,14474.0,2442.0,71871.0,0.8323701430308645,0.967138993177506,0.894708013295323,0.0932216466438884
