{
    "Precision": [
        0.4999731012871034,
        0.8799050675584563,
        0.8794670718801726,
        1.0
    ],
    "Recall": [
        1.0,
        0.8776446219855009,
        0.871861087573471,
        0.0
    ],
    "Precision-Recall AUC": 0.9088225548115187,
    "Chance Level": 0.4999731012871034
}