{
    "Precision": [
        0.4999731012871034,
        1.0
    ],
    "Recall": [
        1.0,
        0.0
    ],
    "Precision-Recall AUC": 0.7499865506435517,
    "Chance Level": 0.4999731012871034
}