{
    "Precision": [
        0.4999731012871034,
        0.8242347425212836,
        0.8683824766298993,
        0.8926374508080847,
        0.9123721562739043,
        0.9321377303207283,
        1.0
    ],
    "Recall": [
        1.0,
        0.9883522306957726,
        0.9720641837818935,
        0.9427026590808215,
        0.8662927544418889,
        0.6375606934861262,
        0.0
    ],
    "Precision-Recall AUC": 0.9431869786322045,
    "Chance Level": 0.4999731012871034
}