{
    "Bins": [
        20.0,
        21.0,
        22.0,
        23.0,
        24.0,
        25.0,
        26.0,
        27.0,
        28.0,
        29.0,
        30.0,
        31.0,
        32.0,
        33.0,
        34.0,
        35.0,
        36.0,
        37.0,
        38.0,
        39.0,
        40.0,
        41.0,
        42.0,
        43.0,
        44.0,
        45.0,
        46.0,
        47.0,
        48.0,
        49.0,
        50.0,
        51.0,
        52.0,
        53.0,
        54.0,
        55.0,
        56.0,
        57.0,
        58.0,
        59.0,
        60.0
    ],
    "Efficiency": [
        0.510230179028133,
        0.5081788440567067,
        0.5032740879326474,
        0.46782178217821785,
        0.4680696661828737,
        0.4737839545167404,
        0.4885869565217391,
        0.47525228255646323,
        0.48517042939353694,
        0.477743668457406,
        0.46164978292329956,
        0.46390694491960316,
        0.4551221059308595,
        0.44771634615384615,
        0.4584426946631671,
        0.4598873088274752,
        0.4447837150127226,
        0.44164588528678306,
        0.43924581005586594,
        0.4345450225706819,
        0.41551764430941807,
        0.42090261282660335,
        0.41717466207262127,
        0.3997551270278543,
        0.40706476030277544,
        0.40720961281708945,
        0.4142212189616253,
        0.41304347826086957,
        0.36694677871148457,
        0.41735537190082644,
        0.42162162162162165,
        0.3533834586466165,
        0.36792452830188677,
        0.45555555555555555,
        0.313953488372093,
        0.4576271186440678,
        0.29411764705882354,
        0.41509433962264153,
        0.423728813559322,
        0.3333333333333333
    ]
}