{
    "Bins": [
        20.0,
        21.0,
        22.0,
        23.0,
        24.0,
        25.0,
        26.0,
        27.0,
        28.0,
        29.0,
        30.0,
        31.0,
        32.0,
        33.0,
        34.0,
        35.0,
        36.0,
        37.0,
        38.0,
        39.0,
        40.0,
        41.0,
        42.0,
        43.0,
        44.0,
        45.0,
        46.0,
        47.0,
        48.0,
        49.0,
        50.0,
        51.0,
        52.0,
        53.0,
        54.0,
        55.0,
        56.0,
        57.0,
        58.0,
        59.0,
        60.0
    ],
    "Efficiency": [
        0.9846547314578005,
        0.9923664122137404,
        0.9850327408793265,
        0.9884488448844885,
        0.9876632801161103,
        0.9842072015161086,
        0.9847826086956522,
        0.9855838539163864,
        0.9809650287737938,
        0.9838833461243285,
        0.9873371924746743,
        0.9818679438932604,
        0.9857278782112274,
        0.984375,
        0.9857101195683873,
        0.9790716393882479,
        0.9834605597964376,
        0.9810473815461347,
        0.9806797020484171,
        0.9781420765027322,
        0.9794344473007712,
        0.9831353919239905,
        0.9795918367346939,
        0.9764309764309764,
        0.9726661059714046,
        0.972630173564753,
        0.9796839729119639,
        0.958498023715415,
        0.9747899159663865,
        0.9669421487603306,
        0.9513513513513514,
        0.9398496240601504,
        0.9433962264150944,
        0.9555555555555556,
        0.9186046511627907,
        0.9830508474576272,
        0.9411764705882353,
        0.9433962264150944,
        0.8983050847457628,
        0.9166666666666666
    ]
}