{
    "Bins": [
        20.0,
        21.0,
        22.0,
        23.0,
        24.0,
        25.0,
        26.0,
        27.0,
        28.0,
        29.0,
        30.0,
        31.0,
        32.0,
        33.0,
        34.0,
        35.0,
        36.0,
        37.0,
        38.0,
        39.0,
        40.0,
        41.0,
        42.0,
        43.0,
        44.0,
        45.0,
        46.0,
        47.0,
        48.0,
        49.0,
        50.0,
        51.0,
        52.0,
        53.0,
        54.0,
        55.0,
        56.0,
        57.0,
        58.0,
        59.0,
        60.0
    ],
    "Efficiency": [
        0.989769820971867,
        0.9890948745910578,
        0.9681945743685687,
        0.9455445544554455,
        0.9223512336719883,
        0.8755527479469362,
        0.8510869565217392,
        0.8092263334935127,
        0.8078795927401505,
        0.8288564850345357,
        0.8339363241678727,
        0.8532329798152583,
        0.8512527751347923,
        0.8864182692307693,
        0.8903470399533392,
        0.8800643949557284,
        0.8977099236641222,
        0.9117206982543641,
        0.9231843575418994,
        0.9223093371347113,
        0.9203084832904884,
        0.9273159144893112,
        0.9273787437052743,
        0.9234771962044689,
        0.9007569386038689,
        0.8985313751668892,
        0.8690744920993227,
        0.8596837944664032,
        0.8095238095238095,
        0.768595041322314,
        0.7243243243243244,
        0.556390977443609,
        0.6226415094339622,
        0.5333333333333333,
        0.6627906976744186,
        0.5423728813559322,
        0.5882352941176471,
        0.32075471698113206,
        0.4915254237288136,
        0.3611111111111111
    ]
}