{
    "Bins": [
        20.0,
        21.0,
        22.0,
        23.0,
        24.0,
        25.0,
        26.0,
        27.0,
        28.0,
        29.0,
        30.0,
        31.0,
        32.0,
        33.0,
        34.0,
        35.0,
        36.0,
        37.0,
        38.0,
        39.0,
        40.0,
        41.0,
        42.0,
        43.0,
        44.0,
        45.0,
        46.0,
        47.0,
        48.0,
        49.0,
        50.0,
        51.0,
        52.0,
        53.0,
        54.0,
        55.0,
        56.0,
        57.0,
        58.0,
        59.0,
        60.0
    ],
    "Efficiency": [
        0.829923273657289,
        0.8538713195201745,
        0.8774555659494855,
        0.8902640264026402,
        0.8918722786647315,
        0.899557801642451,
        0.9184782608695652,
        0.921191734742912,
        0.9305002213368747,
        0.9324635456638527,
        0.9421128798842258,
        0.9421826890181321,
        0.954012052013955,
        0.9549278846153846,
        0.9521726450860309,
        0.9533136570968608,
        0.9544529262086514,
        0.9610972568578554,
        0.9590316573556797,
        0.9610358755048705,
        0.9670483757887357,
        0.9643705463182898,
        0.9716406042936655,
        0.9684726048362412,
        0.9739276703111859,
        0.9639519359145527,
        0.9661399548532731,
        0.9545454545454546,
        0.9551820728291317,
        0.9504132231404959,
        0.9513513513513514,
        0.9699248120300752,
        0.9528301886792453,
        0.9333333333333333,
        0.9534883720930233,
        0.8983050847457628,
        0.9852941176470589,
        1.0,
        0.9830508474576272,
        0.9722222222222222
    ]
}