{
    "Bins": [
        20.0,
        21.0,
        22.0,
        23.0,
        24.0,
        25.0,
        26.0,
        27.0,
        28.0,
        29.0,
        30.0,
        31.0,
        32.0,
        33.0,
        34.0,
        35.0,
        36.0,
        37.0,
        38.0,
        39.0,
        40.0,
        41.0,
        42.0,
        43.0,
        44.0,
        45.0,
        46.0,
        47.0,
        48.0,
        49.0,
        50.0,
        51.0,
        52.0,
        53.0,
        54.0,
        55.0,
        56.0,
        57.0,
        58.0,
        59.0,
        60.0
    ],
    "Efficiency": [
        0.6790281329923273,
        0.7404580152671756,
        0.7483629560336763,
        0.7483498349834984,
        0.7946298984034833,
        0.7883765003158559,
        0.8195652173913044,
        0.8284478616049976,
        0.8388667552014165,
        0.8534151957022257,
        0.8531114327062229,
        0.8717071501881628,
        0.8807484934982557,
        0.88671875,
        0.8862642169728784,
        0.8808693319023343,
        0.8875318066157761,
        0.9042394014962594,
        0.9001396648044693,
        0.9075789973865527,
        0.9161018929656461,
        0.9168646080760094,
        0.9340047707394646,
        0.9265381083562901,
        0.9318755256518082,
        0.9285714285714286,
        0.9288939051918735,
        0.9090909090909091,
        0.927170868347339,
        0.9173553719008265,
        0.9243243243243243,
        0.9398496240601504,
        0.9150943396226415,
        0.8888888888888888,
        0.872093023255814,
        0.864406779661017,
        0.9117647058823529,
        0.9245283018867925,
        0.9661016949152542,
        0.9722222222222222
    ]
}