{
    "Bins": [
        20.0,
        21.0,
        22.0,
        23.0,
        24.0,
        25.0,
        26.0,
        27.0,
        28.0,
        29.0,
        30.0,
        31.0,
        32.0,
        33.0,
        34.0,
        35.0,
        36.0,
        37.0,
        38.0,
        39.0,
        40.0,
        41.0,
        42.0,
        43.0,
        44.0,
        45.0,
        46.0,
        47.0,
        48.0,
        49.0,
        50.0,
        51.0,
        52.0,
        53.0,
        54.0,
        55.0,
        56.0,
        57.0,
        58.0,
        59.0,
        60.0
    ],
    "Efficiency": [
        0.9974424552429667,
        0.9989094874591058,
        0.9934518241347053,
        0.9892739273927392,
        0.9804063860667634,
        0.9696778269109286,
        0.9510869565217391,
        0.9442575684766938,
        0.9428950863213812,
        0.9447429009976976,
        0.9486251808972503,
        0.9500513171399247,
        0.9571836346336822,
        0.9618389423076923,
        0.9705453484981044,
        0.9683391467668366,
        0.9720101781170484,
        0.9768079800498753,
        0.9776536312849162,
        0.9786172487526729,
        0.9813040430007011,
        0.9800475059382423,
        0.980917042141532,
        0.9764309764309764,
        0.9676198486122792,
        0.9559412550066756,
        0.9672686230248307,
        0.9387351778656127,
        0.9131652661064426,
        0.871900826446281,
        0.8648648648648649,
        0.7969924812030075,
        0.7452830188679245,
        0.7666666666666667,
        0.7209302325581395,
        0.7627118644067796,
        0.6911764705882353,
        0.49056603773584906,
        0.6779661016949152,
        0.5277777777777778
    ]
}