{
    "Bins": [
        20.0,
        21.0,
        22.0,
        23.0,
        24.0,
        25.0,
        26.0,
        27.0,
        28.0,
        29.0,
        30.0,
        31.0,
        32.0,
        33.0,
        34.0,
        35.0,
        36.0,
        37.0,
        38.0,
        39.0,
        40.0,
        41.0,
        42.0,
        43.0,
        44.0,
        45.0,
        46.0,
        47.0,
        48.0,
        49.0,
        50.0,
        51.0,
        52.0,
        53.0,
        54.0,
        55.0,
        56.0,
        57.0,
        58.0,
        59.0,
        60.0
    ],
    "Efficiency": [
        0.9156010230179028,
        0.9225736095965104,
        0.9401309635173059,
        0.9422442244224423,
        0.9433962264150944,
        0.9481996209728364,
        0.9581521739130435,
        0.9591542527630946,
        0.963700752545374,
        0.9600920951650038,
        0.9678002894356006,
        0.9620253164556962,
        0.9717729146844275,
        0.9705528846153846,
        0.9714202391367746,
        0.9715588945532599,
        0.971501272264631,
        0.9755610972568578,
        0.9748603351955307,
        0.9745782846281777,
        0.9794344473007712,
        0.9774346793349169,
        0.9801219188974291,
        0.9773492500765228,
        0.9814970563498738,
        0.972630173564753,
        0.9751693002257337,
        0.9664031620553359,
        0.9831932773109243,
        0.9586776859504132,
        0.9567567567567568,
        0.9699248120300752,
        0.9528301886792453,
        0.9555555555555556,
        0.9767441860465116,
        0.9661016949152542,
        1.0,
        1.0,
        0.9661016949152542,
        0.9722222222222222
    ]
}