{
    "Bins": [
        20.0,
        21.0,
        22.0,
        23.0,
        24.0,
        25.0,
        26.0,
        27.0,
        28.0,
        29.0,
        30.0,
        31.0,
        32.0,
        33.0,
        34.0,
        35.0,
        36.0,
        37.0,
        38.0,
        39.0,
        40.0,
        41.0,
        42.0,
        43.0,
        44.0,
        45.0,
        46.0,
        47.0,
        48.0,
        49.0,
        50.0,
        51.0,
        52.0,
        53.0,
        54.0,
        55.0,
        56.0,
        57.0,
        58.0,
        59.0,
        60.0
    ],
    "Efficiency": [
        0.9258312020460358,
        0.935659760087241,
        0.9457436856875585,
        0.9397689768976898,
        0.9448476052249637,
        0.9475679090334808,
        0.9538043478260869,
        0.9519461797212878,
        0.9566179725542275,
        0.9581734458940906,
        0.9630969609261939,
        0.959288402326377,
        0.9682841738027276,
        0.9588341346153846,
        0.9652960046660835,
        0.9624362758250604,
        0.9625954198473282,
        0.9653366583541148,
        0.9618249534450651,
        0.9665003563791874,
        0.9647113811638234,
        0.9667458432304038,
        0.9703153988868275,
        0.9681665136210591,
        0.9697224558452481,
        0.9599465954606141,
        0.9706546275395034,
        0.9446640316205533,
        0.9663865546218487,
        0.9504132231404959,
        0.9675675675675676,
        0.9473684210526315,
        0.9433962264150944,
        0.9111111111111111,
        0.9534883720930233,
        0.9491525423728814,
        0.9705882352941176,
        0.9622641509433962,
        0.9661016949152542,
        0.9444444444444444
    ]
}