{
    "Bins": [
        20.0,
        21.0,
        22.0,
        23.0,
        24.0,
        25.0,
        26.0,
        27.0,
        28.0,
        29.0,
        30.0,
        31.0,
        32.0,
        33.0,
        34.0,
        35.0,
        36.0,
        37.0,
        38.0,
        39.0,
        40.0,
        41.0,
        42.0,
        43.0,
        44.0,
        45.0,
        46.0,
        47.0,
        48.0,
        49.0,
        50.0,
        51.0,
        52.0,
        53.0,
        54.0,
        55.0,
        56.0,
        57.0,
        58.0,
        59.0,
        60.0
    ],
    "Efficiency": [
        0.9948849104859335,
        0.9967284623773174,
        0.9887745556594949,
        0.9900990099009901,
        0.9804063860667634,
        0.9759949463044851,
        0.9543478260869566,
        0.9500240269101393,
        0.9415670650730412,
        0.9451266308518803,
        0.9468162083936325,
        0.9486828600752651,
        0.959720900729464,
        0.9615384615384616,
        0.968503937007874,
        0.9686074590823719,
        0.9697201017811705,
        0.9765586034912718,
        0.9762569832402235,
        0.977191732002851,
        0.9792007478382799,
        0.9807600950118764,
        0.9780015902464883,
        0.9749005203550658,
        0.9646761984861227,
        0.9532710280373832,
        0.9582392776523702,
        0.9407114624505929,
        0.9159663865546218,
        0.8677685950413223,
        0.8810810810810811,
        0.7969924812030075,
        0.7924528301886793,
        0.7666666666666667,
        0.686046511627907,
        0.711864406779661,
        0.6323529411764706,
        0.4339622641509434,
        0.6271186440677966,
        0.5
    ]
}