{
    "Bins": [
        20.0,
        21.0,
        22.0,
        23.0,
        24.0,
        25.0,
        26.0,
        27.0,
        28.0,
        29.0,
        30.0,
        31.0,
        32.0,
        33.0,
        34.0,
        35.0,
        36.0,
        37.0,
        38.0,
        39.0,
        40.0,
        41.0,
        42.0,
        43.0,
        44.0,
        45.0,
        46.0,
        47.0,
        48.0,
        49.0,
        50.0,
        51.0,
        52.0,
        53.0,
        54.0,
        55.0,
        56.0,
        57.0,
        58.0,
        59.0,
        60.0
    ],
    "Efficiency": [
        0.8222506393861893,
        0.8527808069792803,
        0.8643592142188962,
        0.8679867986798679,
        0.8838896952104499,
        0.8837650031585597,
        0.8945652173913043,
        0.8966842864007689,
        0.9083665338645418,
        0.9117421335379893,
        0.9218523878437048,
        0.9199452617174136,
        0.9327624484617825,
        0.9317908653846154,
        0.9297171186934966,
        0.9283606117520794,
        0.9325699745547074,
        0.9386533665835411,
        0.9371508379888268,
        0.9406034687574246,
        0.9490535171769104,
        0.9460807600950119,
        0.9591836734693877,
        0.9513314967860422,
        0.9558452481076535,
        0.9546061415220294,
        0.9492099322799097,
        0.9367588932806324,
        0.9495798319327731,
        0.9380165289256198,
        0.9459459459459459,
        0.9473684210526315,
        0.9245283018867925,
        0.9222222222222223,
        0.8953488372093024,
        0.8813559322033898,
        0.9705882352941176,
        0.9811320754716981,
        0.9661016949152542,
        0.9722222222222222
    ]
}