{
    "Bins": [
        20.0,
        21.0,
        22.0,
        23.0,
        24.0,
        25.0,
        26.0,
        27.0,
        28.0,
        29.0,
        30.0,
        31.0,
        32.0,
        33.0,
        34.0,
        35.0,
        36.0,
        37.0,
        38.0,
        39.0,
        40.0,
        41.0,
        42.0,
        43.0,
        44.0,
        45.0,
        46.0,
        47.0,
        48.0,
        49.0,
        50.0,
        51.0,
        52.0,
        53.0,
        54.0,
        55.0,
        56.0,
        57.0,
        58.0,
        59.0,
        60.0
    ],
    "Efficiency": [
        0.9820971867007673,
        0.9825517993456925,
        0.9812909260991581,
        0.9727722772277227,
        0.9615384615384616,
        0.9393556538218573,
        0.9451086956521739,
        0.9375300336376742,
        0.9384683488269145,
        0.9386032233307752,
        0.941027496382055,
        0.938761546356483,
        0.9517919441801459,
        0.9585336538461539,
        0.9693788276465442,
        0.9637778374027368,
        0.9674300254452927,
        0.9748129675810474,
        0.9753258845437617,
        0.9698265621287717,
        0.9714886655760692,
        0.9703087885985748,
        0.9660747415849457,
        0.9629629629629629,
        0.9461732548359967,
        0.9299065420560748,
        0.9367945823927766,
        0.8932806324110671,
        0.8571428571428571,
        0.8181818181818182,
        0.8108108108108109,
        0.7368421052631579,
        0.7264150943396226,
        0.6888888888888889,
        0.6744186046511628,
        0.6779661016949152,
        0.6617647058823529,
        0.5660377358490566,
        0.559322033898305,
        0.6388888888888888
    ]
}