{
    "Bins": [
        20.0,
        21.0,
        22.0,
        23.0,
        24.0,
        25.0,
        26.0,
        27.0,
        28.0,
        29.0,
        30.0,
        31.0,
        32.0,
        33.0,
        34.0,
        35.0,
        36.0,
        37.0,
        38.0,
        39.0,
        40.0,
        41.0,
        42.0,
        43.0,
        44.0,
        45.0,
        46.0,
        47.0,
        48.0,
        49.0,
        50.0,
        51.0,
        52.0,
        53.0,
        54.0,
        55.0,
        56.0,
        57.0,
        58.0,
        59.0,
        60.0
    ],
    "Efficiency": [
        0.9936061381074168,
        0.9978189749182116,
        0.9897100093545369,
        0.9876237623762376,
        0.9804063860667634,
        0.9703095388502843,
        0.9570652173913043,
        0.9413743392599712,
        0.9384683488269145,
        0.9397544128933231,
        0.9388567293777135,
        0.9445774888812863,
        0.9517919441801459,
        0.9612379807692307,
        0.9705453484981044,
        0.9688757713979071,
        0.9707379134860051,
        0.9775561097256857,
        0.9776536312849162,
        0.9793300071275838,
        0.9787333489132976,
        0.9795724465558194,
        0.9795918367346939,
        0.9736761554943373,
        0.9613120269133726,
        0.9539385847797063,
        0.9627539503386005,
        0.9387351778656127,
        0.907563025210084,
        0.859504132231405,
        0.8648648648648649,
        0.7593984962406015,
        0.7169811320754716,
        0.7222222222222222,
        0.6627906976744186,
        0.6949152542372882,
        0.6470588235294118,
        0.4339622641509434,
        0.5423728813559322,
        0.4722222222222222
    ]
}