{
    "Bins": [
        20.0,
        21.0,
        22.0,
        23.0,
        24.0,
        25.0,
        26.0,
        27.0,
        28.0,
        29.0,
        30.0,
        31.0,
        32.0,
        33.0,
        34.0,
        35.0,
        36.0,
        37.0,
        38.0,
        39.0,
        40.0,
        41.0,
        42.0,
        43.0,
        44.0,
        45.0,
        46.0,
        47.0,
        48.0,
        49.0,
        50.0,
        51.0,
        52.0,
        53.0,
        54.0,
        55.0,
        56.0,
        57.0,
        58.0,
        59.0,
        60.0
    ],
    "Efficiency": [
        0.9936061381074168,
        0.9934569247546347,
        0.9840972871842844,
        0.9735973597359736,
        0.9680696661828737,
        0.9393556538218573,
        0.9168478260869565,
        0.8913983661701105,
        0.9030544488711819,
        0.9048349961627015,
        0.9030390738060782,
        0.9103660622647964,
        0.9241991753885189,
        0.9399038461538461,
        0.9469233012540099,
        0.9482157231016903,
        0.9516539440203562,
        0.9645885286783042,
        0.9606610800744879,
        0.964599667379425,
        0.9665809768637532,
        0.9653206650831354,
        0.9626292075271667,
        0.9599020508111418,
        0.9533221194280909,
        0.9325767690253671,
        0.9266365688487584,
        0.9110671936758893,
        0.834733893557423,
        0.7892561983471075,
        0.7783783783783784,
        0.6691729323308271,
        0.660377358490566,
        0.5444444444444444,
        0.5348837209302325,
        0.5254237288135594,
        0.5735294117647058,
        0.3584905660377358,
        0.5423728813559322,
        0.4166666666666667
    ]
}