{
    "Bins": [
        20.0,
        21.0,
        22.0,
        23.0,
        24.0,
        25.0,
        26.0,
        27.0,
        28.0,
        29.0,
        30.0,
        31.0,
        32.0,
        33.0,
        34.0,
        35.0,
        36.0,
        37.0,
        38.0,
        39.0,
        40.0,
        41.0,
        42.0,
        43.0,
        44.0,
        45.0,
        46.0,
        47.0,
        48.0,
        49.0,
        50.0,
        51.0,
        52.0,
        53.0,
        54.0,
        55.0,
        56.0,
        57.0,
        58.0,
        59.0,
        60.0
    ],
    "Efficiency": [
        0.9936061381074168,
        0.9956379498364231,
        0.9869036482694107,
        0.9851485148514851,
        0.9804063860667634,
        0.9709412507896399,
        0.9559782608695652,
        0.9514656415185008,
        0.9428950863213812,
        0.9481964696853415,
        0.9522431259044862,
        0.9479986315429353,
        0.9600380589914367,
        0.9663461538461539,
        0.9714202391367746,
        0.9669975851891602,
        0.9725190839694656,
        0.9773067331670823,
        0.9774208566108007,
        0.977191732002851,
        0.9787333489132976,
        0.9790973871733967,
        0.9795918367346939,
        0.9733700642791552,
        0.9659377628259042,
        0.9619492656875834,
        0.9695259593679458,
        0.9407114624505929,
        0.9187675070028011,
        0.8925619834710744,
        0.8864864864864865,
        0.7819548872180451,
        0.7452830188679245,
        0.6444444444444445,
        0.627906976744186,
        0.6440677966101694,
        0.5441176470588235,
        0.39622641509433965,
        0.5084745762711864,
        0.3888888888888889
    ]
}