{
    "Bins": [
        20.0,
        21.0,
        22.0,
        23.0,
        24.0,
        25.0,
        26.0,
        27.0,
        28.0,
        29.0,
        30.0,
        31.0,
        32.0,
        33.0,
        34.0,
        35.0,
        36.0,
        37.0,
        38.0,
        39.0,
        40.0,
        41.0,
        42.0,
        43.0,
        44.0,
        45.0,
        46.0,
        47.0,
        48.0,
        49.0,
        50.0,
        51.0,
        52.0,
        53.0,
        54.0,
        55.0,
        56.0,
        57.0,
        58.0,
        59.0,
        60.0
    ],
    "Efficiency": [
        0.9424552429667519,
        0.9585605234460196,
        0.9625818521983162,
        0.9661716171617162,
        0.9644412191582002,
        0.9696778269109286,
        0.970108695652174,
        0.9682844786160499,
        0.9685701637892873,
        0.9716039907904835,
        0.975397973950796,
        0.972972972972973,
        0.9784332381858547,
        0.9729567307692307,
        0.9755030621172354,
        0.9745103300241481,
        0.9755725190839695,
        0.9768079800498753,
        0.9764897579143389,
        0.9729151817533856,
        0.9717223650385605,
        0.9750593824228029,
        0.9750861383514444,
        0.970615243342516,
        0.9739276703111859,
        0.9659546061415221,
        0.9717832957110609,
        0.958498023715415,
        0.9607843137254902,
        0.9586776859504132,
        0.9459459459459459,
        0.9323308270676691,
        0.9528301886792453,
        0.9111111111111111,
        0.9418604651162791,
        0.9152542372881356,
        0.9705882352941176,
        0.9433962264150944,
        0.8983050847457628,
        0.7777777777777778
    ]
}