{
    "Bins": [
        20.0,
        21.0,
        22.0,
        23.0,
        24.0,
        25.0,
        26.0,
        27.0,
        28.0,
        29.0,
        30.0,
        31.0,
        32.0,
        33.0,
        34.0,
        35.0,
        36.0,
        37.0,
        38.0,
        39.0,
        40.0,
        41.0,
        42.0,
        43.0,
        44.0,
        45.0,
        46.0,
        47.0,
        48.0,
        49.0,
        50.0,
        51.0,
        52.0,
        53.0,
        54.0,
        55.0,
        56.0,
        57.0,
        58.0,
        59.0,
        60.0
    ],
    "Efficiency": [
        1.0,
        0.9989094874591058,
        1.0,
        0.9991749174917491,
        1.0,
        0.9993682880606444,
        0.9989130434782608,
        0.9995194617972128,
        0.9995573262505534,
        1.0,
        1.0,
        1.0,
        1.0,
        1.0,
        1.0,
        0.9997316876844647,
        0.9997455470737914,
        0.9997506234413965,
        1.0,
        0.9997624138750297,
        0.9997663005375088,
        0.9995249406175772,
        1.0,
        0.9990817263544536,
        0.9991589571068125,
        0.9993324432576769,
        0.9988713318284425,
        1.0,
        0.9971988795518207,
        1.0,
        0.9945945945945946,
        0.9849624060150376,
        0.9905660377358491,
        1.0,
        0.9651162790697675,
        0.9661016949152542,
        0.9411764705882353,
        0.8867924528301887,
        0.9152542372881356,
        0.8611111111111112
    ]
}