{
    "Bins": [
        20.0,
        21.0,
        22.0,
        23.0,
        24.0,
        25.0,
        26.0,
        27.0,
        28.0,
        29.0,
        30.0,
        31.0,
        32.0,
        33.0,
        34.0,
        35.0,
        36.0,
        37.0,
        38.0,
        39.0,
        40.0,
        41.0,
        42.0,
        43.0,
        44.0,
        45.0,
        46.0,
        47.0,
        48.0,
        49.0,
        50.0,
        51.0,
        52.0,
        53.0,
        54.0,
        55.0,
        56.0,
        57.0,
        58.0,
        59.0,
        60.0
    ],
    "Efficiency": [
        0.959079283887468,
        0.9629225736095965,
        0.9597754911131899,
        0.9694719471947195,
        0.965166908563135,
        0.9665192672141504,
        0.966304347826087,
        0.9639596347909659,
        0.966356795042054,
        0.9604758250191865,
        0.9663531114327062,
        0.9620253164556962,
        0.9647954329210275,
        0.9624399038461539,
        0.9647127442403033,
        0.9551918433056077,
        0.9587786259541985,
        0.9645885286783042,
        0.957169459962756,
        0.9558089807555239,
        0.957466697826595,
        0.9593824228028504,
        0.9583885502252849,
        0.9580655035200489,
        0.9541631623212784,
        0.9385847797062751,
        0.9582392776523702,
        0.9268774703557312,
        0.9551820728291317,
        0.9504132231404959,
        0.918918918918919,
        0.9398496240601504,
        0.8867924528301887,
        0.9333333333333333,
        0.9302325581395349,
        0.8983050847457628,
        0.9117647058823529,
        0.9245283018867925,
        0.8813559322033898,
        0.9166666666666666
    ]
}