{
    "Bins": [
        20.0,
        21.0,
        22.0,
        23.0,
        24.0,
        25.0,
        26.0,
        27.0,
        28.0,
        29.0,
        30.0,
        31.0,
        32.0,
        33.0,
        34.0,
        35.0,
        36.0,
        37.0,
        38.0,
        39.0,
        40.0,
        41.0,
        42.0,
        43.0,
        44.0,
        45.0,
        46.0,
        47.0,
        48.0,
        49.0,
        50.0,
        51.0,
        52.0,
        53.0,
        54.0,
        55.0,
        56.0,
        57.0,
        58.0,
        59.0,
        60.0
    ],
    "Efficiency": [
        0.9744245524296675,
        0.9738276990185387,
        0.9747427502338635,
        0.9661716171617162,
        0.9709724238026125,
        0.9665192672141504,
        0.971195652173913,
        0.9673234022104757,
        0.966356795042054,
        0.9620107444359172,
        0.9725036179450073,
        0.9726308587068081,
        0.9686013320647003,
        0.9630408653846154,
        0.9585885097696122,
        0.9557284679366783,
        0.955470737913486,
        0.9518703241895262,
        0.9476256983240223,
        0.9534331195058209,
        0.9502220144893667,
        0.9472684085510689,
        0.9525576464351975,
        0.9415365779002143,
        0.9457527333894029,
        0.9305740987983978,
        0.9480812641083521,
        0.9051383399209486,
        0.9327731092436975,
        0.9090909090909091,
        0.9513513513513514,
        0.924812030075188,
        0.9339622641509434,
        0.8555555555555555,
        0.8837209302325582,
        0.8983050847457628,
        0.9264705882352942,
        0.9056603773584906,
        0.8813559322033898,
        0.8333333333333334
    ]
}