{
    "Bins": [
        20.0,
        21.0,
        22.0,
        23.0,
        24.0,
        25.0,
        26.0,
        27.0,
        28.0,
        29.0,
        30.0,
        31.0,
        32.0,
        33.0,
        34.0,
        35.0,
        36.0,
        37.0,
        38.0,
        39.0,
        40.0,
        41.0,
        42.0,
        43.0,
        44.0,
        45.0,
        46.0,
        47.0,
        48.0,
        49.0,
        50.0,
        51.0,
        52.0,
        53.0,
        54.0,
        55.0,
        56.0,
        57.0,
        58.0,
        59.0,
        60.0
    ],
    "Efficiency": [
        0.9667519181585678,
        0.960741548527808,
        0.9513564078578111,
        0.915016501650165,
        0.9136429608127722,
        0.86481364497789,
        0.8538043478260869,
        0.8159538683325325,
        0.8131916777335104,
        0.8261703760552571,
        0.8277858176555717,
        0.8460485802257954,
        0.8496669838249287,
        0.8653846153846154,
        0.8807232429279673,
        0.8902602629460692,
        0.9076335877862596,
        0.9109725685785536,
        0.909683426443203,
        0.9175576146353053,
        0.915868193503155,
        0.9263657957244655,
        0.9141266896368937,
        0.9066421793694521,
        0.9032800672834315,
        0.8858477970627503,
        0.8679458239277652,
        0.8260869565217391,
        0.8403361344537815,
        0.6900826446280992,
        0.7135135135135136,
        0.6691729323308271,
        0.6415094339622641,
        0.5444444444444444,
        0.5813953488372093,
        0.576271186440678,
        0.47058823529411764,
        0.49056603773584906,
        0.5932203389830508,
        0.6111111111111112
    ]
}