{
    "Bins": [
        20.0,
        21.0,
        22.0,
        23.0,
        24.0,
        25.0,
        26.0,
        27.0,
        28.0,
        29.0,
        30.0,
        31.0,
        32.0,
        33.0,
        34.0,
        35.0,
        36.0,
        37.0,
        38.0,
        39.0,
        40.0,
        41.0,
        42.0,
        43.0,
        44.0,
        45.0,
        46.0,
        47.0,
        48.0,
        49.0,
        50.0,
        51.0,
        52.0,
        53.0,
        54.0,
        55.0,
        56.0,
        57.0,
        58.0,
        59.0,
        60.0
    ],
    "Efficiency": [
        0.829923273657289,
        0.8375136314067612,
        0.8671655753040225,
        0.8712871287128713,
        0.8715529753265603,
        0.8679722046746684,
        0.8815217391304347,
        0.8918789043728976,
        0.9030544488711819,
        0.9017651573292402,
        0.908465991316932,
        0.912076633595621,
        0.917221693625119,
        0.9146634615384616,
        0.9183435403907845,
        0.9178964314462034,
        0.9213740458015267,
        0.9249376558603492,
        0.9220204841713222,
        0.927536231884058,
        0.9301238607151203,
        0.9287410926365796,
        0.9430161675059634,
        0.9357208448117539,
        0.9386038687973086,
        0.9292389853137517,
        0.9469525959367946,
        0.9090909090909091,
        0.9467787114845938,
        0.9214876033057852,
        0.9459459459459459,
        0.924812030075188,
        0.9339622641509434,
        0.9,
        0.9069767441860465,
        0.9322033898305084,
        0.9411764705882353,
        0.9433962264150944,
        0.9491525423728814,
        0.9166666666666666
    ]
}