{
    "Bins": [
        20.0,
        21.0,
        22.0,
        23.0,
        24.0,
        25.0,
        26.0,
        27.0,
        28.0,
        29.0,
        30.0,
        31.0,
        32.0,
        33.0,
        34.0,
        35.0,
        36.0,
        37.0,
        38.0,
        39.0,
        40.0,
        41.0,
        42.0,
        43.0,
        44.0,
        45.0,
        46.0,
        47.0,
        48.0,
        49.0,
        50.0,
        51.0,
        52.0,
        53.0,
        54.0,
        55.0,
        56.0,
        57.0,
        58.0,
        59.0,
        60.0
    ],
    "Efficiency": [
        0.9398976982097187,
        0.9661941112322792,
        0.9719363891487371,
        0.971947194719472,
        0.9716981132075472,
        0.9740998104864181,
        0.9793478260869565,
        0.9793368572801537,
        0.9814077025232404,
        0.9827321565617805,
        0.9869753979739508,
        0.9866575436195689,
        0.9888994608309547,
        0.9858774038461539,
        0.9903762029746281,
        0.9871210088543064,
        0.988295165394402,
        0.9877805486284289,
        0.9881284916201117,
        0.9871703492516037,
        0.9866791306379995,
        0.9883610451306414,
        0.9896633978266631,
        0.9853076216712581,
        0.9878048780487805,
        0.9839786381842457,
        0.989841986455982,
        0.9841897233201581,
        0.988795518207283,
        0.9834710743801653,
        0.9567567567567568,
        0.9774436090225563,
        0.9622641509433962,
        0.9222222222222223,
        0.9418604651162791,
        0.9661016949152542,
        0.9558823529411765,
        0.9056603773584906,
        0.7966101694915254,
        0.6388888888888888
    ]
}