{
    "Bins": [
        20.0,
        21.0,
        22.0,
        23.0,
        24.0,
        25.0,
        26.0,
        27.0,
        28.0,
        29.0,
        30.0,
        31.0,
        32.0,
        33.0,
        34.0,
        35.0,
        36.0,
        37.0,
        38.0,
        39.0,
        40.0,
        41.0,
        42.0,
        43.0,
        44.0,
        45.0,
        46.0,
        47.0,
        48.0,
        49.0,
        50.0,
        51.0,
        52.0,
        53.0,
        54.0,
        55.0,
        56.0,
        57.0,
        58.0,
        59.0,
        60.0
    ],
    "Efficiency": [
        0.8925831202046036,
        0.9073064340239912,
        0.9101964452759589,
        0.9216171617161716,
        0.9201741654571843,
        0.919772583701832,
        0.9347826086956522,
        0.9384911100432485,
        0.9402390438247012,
        0.9286262471220261,
        0.9446454413892909,
        0.9421826890181321,
        0.950523311132255,
        0.94921875,
        0.9454651501895597,
        0.9484840354172257,
        0.9511450381679389,
        0.9531172069825437,
        0.9522811918063314,
        0.9572344975053457,
        0.9598036924515073,
        0.9532066508313539,
        0.9634243307712695,
        0.9620446893174166,
        0.964255677039529,
        0.9532710280373832,
        0.9616252821670429,
        0.9347826086956522,
        0.9635854341736695,
        0.9380165289256198,
        0.9513513513513514,
        0.9398496240601504,
        0.9433962264150944,
        0.9333333333333333,
        0.9186046511627907,
        0.8813559322033898,
        0.9852941176470589,
        0.9622641509433962,
        0.9322033898305084,
        0.9722222222222222
    ]
}