{
    "Bins": [
        20.0,
        21.0,
        22.0,
        23.0,
        24.0,
        25.0,
        26.0,
        27.0,
        28.0,
        29.0,
        30.0,
        31.0,
        32.0,
        33.0,
        34.0,
        35.0,
        36.0,
        37.0,
        38.0,
        39.0,
        40.0,
        41.0,
        42.0,
        43.0,
        44.0,
        45.0,
        46.0,
        47.0,
        48.0,
        49.0,
        50.0,
        51.0,
        52.0,
        53.0,
        54.0,
        55.0,
        56.0,
        57.0,
        58.0,
        59.0,
        60.0
    ],
    "Efficiency": [
        0.9961636828644501,
        0.9956379498364231,
        0.9869036482694107,
        0.9793729372937293,
        0.9731494920174165,
        0.967150979153506,
        0.9472826086956522,
        0.9442575684766938,
        0.9420097388224878,
        0.9401381427475057,
        0.9493487698986975,
        0.9544988026000685,
        0.9613066920393276,
        0.9633413461538461,
        0.9705453484981044,
        0.9718272068687953,
        0.9773536895674301,
        0.9798004987531173,
        0.9778864059590316,
        0.9793300071275838,
        0.9808366440757186,
        0.9783847980997624,
        0.9795918367346939,
        0.977655341291705,
        0.9726661059714046,
        0.9572763684913218,
        0.9627539503386005,
        0.9387351778656127,
        0.9131652661064426,
        0.8925619834710744,
        0.8648648648648649,
        0.7819548872180451,
        0.7641509433962265,
        0.7,
        0.7209302325581395,
        0.7796610169491526,
        0.6764705882352942,
        0.4528301886792453,
        0.5932203389830508,
        0.5833333333333334
    ]
}