{
    "Bins": [
        20.0,
        21.0,
        22.0,
        23.0,
        24.0,
        25.0,
        26.0,
        27.0,
        28.0,
        29.0,
        30.0,
        31.0,
        32.0,
        33.0,
        34.0,
        35.0,
        36.0,
        37.0,
        38.0,
        39.0,
        40.0,
        41.0,
        42.0,
        43.0,
        44.0,
        45.0,
        46.0,
        47.0,
        48.0,
        49.0,
        50.0,
        51.0,
        52.0,
        53.0,
        54.0,
        55.0,
        56.0,
        57.0,
        58.0,
        59.0,
        60.0
    ],
    "Efficiency": [
        0.989769820971867,
        0.9880043620501636,
        0.9728718428437793,
        0.9686468646864687,
        0.941944847605225,
        0.9229311433986103,
        0.9054347826086957,
        0.8918789043728976,
        0.8981850376272688,
        0.9006139677666922,
        0.9109985528219972,
        0.9240506329113924,
        0.9289565493181098,
        0.9329927884615384,
        0.9477981918926801,
        0.9482157231016903,
        0.953944020356234,
        0.9620947630922694,
        0.9592644320297952,
        0.9610358755048705,
        0.9675157747137182,
        0.9655581947743468,
        0.9613040021203286,
        0.9565350474441383,
        0.9470142977291842,
        0.9305740987983978,
        0.9334085778781038,
        0.883399209486166,
        0.8375350140056023,
        0.8057851239669421,
        0.7837837837837838,
        0.6541353383458647,
        0.7264150943396226,
        0.6222222222222222,
        0.6162790697674418,
        0.4915254237288136,
        0.4852941176470588,
        0.41509433962264153,
        0.4915254237288136,
        0.3611111111111111
    ]
}