{
    "Bins": [
        20.0,
        21.0,
        22.0,
        23.0,
        24.0,
        25.0,
        26.0,
        27.0,
        28.0,
        29.0,
        30.0,
        31.0,
        32.0,
        33.0,
        34.0,
        35.0,
        36.0,
        37.0,
        38.0,
        39.0,
        40.0,
        41.0,
        42.0,
        43.0,
        44.0,
        45.0,
        46.0,
        47.0,
        48.0,
        49.0,
        50.0,
        51.0,
        52.0,
        53.0,
        54.0,
        55.0,
        56.0,
        57.0,
        58.0,
        59.0,
        60.0
    ],
    "Efficiency": [
        0.510230179028133,
        0.5288985823336968,
        0.5126286248830683,
        0.48432343234323433,
        0.5094339622641509,
        0.5464308275426406,
        0.5489130434782609,
        0.5338779432964921,
        0.5573262505533422,
        0.5448963929393706,
        0.5600578871201157,
        0.5583304823811153,
        0.570884871550904,
        0.5685096153846154,
        0.5590551181102362,
        0.5661389857794473,
        0.5661577608142494,
        0.5785536159600998,
        0.5707635009310987,
        0.5873129009265858,
        0.5798083664407572,
        0.5617577197149644,
        0.5775245163000265,
        0.5736149372513009,
        0.5941968040370059,
        0.5667556742323098,
        0.608352144469526,
        0.5830039525691699,
        0.5882352941176471,
        0.5578512396694215,
        0.6702702702702703,
        0.6165413533834586,
        0.5471698113207547,
        0.5666666666666667,
        0.5116279069767442,
        0.5084745762711864,
        0.5882352941176471,
        0.6226415094339622,
        0.5932203389830508,
        0.5
    ]
}