{
    "Bins": [
        20.0,
        21.0,
        22.0,
        23.0,
        24.0,
        25.0,
        26.0,
        27.0,
        28.0,
        29.0,
        30.0,
        31.0,
        32.0,
        33.0,
        34.0,
        35.0,
        36.0,
        37.0,
        38.0,
        39.0,
        40.0,
        41.0,
        42.0,
        43.0,
        44.0,
        45.0,
        46.0,
        47.0,
        48.0,
        49.0,
        50.0,
        51.0,
        52.0,
        53.0,
        54.0,
        55.0,
        56.0,
        57.0,
        58.0,
        59.0,
        60.0
    ],
    "Efficiency": [
        0.989769820971867,
        0.9956379498364231,
        0.9925163704396632,
        0.9975247524752475,
        0.9941944847605225,
        0.9949463044851548,
        0.9940217391304348,
        0.9956751561749159,
        0.9942452412571935,
        0.9942440521872602,
        0.9931259044862518,
        0.9907629148135477,
        0.990802410402791,
        0.9927884615384616,
        0.9897929425488481,
        0.9860477595921653,
        0.9804071246819338,
        0.9812967581047382,
        0.9720670391061452,
        0.9741031123782371,
        0.968450572563683,
        0.9629453681710214,
        0.9626292075271667,
        0.9562289562289562,
        0.9486963835155593,
        0.9479305740987984,
        0.9492099322799097,
        0.9664031620553359,
        0.9411764705882353,
        0.9173553719008265,
        0.9135135135135135,
        0.8947368421052632,
        0.8962264150943396,
        0.9444444444444444,
        0.9069767441860465,
        0.8983050847457628,
        0.8676470588235294,
        0.8301886792452831,
        0.8135593220338984,
        0.8333333333333334
    ]
}