{
    "Bins": [
        20.0,
        21.0,
        22.0,
        23.0,
        24.0,
        25.0,
        26.0,
        27.0,
        28.0,
        29.0,
        30.0,
        31.0,
        32.0,
        33.0,
        34.0,
        35.0,
        36.0,
        37.0,
        38.0,
        39.0,
        40.0,
        41.0,
        42.0,
        43.0,
        44.0,
        45.0,
        46.0,
        47.0,
        48.0,
        49.0,
        50.0,
        51.0,
        52.0,
        53.0,
        54.0,
        55.0,
        56.0,
        57.0,
        58.0,
        59.0,
        60.0
    ],
    "Efficiency": [
        0.9514066496163683,
        0.945474372955289,
        0.9476145930776426,
        0.9529702970297029,
        0.9492017416545718,
        0.9519898926089703,
        0.9559782608695652,
        0.948582412301778,
        0.953519256308101,
        0.9504988488104374,
        0.9544138929088278,
        0.9486828600752651,
        0.9559150015857913,
        0.9510216346153846,
        0.9530475357247011,
        0.9436544137375905,
        0.9473282442748091,
        0.9516209476309226,
        0.946927374301676,
        0.9434545022570682,
        0.9464828230895069,
        0.9489311163895487,
        0.9499072356215214,
        0.9501071319253137,
        0.9465937762825904,
        0.9305740987983978,
        0.95372460496614,
        0.9209486166007905,
        0.9439775910364145,
        0.9297520661157025,
        0.9135135135135135,
        0.9398496240601504,
        0.8867924528301887,
        0.9222222222222223,
        0.9302325581395349,
        0.9152542372881356,
        0.9264705882352942,
        0.9056603773584906,
        0.8983050847457628,
        0.9722222222222222
    ]
}