{
    "Bins": [
        20.0,
        21.0,
        22.0,
        23.0,
        24.0,
        25.0,
        26.0,
        27.0,
        28.0,
        29.0,
        30.0,
        31.0,
        32.0,
        33.0,
        34.0,
        35.0,
        36.0,
        37.0,
        38.0,
        39.0,
        40.0,
        41.0,
        42.0,
        43.0,
        44.0,
        45.0,
        46.0,
        47.0,
        48.0,
        49.0,
        50.0,
        51.0,
        52.0,
        53.0,
        54.0,
        55.0,
        56.0,
        57.0,
        58.0,
        59.0,
        60.0
    ],
    "Efficiency": [
        0.9232736572890026,
        0.9291166848418757,
        0.9382600561272217,
        0.933993399339934,
        0.9325108853410741,
        0.9229311433986103,
        0.9391304347826087,
        0.9519461797212878,
        0.9459938025675078,
        0.9478127398311589,
        0.9442836468885673,
        0.9476565172767705,
        0.956232159847764,
        0.9462139423076923,
        0.9419655876348789,
        0.944995975315267,
        0.9470737913486005,
        0.9438902743142145,
        0.9432029795158287,
        0.9441672606319791,
        0.9460154241645244,
        0.9437054631828978,
        0.950172276702889,
        0.9461279461279462,
        0.9478553406223718,
        0.9392523364485982,
        0.945823927765237,
        0.9169960474308301,
        0.9355742296918768,
        0.9462809917355371,
        0.9351351351351351,
        0.924812030075188,
        0.9433962264150944,
        0.9,
        0.9186046511627907,
        0.864406779661017,
        0.9411764705882353,
        0.9622641509433962,
        0.9322033898305084,
        0.9166666666666666
    ]
}