{
    "Bins": [
        20.0,
        21.0,
        22.0,
        23.0,
        24.0,
        25.0,
        26.0,
        27.0,
        28.0,
        29.0,
        30.0,
        31.0,
        32.0,
        33.0,
        34.0,
        35.0,
        36.0,
        37.0,
        38.0,
        39.0,
        40.0,
        41.0,
        42.0,
        43.0,
        44.0,
        45.0,
        46.0,
        47.0,
        48.0,
        49.0,
        50.0,
        51.0,
        52.0,
        53.0,
        54.0,
        55.0,
        56.0,
        57.0,
        58.0,
        59.0,
        60.0
    ],
    "Efficiency": [
        0.9923273657289002,
        0.9912758996728462,
        0.9822263797942001,
        0.9793729372937293,
        0.9680696661828737,
        0.9658875552747946,
        0.95,
        0.9437770302739068,
        0.9473218238158477,
        0.9420567920184191,
        0.9500723589001447,
        0.9555251453985631,
        0.9625753250872185,
        0.9642427884615384,
        0.9699620880723243,
        0.9699490206600483,
        0.971501272264631,
        0.9798004987531173,
        0.9764897579143389,
        0.9755286291280589,
        0.9787333489132976,
        0.9800475059382423,
        0.9803869599787968,
        0.977655341291705,
        0.971825063078217,
        0.9646194926568759,
        0.9706546275395034,
        0.9407114624505929,
        0.927170868347339,
        0.8842975206611571,
        0.8864864864864865,
        0.7894736842105263,
        0.7735849056603774,
        0.7,
        0.6511627906976745,
        0.6440677966101694,
        0.5441176470588235,
        0.41509433962264153,
        0.5932203389830508,
        0.3888888888888889
    ]
}