{
    "Bins": [
        20.0,
        21.0,
        22.0,
        23.0,
        24.0,
        25.0,
        26.0,
        27.0,
        28.0,
        29.0,
        30.0,
        31.0,
        32.0,
        33.0,
        34.0,
        35.0,
        36.0,
        37.0,
        38.0,
        39.0,
        40.0,
        41.0,
        42.0,
        43.0,
        44.0,
        45.0,
        46.0,
        47.0,
        48.0,
        49.0,
        50.0,
        51.0,
        52.0,
        53.0,
        54.0,
        55.0,
        56.0,
        57.0,
        58.0,
        59.0,
        60.0
    ],
    "Efficiency": [
        0.959079283887468,
        0.9814612868047983,
        0.9775491113189897,
        0.981023102310231,
        0.9760522496371553,
        0.9804169298799748,
        0.9831521739130434,
        0.9817395482940894,
        0.981850376272687,
        0.9834996162701458,
        0.9862518089725036,
        0.9876838864180636,
        0.9888994608309547,
        0.9858774038461539,
        0.989501312335958,
        0.9865843842232358,
        0.988295165394402,
        0.9870324189526185,
        0.9855679702048417,
        0.9857448325017819,
        0.9852769338630522,
        0.9890736342042755,
        0.9883381924198251,
        0.9801040710131619,
        0.9823380992430614,
        0.979305740987984,
        0.9841986455981941,
        0.9762845849802372,
        0.9775910364145658,
        0.9586776859504132,
        0.9459459459459459,
        0.9548872180451128,
        0.9339622641509434,
        0.9333333333333333,
        0.9651162790697675,
        0.8983050847457628,
        0.9558823529411765,
        0.9433962264150944,
        0.847457627118644,
        0.8055555555555556
    ]
}