{
    "Bins": [
        20.0,
        21.0,
        22.0,
        23.0,
        24.0,
        25.0,
        26.0,
        27.0,
        28.0,
        29.0,
        30.0,
        31.0,
        32.0,
        33.0,
        34.0,
        35.0,
        36.0,
        37.0,
        38.0,
        39.0,
        40.0,
        41.0,
        42.0,
        43.0,
        44.0,
        45.0,
        46.0,
        47.0,
        48.0,
        49.0,
        50.0,
        51.0,
        52.0,
        53.0,
        54.0,
        55.0,
        56.0,
        57.0,
        58.0,
        59.0,
        60.0
    ],
    "Efficiency": [
        0.9501278772378516,
        0.9661941112322792,
        0.9663236669784846,
        0.9694719471947195,
        0.9666182873730044,
        0.9709412507896399,
        0.9722826086956522,
        0.9711677078327727,
        0.9725542275343072,
        0.9723714504988488,
        0.9757597684515196,
        0.9746835443037974,
        0.978116079923882,
        0.9741586538461539,
        0.9769612131816856,
        0.9758518916018245,
        0.9768447837150127,
        0.9780548628428928,
        0.9767225325884544,
        0.9738655262532668,
        0.9728908623510166,
        0.9762470308788599,
        0.9745560561887092,
        0.9687786960514233,
        0.9743481917577796,
        0.9686248331108144,
        0.9672686230248307,
        0.958498023715415,
        0.957983193277311,
        0.9504132231404959,
        0.9459459459459459,
        0.924812030075188,
        0.9433962264150944,
        0.9111111111111111,
        0.9302325581395349,
        0.8813559322033898,
        0.9558823529411765,
        0.9433962264150944,
        0.8813559322033898,
        0.7777777777777778
    ]
}