{
    "Bins": [
        20.0,
        21.0,
        22.0,
        23.0,
        24.0,
        25.0,
        26.0,
        27.0,
        28.0,
        29.0,
        30.0,
        31.0,
        32.0,
        33.0,
        34.0,
        35.0,
        36.0,
        37.0,
        38.0,
        39.0,
        40.0,
        41.0,
        42.0,
        43.0,
        44.0,
        45.0,
        46.0,
        47.0,
        48.0,
        49.0,
        50.0,
        51.0,
        52.0,
        53.0,
        54.0,
        55.0,
        56.0,
        57.0,
        58.0,
        59.0,
        60.0
    ],
    "Efficiency": [
        0.8260869565217391,
        0.826608505997819,
        0.8475210477081384,
        0.8168316831683168,
        0.8330914368650217,
        0.831964624131396,
        0.8369565217391305,
        0.826045170591062,
        0.8393094289508632,
        0.8415195702225633,
        0.815123010130246,
        0.8138898392062949,
        0.8138281002220108,
        0.8100961538461539,
        0.8165645960921551,
        0.7998390126106788,
        0.7972010178117048,
        0.787780548628429,
        0.7818901303538175,
        0.7752435257780945,
        0.7585884552465529,
        0.7707838479809976,
        0.7577524516300026,
        0.7486991123354759,
        0.7363330529857023,
        0.7690253671562083,
        0.7325056433408578,
        0.691699604743083,
        0.7310924369747899,
        0.71900826446281,
        0.6972972972972973,
        0.6390977443609023,
        0.7358490566037735,
        0.6777777777777778,
        0.7209302325581395,
        0.711864406779661,
        0.7205882352941176,
        0.6415094339622641,
        0.7457627118644068,
        0.6944444444444444
    ]
}