{
    "Bins": [
        20.0,
        21.0,
        22.0,
        23.0,
        24.0,
        25.0,
        26.0,
        27.0,
        28.0,
        29.0,
        30.0,
        31.0,
        32.0,
        33.0,
        34.0,
        35.0,
        36.0,
        37.0,
        38.0,
        39.0,
        40.0,
        41.0,
        42.0,
        43.0,
        44.0,
        45.0,
        46.0,
        47.0,
        48.0,
        49.0,
        50.0,
        51.0,
        52.0,
        53.0,
        54.0,
        55.0,
        56.0,
        57.0,
        58.0,
        59.0,
        60.0
    ],
    "Efficiency": [
        0.887468030690537,
        0.8974918211559433,
        0.8989710009354537,
        0.9125412541254125,
        0.9085631349782293,
        0.914087176247631,
        0.9260869565217391,
        0.9341662662181643,
        0.934041611332448,
        0.9374520337682272,
        0.9450072358900145,
        0.9476565172767705,
        0.9533777354900095,
        0.9462139423076923,
        0.9498396033829105,
        0.9508988462570432,
        0.9534351145038168,
        0.958354114713217,
        0.9585661080074488,
        0.9593727726300784,
        0.9628417854638934,
        0.9584323040380047,
        0.9668698648290485,
        0.9644934190388735,
        0.9667788057190917,
        0.9566088117489987,
        0.9661399548532731,
        0.9308300395256917,
        0.9663865546218487,
        0.9421487603305785,
        0.9513513513513514,
        0.9398496240601504,
        0.9433962264150944,
        0.9111111111111111,
        0.9418604651162791,
        0.9152542372881356,
        0.9705882352941176,
        0.9811320754716981,
        0.9491525423728814,
        0.9444444444444444
    ]
}