{
    "Bins": [
        20.0,
        21.0,
        22.0,
        23.0,
        24.0,
        25.0,
        26.0,
        27.0,
        28.0,
        29.0,
        30.0,
        31.0,
        32.0,
        33.0,
        34.0,
        35.0,
        36.0,
        37.0,
        38.0,
        39.0,
        40.0,
        41.0,
        42.0,
        43.0,
        44.0,
        45.0,
        46.0,
        47.0,
        48.0,
        49.0,
        50.0,
        51.0,
        52.0,
        53.0,
        54.0,
        55.0,
        56.0,
        57.0,
        58.0,
        59.0,
        60.0
    ],
    "Efficiency": [
        0.9757033248081841,
        0.9814612868047983,
        0.9784845650140318,
        0.9702970297029703,
        0.9716981132075472,
        0.9703095388502843,
        0.975,
        0.9740509370494954,
        0.9672421425409473,
        0.967766692248657,
        0.9743125904486252,
        0.9733150872391378,
        0.9701871233745639,
        0.9615384615384616,
        0.9606299212598425,
        0.9557284679366783,
        0.9582697201017811,
        0.9566084788029925,
        0.9527467411545624,
        0.9572344975053457,
        0.9532601075017527,
        0.9496437054631829,
        0.9567983037370792,
        0.9445974900520355,
        0.9478553406223718,
        0.9332443257676902,
        0.95372460496614,
        0.924901185770751,
        0.9299719887955182,
        0.9132231404958677,
        0.9351351351351351,
        0.9097744360902256,
        0.9150943396226415,
        0.8666666666666667,
        0.872093023255814,
        0.8983050847457628,
        0.9411764705882353,
        0.9056603773584906,
        0.8813559322033898,
        0.8611111111111112
    ]
}