{
    "Bins": [
        20.0,
        21.0,
        22.0,
        23.0,
        24.0,
        25.0,
        26.0,
        27.0,
        28.0,
        29.0,
        30.0,
        31.0,
        32.0,
        33.0,
        34.0,
        35.0,
        36.0,
        37.0,
        38.0,
        39.0,
        40.0,
        41.0,
        42.0,
        43.0,
        44.0,
        45.0,
        46.0,
        47.0,
        48.0,
        49.0,
        50.0,
        51.0,
        52.0,
        53.0,
        54.0,
        55.0,
        56.0,
        57.0,
        58.0,
        59.0,
        60.0
    ],
    "Efficiency": [
        0.9833759590792839,
        0.9749182115594329,
        0.9560336763330215,
        0.91996699669967,
        0.9020319303338171,
        0.8584965255843335,
        0.8304347826086956,
        0.8279673234022105,
        0.8123063302346171,
        0.8192632386799693,
        0.8408104196816208,
        0.8501539514197742,
        0.8588645734221376,
        0.8780048076923077,
        0.8935549722951298,
        0.8950898846257043,
        0.9040712468193384,
        0.9152119700748129,
        0.9106145251396648,
        0.9154193395105725,
        0.922879177377892,
        0.9235154394299288,
        0.9138616485555261,
        0.9173553719008265,
        0.8961312026913373,
        0.8744993324432577,
        0.863431151241535,
        0.8320158102766798,
        0.742296918767507,
        0.7727272727272727,
        0.6648648648648648,
        0.6541353383458647,
        0.6698113207547169,
        0.5666666666666667,
        0.5348837209302325,
        0.559322033898305,
        0.5147058823529411,
        0.4339622641509434,
        0.4915254237288136,
        0.3888888888888889
    ]
}