{
    "Bins": [
        20.0,
        21.0,
        22.0,
        23.0,
        24.0,
        25.0,
        26.0,
        27.0,
        28.0,
        29.0,
        30.0,
        31.0,
        32.0,
        33.0,
        34.0,
        35.0,
        36.0,
        37.0,
        38.0,
        39.0,
        40.0,
        41.0,
        42.0,
        43.0,
        44.0,
        45.0,
        46.0,
        47.0,
        48.0,
        49.0,
        50.0,
        51.0,
        52.0,
        53.0,
        54.0,
        55.0,
        56.0,
        57.0,
        58.0,
        59.0,
        60.0
    ],
    "Efficiency": [
        0.9910485933503836,
        0.9923664122137404,
        0.9859681945743686,
        0.9785478547854786,
        0.9608127721335269,
        0.9589387239418825,
        0.9440217391304347,
        0.9346468044209515,
        0.9415670650730412,
        0.9382194934765925,
        0.947178002894356,
        0.9486828600752651,
        0.9555978433238186,
        0.9594350961538461,
        0.9696704578594343,
        0.9664609605580896,
        0.9656488549618321,
        0.9785536159600997,
        0.9739292364990689,
        0.9764789736279401,
        0.9763963542883851,
        0.978147268408551,
        0.974025974025974,
        0.9724517906336089,
        0.9655172413793104,
        0.9566088117489987,
        0.95372460496614,
        0.9367588932806324,
        0.896358543417367,
        0.8925619834710744,
        0.8432432432432433,
        0.7744360902255639,
        0.7830188679245284,
        0.7111111111111111,
        0.6976744186046512,
        0.6440677966101694,
        0.5882352941176471,
        0.4528301886792453,
        0.5423728813559322,
        0.6111111111111112
    ]
}