{
    "Bins": [
        20.0,
        21.0,
        22.0,
        23.0,
        24.0,
        25.0,
        26.0,
        27.0,
        28.0,
        29.0,
        30.0,
        31.0,
        32.0,
        33.0,
        34.0,
        35.0,
        36.0,
        37.0,
        38.0,
        39.0,
        40.0,
        41.0,
        42.0,
        43.0,
        44.0,
        45.0,
        46.0,
        47.0,
        48.0,
        49.0,
        50.0,
        51.0,
        52.0,
        53.0,
        54.0,
        55.0,
        56.0,
        57.0,
        58.0,
        59.0,
        60.0
    ],
    "Efficiency": [
        0.9744245524296675,
        0.9814612868047983,
        0.9784845650140318,
        0.9694719471947195,
        0.9716981132075472,
        0.9684144030322173,
        0.975,
        0.9721287842383469,
        0.965028773793714,
        0.9669992325402916,
        0.9739507959479016,
        0.972972972972973,
        0.9698699651125912,
        0.9612379807692307,
        0.9600466608340624,
        0.9546552186745372,
        0.9577608142493639,
        0.9561097256857856,
        0.9515828677839852,
        0.9565217391304348,
        0.9520916101892966,
        0.9477434679334917,
        0.9554730983302412,
        0.9445974900520355,
        0.9444911690496215,
        0.9325767690253671,
        0.9525959367945824,
        0.9189723320158103,
        0.9299719887955182,
        0.9090909090909091,
        0.9351351351351351,
        0.9097744360902256,
        0.9150943396226415,
        0.8666666666666667,
        0.872093023255814,
        0.8813559322033898,
        0.9411764705882353,
        0.9056603773584906,
        0.8813559322033898,
        0.8611111111111112
    ]
}