{
    "Bins": [
        20.0,
        21.0,
        22.0,
        23.0,
        24.0,
        25.0,
        26.0,
        27.0,
        28.0,
        29.0,
        30.0,
        31.0,
        32.0,
        33.0,
        34.0,
        35.0,
        36.0,
        37.0,
        38.0,
        39.0,
        40.0,
        41.0,
        42.0,
        43.0,
        44.0,
        45.0,
        46.0,
        47.0,
        48.0,
        49.0,
        50.0,
        51.0,
        52.0,
        53.0,
        54.0,
        55.0,
        56.0,
        57.0,
        58.0,
        59.0,
        60.0
    ],
    "Efficiency": [
        0.731457800511509,
        0.7579062159214831,
        0.7876520112254444,
        0.768976897689769,
        0.793178519593614,
        0.7826910928616551,
        0.8059782608695653,
        0.8082652570879385,
        0.8322266489597167,
        0.8376822716807367,
        0.8375542691751086,
        0.8532329798152583,
        0.8658420551855376,
        0.8605769230769231,
        0.8693496646252552,
        0.8677220284411055,
        0.8712468193384224,
        0.8860349127182044,
        0.8852420856610801,
        0.8926110715134237,
        0.8974059359663473,
        0.9007125890736342,
        0.9106811555791148,
        0.9060299969390878,
        0.9158957106812448,
        0.8911882510013351,
        0.8939051918735892,
        0.8636363636363636,
        0.8403361344537815,
        0.8181818181818182,
        0.8,
        0.7593984962406015,
        0.7452830188679245,
        0.6333333333333333,
        0.5813953488372093,
        0.5932203389830508,
        0.5441176470588235,
        0.4716981132075472,
        0.5423728813559322,
        0.4722222222222222
    ]
}