{
    "Bins": [
        20.0,
        21.0,
        22.0,
        23.0,
        24.0,
        25.0,
        26.0,
        27.0,
        28.0,
        29.0,
        30.0,
        31.0,
        32.0,
        33.0,
        34.0,
        35.0,
        36.0,
        37.0,
        38.0,
        39.0,
        40.0,
        41.0,
        42.0,
        43.0,
        44.0,
        45.0,
        46.0,
        47.0,
        48.0,
        49.0,
        50.0,
        51.0,
        52.0,
        53.0,
        54.0,
        55.0,
        56.0,
        57.0,
        58.0,
        59.0,
        60.0
    ],
    "Efficiency": [
        0.9910485933503836,
        0.9934569247546347,
        0.9878391019644528,
        0.9793729372937293,
        0.9709724238026125,
        0.9646241313960834,
        0.9510869565217391,
        0.9428159538683325,
        0.9451084550686144,
        0.9447429009976976,
        0.9497105643994211,
        0.9541566883339035,
        0.9622581668252458,
        0.9633413461538461,
        0.9693788276465442,
        0.969680708344513,
        0.9725190839694656,
        0.9765586034912718,
        0.9764897579143389,
        0.9783796626277026,
        0.9792007478382799,
        0.9809976247030879,
        0.9780015902464883,
        0.97551270278543,
        0.9693019343986543,
        0.9606141522029372,
        0.9661399548532731,
        0.9387351778656127,
        0.8907563025210085,
        0.8801652892561983,
        0.8810810810810811,
        0.7894736842105263,
        0.7452830188679245,
        0.7444444444444445,
        0.6744186046511628,
        0.6779661016949152,
        0.5441176470588235,
        0.4339622641509434,
        0.5084745762711864,
        0.4722222222222222
    ]
}