{
    "Bins": [
        20.0,
        21.0,
        22.0,
        23.0,
        24.0,
        25.0,
        26.0,
        27.0,
        28.0,
        29.0,
        30.0,
        31.0,
        32.0,
        33.0,
        34.0,
        35.0,
        36.0,
        37.0,
        38.0,
        39.0,
        40.0,
        41.0,
        42.0,
        43.0,
        44.0,
        45.0,
        46.0,
        47.0,
        48.0,
        49.0,
        50.0,
        51.0,
        52.0,
        53.0,
        54.0,
        55.0,
        56.0,
        57.0,
        58.0,
        59.0,
        60.0
    ],
    "Efficiency": [
        0.7327365728900256,
        0.7644492911668485,
        0.7932647333956969,
        0.7797029702970297,
        0.809143686502177,
        0.801010739102969,
        0.8304347826086956,
        0.8346948582412301,
        0.8574590526781762,
        0.8591711435149655,
        0.8563675832127352,
        0.8734177215189873,
        0.8829686013320647,
        0.8780048076923077,
        0.8815981335666375,
        0.8781862087469815,
        0.8852417302798982,
        0.8942643391521197,
        0.8957169459962756,
        0.9037776193870278,
        0.9095583080158915,
        0.9102137767220903,
        0.9204876755897164,
        0.9194980104071013,
        0.9297729184188394,
        0.9138851802403204,
        0.9130925507900677,
        0.9011857707509882,
        0.9215686274509803,
        0.8966942148760331,
        0.918918918918919,
        0.924812030075188,
        0.8867924528301887,
        0.8777777777777778,
        0.8604651162790697,
        0.8305084745762712,
        0.9117647058823529,
        0.9056603773584906,
        0.9322033898305084,
        0.9166666666666666
    ]
}