{
    "Bins": [
        20.0,
        21.0,
        22.0,
        23.0,
        24.0,
        25.0,
        26.0,
        27.0,
        28.0,
        29.0,
        30.0,
        31.0,
        32.0,
        33.0,
        34.0,
        35.0,
        36.0,
        37.0,
        38.0,
        39.0,
        40.0,
        41.0,
        42.0,
        43.0,
        44.0,
        45.0,
        46.0,
        47.0,
        48.0,
        49.0,
        50.0,
        51.0,
        52.0,
        53.0,
        54.0,
        55.0,
        56.0,
        57.0,
        58.0,
        59.0,
        60.0
    ],
    "Efficiency": [
        0.01278772378516624,
        0.011995637949836423,
        0.018709073900841908,
        0.018151815181518153,
        0.02539912917271408,
        0.025268477574226154,
        0.04184782608695652,
        0.048053820278712155,
        0.05799026117751217,
        0.07099002302379125,
        0.07633863965267727,
        0.09989736572015052,
        0.11132254995242626,
        0.11328125,
        0.12102653834937299,
        0.12610678830158303,
        0.13358778625954199,
        0.1371571072319202,
        0.1527001862197393,
        0.1522927061059634,
        0.15494274363168964,
        0.167458432304038,
        0.16856612774980123,
        0.17845117845117844,
        0.19091673675357443,
        0.1842456608811749,
        0.1873589164785553,
        0.1600790513833992,
        0.19887955182072828,
        0.2024793388429752,
        0.20540540540540542,
        0.22556390977443608,
        0.18867924528301888,
        0.25555555555555554,
        0.2558139534883721,
        0.22033898305084745,
        0.22058823529411764,
        0.2830188679245283,
        0.2033898305084746,
        0.16666666666666666
    ]
}