{
    "Bins": [
        20.0,
        21.0,
        22.0,
        23.0,
        24.0,
        25.0,
        26.0,
        27.0,
        28.0,
        29.0,
        30.0,
        31.0,
        32.0,
        33.0,
        34.0,
        35.0,
        36.0,
        37.0,
        38.0,
        39.0,
        40.0,
        41.0,
        42.0,
        43.0,
        44.0,
        45.0,
        46.0,
        47.0,
        48.0,
        49.0,
        50.0,
        51.0,
        52.0,
        53.0,
        54.0,
        55.0,
        56.0,
        57.0,
        58.0,
        59.0,
        60.0
    ],
    "Efficiency": [
        0.989769820971867,
        0.9956379498364231,
        0.9850327408793265,
        0.9777227722772277,
        0.9586357039187228,
        0.9532533164876816,
        0.9407608695652174,
        0.9360884190293128,
        0.9406817175741479,
        0.9416730621642364,
        0.9497105643994211,
        0.945603831679781,
        0.9590865842055185,
        0.9582331730769231,
        0.9670457859434237,
        0.9651193989804132,
        0.9653944020356234,
        0.9728179551122195,
        0.9681098696461825,
        0.972440009503445,
        0.9735919607384903,
        0.9714964370546318,
        0.9737609329446064,
        0.9684726048362412,
        0.9671993271656855,
        0.9459279038718291,
        0.9616252821670429,
        0.9169960474308301,
        0.8739495798319328,
        0.871900826446281,
        0.8324324324324325,
        0.7518796992481203,
        0.7264150943396226,
        0.6888888888888889,
        0.6511627906976745,
        0.7796610169491526,
        0.5735294117647058,
        0.5094339622641509,
        0.6271186440677966,
        0.5
    ]
}