{
    "False Positive Rate": [
        0.0,
        0.0002958699248221418,
        0.0002958699248221418,
        0.0002958699248221418,
        0.0020845381067014536,
        0.002138332638487298,
        0.008902995010557177,
        0.017711849590489128,
        0.017725298223435586,
        0.01802116814825773,
        0.026359320575063544,
        0.08205010960635852,
        0.08371774009171967,
        0.1316352192799602,
        0.20918003684925426,
        1.0
    ],
    "True Positive Rate": [
        0.0,
        0.005783534412029751,
        0.005796984492057728,
        0.005837334732141656,
        0.021816029805377342,
        0.021910180365573174,
        0.08014902688670998,
        0.13354584459777535,
        0.13366689531802714,
        0.13463530108004143,
        0.16028460369339198,
        0.3734280218967303,
        0.3756069348612624,
        0.4631669558433873,
        0.551332230426771,
        1.0
    ],
    "ROC AUC": 0.6909129826901178
}