{
    "Precision": [
        0.50175,
        0.8786934673366834,
        0.8784961491690312,
        1.0
    ],
    "Recall": [
        1.0,
        0.8712506228201295,
        0.863876432486298,
        0.0
    ],
    "Precision-Recall AUC": 0.9067388195598778,
    "Chance Level": 0.50175
}