{
    "Precision": [
        0.50175,
        0.8687939748290556,
        0.8685051958433253,
        1.0
    ],
    "Recall": [
        1.0,
        0.8736422521175884,
        0.8661684105630294,
        0.0
    ],
    "Precision-Recall AUC": 0.9023016621900277,
    "Chance Level": 0.50175
}