{
    "Precision": [
        0.50175,
        0.8207648467828529,
        0.8631282457530147,
        0.8881935363347655,
        0.9112886490973231,
        0.9292138091093705,
        1.0
    ],
    "Recall": [
        1.0,
        0.9902341803687095,
        0.977179870453413,
        0.9475834578973592,
        0.8752366716492277,
        0.6383657199800697,
        0.0
    ],
    "Precision-Recall AUC": 0.9422113149139324,
    "Chance Level": 0.50175
}