{
    "Precision": [
        0.50175,
        0.7934009746744427,
        0.8340108401084011,
        0.8581610206775186,
        0.8734246078520265,
        0.8853485329844889,
        0.8974558166634298,
        0.8974458580168981,
        0.9066191446028513,
        0.9149498733061584,
        0.9255197041193726,
        0.9363203386840713,
        0.936817612314301,
        1.0
    ],
    "Recall": [
        1.0,
        0.9896362730443448,
        0.9813652217239661,
        0.971898355754858,
        0.9599402092675635,
        0.9441953163926258,
        0.920976581963129,
        0.9208769307424016,
        0.8871948181365221,
        0.8276033881415047,
        0.723168908819133,
        0.5289486796213254,
        0.5215744892874937,
        0.0
    ],
    "Precision-Recall AUC": 0.9400058869443948,
    "Chance Level": 0.50175
}