{
    "Precision": [
        0.50175,
        0.525794382673763,
        0.6097403017939252,
        0.6118519482209068,
        0.6252415539414939,
        0.6770186335403726,
        0.7012649744491916,
        0.7069169626247251,
        0.7475567029319565,
        0.7481078087502308,
        0.7494910235054599,
        0.7495834104795408,
        0.7531728256812243,
        0.7535244141536738,
        0.7597383579029581,
        0.7840155149535573,
        0.8049645390070922,
        0.8053143909497501,
        0.8074788583509513,
        0.8087359364659166,
        0.8097645337235599,
        0.8238985131632792,
        0.8241157995357095,
        0.8245661975679738,
        0.8315925025039348,
        0.8323974082073434,
        0.8310951954640405,
        0.8437564076276399,
        0.8450558543649151,
        0.8476724854530341,
        0.8521909744931327,
        0.864690147124387,
        0.8650457283069373,
        0.8968526020567155,
        0.8978444236176195,
        0.8981191222570533,
        0.9000632511068943,
        0.9000316355583676,
        0.9002849002849003,
        0.9092393078681031,
        0.9105797576154602,
        0.9070183281180152,
        0.9085611833258629,
        0.9087230215827338,
        0.9150596877869606,
        0.9150206706476803,
        0.9146628948609147,
        0.914622641509434,
        0.9150141643059491,
        0.9154589371980676,
        0.9166262724188076,
        0.9097744360902256,
        0.9124643196955281,
        0.9251231527093596,
        0.9285714285714286,
        0.9282868525896414,
        0.923728813559322,
        0.9273504273504274,
        0.9372197309417041,
        0.9322916666666666,
        0.9545454545454546,
        0.963302752293578,
        1.0
    ],
    "Recall": [
        1.0,
        0.9943198804185351,
        0.9382162431489786,
        0.9373193821624315,
        0.9350274040857001,
        0.8906826108619831,
        0.8341803687095167,
        0.8330842052815147,
        0.8079720976581963,
        0.807673143996014,
        0.8070752366716493,
        0.8068759342301943,
        0.8042850024912805,
        0.8042850024912805,
        0.7754857997010464,
        0.7654210264075735,
        0.610762331838565,
        0.6100647732934729,
        0.6089686098654709,
        0.6088689586447434,
        0.6065769805680119,
        0.6018933731938216,
        0.6013951170901843,
        0.6013951170901843,
        0.5791728948679621,
        0.576083707025411,
        0.5550572994519183,
        0.41006477329347285,
        0.40707523667164924,
        0.4064773293472845,
        0.3895366218236173,
        0.3865470852017937,
        0.3864474339810663,
        0.2867962132536124,
        0.28639760837070255,
        0.28550074738415543,
        0.2836073741903338,
        0.28350772296960636,
        0.28340807174887894,
        0.27752864972595914,
        0.27703039362232185,
        0.202192326856004,
        0.20199302441454908,
        0.20139511709018434,
        0.19860488290981565,
        0.19850523168908818,
        0.1933233682112606,
        0.19322371699053315,
        0.19312406576980568,
        0.18883906327852515,
        0.18844045839561535,
        0.10852017937219731,
        0.0955655206776283,
        0.09357249626307922,
        0.023318385650224215,
        0.023218734429496762,
        0.02172396611858495,
        0.0216243148978575,
        0.02082710513203787,
        0.01783756851021425,
        0.01046337817638266,
        0.01046337817638266,
        0.0
    ],
    "Precision-Recall AUC": 0.8176202272992726,
    "Chance Level": 0.50175
}