Classifier,Accuracy,TN,FP,FN,TP,Precision,Recall,F1,MSE,Rate
XGBClassifier,0.94395,9046.0,919.0,202.0,9833.0,0.9145275297619048,0.9798704534130545,0.9460720642709386,0.05605,51.70410789663338
MLPClassifier,0.9409,9161.0,804.0,378.0,9657.0,0.9231431029538284,0.9623318385650224,0.9423302107728336,0.0591,44.72073509729229
ExtraTreesClassifier,0.94055,8958.0,1007.0,182.0,9853.0,0.9072744014732964,0.9818634778276034,0.9430964345537208,0.05945,57.133944198496856
SVC,0.92855,8619.0,1346.0,83.0,9952.0,0.8808638697114534,0.9917289486796214,0.9330145783527868,0.07145,75.98754246885616
HistGradientBoostingClassifier,0.9424,9022.0,-943.0,-209.0,9826.0,0.9124338378679544,0.979172894867962,0.9446260334551048,-0.0576,52.68449500669207
RandomForestClassifier,0.93865,8996.0,-969.0,-258.0,9777.0,0.9098269123394752,0.9742899850523168,0.9409556806698428,-0.06135,54.735766498507154
VotingClassifier,0.93275,9083.0,-882.0,-463.0,9572.0,0.9156303807155156,0.9538614848031888,0.934355019766704,-0.06725,51.191290023679606
