{
    "Bins": [
        20.0,
        21.0,
        22.0,
        23.0,
        24.0,
        25.0,
        26.0,
        27.0,
        28.0,
        29.0,
        30.0,
        31.0,
        32.0,
        33.0,
        34.0,
        35.0,
        36.0,
        37.0,
        38.0,
        39.0,
        40.0,
        41.0,
        42.0,
        43.0,
        44.0,
        45.0,
        46.0,
        47.0,
        48.0,
        49.0,
        50.0,
        51.0,
        52.0,
        53.0,
        54.0,
        55.0,
        56.0,
        57.0,
        58.0,
        59.0,
        60.0
    ],
    "Efficiency": [
        1.0,
        0.9834710743801653,
        0.9765625,
        0.9745222929936306,
        0.9893617021276596,
        0.9847715736040609,
        0.9891304347826086,
        0.986159169550173,
        0.9858757062146892,
        0.9775910364145658,
        0.980440097799511,
        0.9786666666666667,
        0.9699769053117783,
        0.9699769053117783,
        0.9766454352441614,
        0.9735234215885947,
        0.9684014869888475,
        0.9594843462246777,
        0.9559633027522936,
        0.9659090909090909,
        0.9607142857142857,
        0.9755244755244755,
        0.9557344064386318,
        0.9591836734693877,
        0.9548192771084337,
        0.9461077844311377,
        0.925,
        0.9305555555555556,
        0.9302325581395349,
        1.0,
        0.92,
        1.0,
        1.0,
        0.9473684210526315,
        0.875,
        0.8888888888888888,
        1.0,
        0.6666666666666666,
        1.0,
        0.8333333333333334
    ]
}