{
    "Bins": [
        20.0,
        21.0,
        22.0,
        23.0,
        24.0,
        25.0,
        26.0,
        27.0,
        28.0,
        29.0,
        30.0,
        31.0,
        32.0,
        33.0,
        34.0,
        35.0,
        36.0,
        37.0,
        38.0,
        39.0,
        40.0,
        41.0,
        42.0,
        43.0,
        44.0,
        45.0,
        46.0,
        47.0,
        48.0,
        49.0,
        50.0,
        51.0,
        52.0,
        53.0,
        54.0,
        55.0,
        56.0,
        57.0,
        58.0,
        59.0,
        60.0
    ],
    "Efficiency": [
        0.925531914893617,
        0.9338842975206612,
        0.921875,
        0.9171974522292994,
        0.8776595744680851,
        0.8883248730964467,
        0.8985507246376812,
        0.903114186851211,
        0.903954802259887,
        0.8711484593837535,
        0.8850855745721271,
        0.928,
        0.8845265588914549,
        0.8937644341801386,
        0.8641188959660298,
        0.8737270875763747,
        0.9089219330855018,
        0.9189686924493554,
        0.9027522935779817,
        0.9025974025974026,
        0.8785714285714286,
        0.8828671328671329,
        0.8672032193158954,
        0.8820861678004536,
        0.8704819277108434,
        0.9041916167664671,
        0.9,
        0.7916666666666666,
        0.8372093023255814,
        0.7857142857142857,
        0.92,
        0.7142857142857143,
        0.8125,
        0.5263157894736842,
        0.875,
        0.8888888888888888,
        1.0,
        0.7777777777777778,
        0.5,
        0.6666666666666666
    ]
}