{
    "Bins": [
        20.0,
        21.0,
        22.0,
        23.0,
        24.0,
        25.0,
        26.0,
        27.0,
        28.0,
        29.0,
        30.0,
        31.0,
        32.0,
        33.0,
        34.0,
        35.0,
        36.0,
        37.0,
        38.0,
        39.0,
        40.0,
        41.0,
        42.0,
        43.0,
        44.0,
        45.0,
        46.0,
        47.0,
        48.0,
        49.0,
        50.0,
        51.0,
        52.0,
        53.0,
        54.0,
        55.0,
        56.0,
        57.0,
        58.0,
        59.0,
        60.0
    ],
    "Efficiency": [
        0.9680851063829787,
        0.9669421487603306,
        0.9765625,
        0.9745222929936306,
        0.9468085106382979,
        0.949238578680203,
        0.9637681159420289,
        0.9238754325259516,
        0.9717514124293786,
        0.9551820728291317,
        0.9462102689486552,
        0.952,
        0.9561200923787528,
        0.9260969976905312,
        0.9554140127388535,
        0.955193482688391,
        0.9368029739776952,
        0.9521178637200737,
        0.9412844036697248,
        0.935064935064935,
        0.9339285714285714,
        0.951048951048951,
        0.9577464788732394,
        0.9501133786848073,
        0.9337349397590361,
        0.8922155688622755,
        0.9416666666666667,
        0.875,
        0.9069767441860465,
        0.8214285714285714,
        0.84,
        0.7142857142857143,
        0.875,
        0.7368421052631579,
        1.0,
        0.8888888888888888,
        0.7142857142857143,
        1.0,
        0.625,
        0.5
    ]
}