{
    "Bins": [
        20.0,
        21.0,
        22.0,
        23.0,
        24.0,
        25.0,
        26.0,
        27.0,
        28.0,
        29.0,
        30.0,
        31.0,
        32.0,
        33.0,
        34.0,
        35.0,
        36.0,
        37.0,
        38.0,
        39.0,
        40.0,
        41.0,
        42.0,
        43.0,
        44.0,
        45.0,
        46.0,
        47.0,
        48.0,
        49.0,
        50.0,
        51.0,
        52.0,
        53.0,
        54.0,
        55.0,
        56.0,
        57.0,
        58.0,
        59.0,
        60.0
    ],
    "Efficiency": [
        1.0,
        0.9834710743801653,
        0.9765625,
        0.9808917197452229,
        0.9893617021276596,
        0.9796954314720813,
        0.9891304347826086,
        0.986159169550173,
        0.9887005649717514,
        0.9803921568627451,
        0.9828850855745721,
        0.9786666666666667,
        0.9699769053117783,
        0.9722863741339491,
        0.9745222929936306,
        0.9714867617107943,
        0.966542750929368,
        0.9631675874769797,
        0.9559633027522936,
        0.961038961038961,
        0.9571428571428572,
        0.9755244755244755,
        0.9496981891348089,
        0.9546485260770975,
        0.9548192771084337,
        0.9461077844311377,
        0.9166666666666666,
        0.9166666666666666,
        0.9302325581395349,
        1.0,
        0.92,
        1.0,
        1.0,
        0.9473684210526315,
        0.875,
        0.8888888888888888,
        0.8571428571428571,
        0.7777777777777778,
        1.0,
        0.8333333333333334
    ]
}