{
    "Bins": [
        20.0,
        21.0,
        22.0,
        23.0,
        24.0,
        25.0,
        26.0,
        27.0,
        28.0,
        29.0,
        30.0,
        31.0,
        32.0,
        33.0,
        34.0,
        35.0,
        36.0,
        37.0,
        38.0,
        39.0,
        40.0,
        41.0,
        42.0,
        43.0,
        44.0,
        45.0,
        46.0,
        47.0,
        48.0,
        49.0,
        50.0,
        51.0,
        52.0,
        53.0,
        54.0,
        55.0,
        56.0,
        57.0,
        58.0,
        59.0,
        60.0
    ],
    "Efficiency": [
        1.0,
        0.9834710743801653,
        0.9765625,
        0.9808917197452229,
        0.9893617021276596,
        0.9847715736040609,
        0.9891304347826086,
        0.986159169550173,
        0.9887005649717514,
        0.9803921568627451,
        0.9853300733496333,
        0.9813333333333333,
        0.976905311778291,
        0.9699769053117783,
        0.9787685774946921,
        0.9755600814663951,
        0.9776951672862454,
        0.9705340699815838,
        0.9614678899082569,
        0.9707792207792207,
        0.9625,
        0.9825174825174825,
        0.959758551307847,
        0.963718820861678,
        0.9578313253012049,
        0.9520958083832335,
        0.925,
        0.9444444444444444,
        0.9302325581395349,
        1.0,
        0.92,
        1.0,
        1.0,
        0.9473684210526315,
        0.875,
        0.8888888888888888,
        1.0,
        1.0,
        1.0,
        0.8333333333333334
    ]
}