{
    "Bins": [
        20.0,
        21.0,
        22.0,
        23.0,
        24.0,
        25.0,
        26.0,
        27.0,
        28.0,
        29.0,
        30.0,
        31.0,
        32.0,
        33.0,
        34.0,
        35.0,
        36.0,
        37.0,
        38.0,
        39.0,
        40.0,
        41.0,
        42.0,
        43.0,
        44.0,
        45.0,
        46.0,
        47.0,
        48.0,
        49.0,
        50.0,
        51.0,
        52.0,
        53.0,
        54.0,
        55.0,
        56.0,
        57.0,
        58.0,
        59.0,
        60.0
    ],
    "Efficiency": [
        0.9574468085106383,
        0.9504132231404959,
        0.9296875,
        0.9363057324840764,
        0.9468085106382979,
        0.9644670050761421,
        0.9420289855072463,
        0.9342560553633218,
        0.9209039548022598,
        0.9159663865546218,
        0.8801955990220048,
        0.864,
        0.8337182448036952,
        0.8337182448036952,
        0.8280254777070064,
        0.8187372708757638,
        0.7992565055762082,
        0.7605893186003683,
        0.7155963302752294,
        0.7272727272727273,
        0.7321428571428571,
        0.6748251748251748,
        0.6619718309859155,
        0.691609977324263,
        0.6265060240963856,
        0.6047904191616766,
        0.6583333333333333,
        0.6111111111111112,
        0.6976744186046512,
        0.5357142857142857,
        0.52,
        0.6428571428571429,
        0.5625,
        0.3684210526315789,
        0.5,
        0.5555555555555556,
        0.7142857142857143,
        0.1111111111111111,
        0.625,
        0.5
    ]
}