{
    "Bins": [
        20.0,
        21.0,
        22.0,
        23.0,
        24.0,
        25.0,
        26.0,
        27.0,
        28.0,
        29.0,
        30.0,
        31.0,
        32.0,
        33.0,
        34.0,
        35.0,
        36.0,
        37.0,
        38.0,
        39.0,
        40.0,
        41.0,
        42.0,
        43.0,
        44.0,
        45.0,
        46.0,
        47.0,
        48.0,
        49.0,
        50.0,
        51.0,
        52.0,
        53.0,
        54.0,
        55.0,
        56.0,
        57.0,
        58.0,
        59.0,
        60.0
    ],
    "Efficiency": [
        0.9042553191489362,
        0.8842975206611571,
        0.953125,
        0.8471337579617835,
        0.8457446808510638,
        0.8984771573604061,
        0.8623188405797102,
        0.8961937716262975,
        0.9152542372881356,
        0.8711484593837535,
        0.9193154034229829,
        0.904,
        0.9030023094688222,
        0.8868360277136259,
        0.8895966029723992,
        0.9042769857433809,
        0.8643122676579925,
        0.8950276243093923,
        0.8972477064220183,
        0.8831168831168831,
        0.8892857142857142,
        0.8916083916083916,
        0.8772635814889336,
        0.891156462585034,
        0.8674698795180723,
        0.8862275449101796,
        0.9083333333333333,
        0.9166666666666666,
        0.8372093023255814,
        0.9285714285714286,
        0.84,
        0.8571428571428571,
        0.9375,
        0.7368421052631579,
        0.75,
        0.6666666666666666,
        0.8571428571428571,
        0.7777777777777778,
        0.625,
        0.8333333333333334
    ]
}