{
    "Bins": [
        20.0,
        21.0,
        22.0,
        23.0,
        24.0,
        25.0,
        26.0,
        27.0,
        28.0,
        29.0,
        30.0,
        31.0,
        32.0,
        33.0,
        34.0,
        35.0,
        36.0,
        37.0,
        38.0,
        39.0,
        40.0,
        41.0,
        42.0,
        43.0,
        44.0,
        45.0,
        46.0,
        47.0,
        48.0,
        49.0,
        50.0,
        51.0,
        52.0,
        53.0,
        54.0,
        55.0,
        56.0,
        57.0,
        58.0,
        59.0,
        60.0
    ],
    "Efficiency": [
        0.9893617021276596,
        0.9752066115702479,
        0.9765625,
        0.9872611464968153,
        0.9787234042553191,
        0.9796954314720813,
        0.967391304347826,
        0.9688581314878892,
        0.980225988700565,
        0.9719887955182073,
        0.9535452322738386,
        0.9626666666666667,
        0.9630484988452656,
        0.9422632794457275,
        0.9681528662420382,
        0.9511201629327902,
        0.9460966542750929,
        0.9337016574585635,
        0.9357798165137615,
        0.9464285714285714,
        0.9357142857142857,
        0.9335664335664335,
        0.937625754527163,
        0.9501133786848073,
        0.927710843373494,
        0.9401197604790419,
        0.9083333333333333,
        0.8888888888888888,
        0.9069767441860465,
        0.9285714285714286,
        0.92,
        0.8571428571428571,
        0.875,
        0.7368421052631579,
        1.0,
        1.0,
        1.0,
        0.7777777777777778,
        1.0,
        0.8333333333333334
    ]
}