{
    "Bins": [
        20.0,
        21.0,
        22.0,
        23.0,
        24.0,
        25.0,
        26.0,
        27.0,
        28.0,
        29.0,
        30.0,
        31.0,
        32.0,
        33.0,
        34.0,
        35.0,
        36.0,
        37.0,
        38.0,
        39.0,
        40.0,
        41.0,
        42.0,
        43.0,
        44.0,
        45.0,
        46.0,
        47.0,
        48.0,
        49.0,
        50.0,
        51.0,
        52.0,
        53.0,
        54.0,
        55.0,
        56.0,
        57.0,
        58.0,
        59.0,
        60.0
    ],
    "Efficiency": [
        0.9787234042553191,
        0.9834710743801653,
        0.984375,
        0.9808917197452229,
        0.9787234042553191,
        0.9847715736040609,
        0.9818840579710145,
        0.972318339100346,
        0.9774011299435028,
        0.969187675070028,
        0.9828850855745721,
        0.9893333333333333,
        0.9722863741339491,
        0.976905311778291,
        0.9851380042462845,
        0.9816700610997964,
        0.9776951672862454,
        0.9834254143646409,
        0.9779816513761468,
        0.974025974025974,
        0.975,
        0.972027972027972,
        0.971830985915493,
        0.9682539682539683,
        0.9819277108433735,
        0.9700598802395209,
        0.9666666666666667,
        0.9861111111111112,
        0.9534883720930233,
        1.0,
        1.0,
        0.8571428571428571,
        0.9375,
        0.9473684210526315,
        1.0,
        1.0,
        1.0,
        0.8888888888888888,
        1.0,
        0.8333333333333334
    ]
}