{
    "Bins": [
        20.0,
        21.0,
        22.0,
        23.0,
        24.0,
        25.0,
        26.0,
        27.0,
        28.0,
        29.0,
        30.0,
        31.0,
        32.0,
        33.0,
        34.0,
        35.0,
        36.0,
        37.0,
        38.0,
        39.0,
        40.0,
        41.0,
        42.0,
        43.0,
        44.0,
        45.0,
        46.0,
        47.0,
        48.0,
        49.0,
        50.0,
        51.0,
        52.0,
        53.0,
        54.0,
        55.0,
        56.0,
        57.0,
        58.0,
        59.0,
        60.0
    ],
    "Efficiency": [
        1.0,
        0.9917355371900827,
        0.9921875,
        0.9936305732484076,
        1.0,
        1.0,
        0.9927536231884058,
        0.9965397923875432,
        0.9915254237288136,
        0.9943977591036415,
        0.9975550122249389,
        1.0,
        0.9953810623556582,
        0.9930715935334873,
        0.9957537154989384,
        0.9979633401221996,
        0.9907063197026023,
        0.996316758747698,
        0.9926605504587156,
        0.9918831168831169,
        0.9982142857142857,
        0.9965034965034965,
        1.0,
        0.9954648526077098,
        1.0,
        0.9940119760479041,
        1.0,
        1.0,
        1.0,
        1.0,
        1.0,
        1.0,
        1.0,
        0.9473684210526315,
        1.0,
        1.0,
        1.0,
        0.8888888888888888,
        1.0,
        1.0
    ]
}