{
    "Bins": [
        20.0,
        21.0,
        22.0,
        23.0,
        24.0,
        25.0,
        26.0,
        27.0,
        28.0,
        29.0,
        30.0,
        31.0,
        32.0,
        33.0,
        34.0,
        35.0,
        36.0,
        37.0,
        38.0,
        39.0,
        40.0,
        41.0,
        42.0,
        43.0,
        44.0,
        45.0,
        46.0,
        47.0,
        48.0,
        49.0,
        50.0,
        51.0,
        52.0,
        53.0,
        54.0,
        55.0,
        56.0,
        57.0,
        58.0,
        59.0,
        60.0
    ],
    "Efficiency": [
        1.0,
        0.9834710743801653,
        0.9765625,
        0.9872611464968153,
        0.9840425531914894,
        0.9847715736040609,
        0.9891304347826086,
        0.986159169550173,
        0.9830508474576272,
        0.9831932773109243,
        0.9779951100244498,
        0.992,
        0.9676674364896074,
        0.9699769053117783,
        0.9766454352441614,
        0.9714867617107943,
        0.9646840148698885,
        0.9668508287292817,
        0.9577981651376147,
        0.961038961038961,
        0.9571428571428572,
        0.972027972027972,
        0.9537223340040242,
        0.9659863945578231,
        0.9487951807228916,
        0.9401197604790419,
        0.925,
        0.9444444444444444,
        0.9302325581395349,
        0.9642857142857143,
        0.92,
        1.0,
        1.0,
        0.9473684210526315,
        1.0,
        0.8888888888888888,
        0.8571428571428571,
        0.6666666666666666,
        1.0,
        0.8333333333333334
    ]
}