{
    "Bins": [
        20.0,
        21.0,
        22.0,
        23.0,
        24.0,
        25.0,
        26.0,
        27.0,
        28.0,
        29.0,
        30.0,
        31.0,
        32.0,
        33.0,
        34.0,
        35.0,
        36.0,
        37.0,
        38.0,
        39.0,
        40.0,
        41.0,
        42.0,
        43.0,
        44.0,
        45.0,
        46.0,
        47.0,
        48.0,
        49.0,
        50.0,
        51.0,
        52.0,
        53.0,
        54.0,
        55.0,
        56.0,
        57.0,
        58.0,
        59.0,
        60.0
    ],
    "Efficiency": [
        0.9787234042553191,
        0.9917355371900827,
        0.9765625,
        0.9681528662420382,
        0.9468085106382979,
        0.9593908629441624,
        0.9637681159420289,
        0.9515570934256056,
        0.9745762711864406,
        0.969187675070028,
        0.9657701711491442,
        0.9733333333333334,
        0.976905311778291,
        0.976905311778291,
        0.970276008492569,
        0.9613034623217923,
        0.9516728624535316,
        0.9705340699815838,
        0.9724770642201835,
        0.9659090909090909,
        0.9625,
        0.965034965034965,
        0.9678068410462777,
        0.9705215419501134,
        0.9668674698795181,
        0.9940119760479041,
        0.925,
        0.8888888888888888,
        0.9069767441860465,
        0.8928571428571429,
        1.0,
        0.9285714285714286,
        0.875,
        0.7368421052631579,
        0.875,
        0.8888888888888888,
        0.8571428571428571,
        0.8888888888888888,
        1.0,
        1.0
    ]
}