{
    "Bins": [
        20.0,
        21.0,
        22.0,
        23.0,
        24.0,
        25.0,
        26.0,
        27.0,
        28.0,
        29.0,
        30.0,
        31.0,
        32.0,
        33.0,
        34.0,
        35.0,
        36.0,
        37.0,
        38.0,
        39.0,
        40.0,
        41.0,
        42.0,
        43.0,
        44.0,
        45.0,
        46.0,
        47.0,
        48.0,
        49.0,
        50.0,
        51.0,
        52.0,
        53.0,
        54.0,
        55.0,
        56.0,
        57.0,
        58.0,
        59.0,
        60.0
    ],
    "Efficiency": [
        0.9893617021276596,
        0.9834710743801653,
        0.9765625,
        0.9745222929936306,
        0.9627659574468085,
        0.9796954314720813,
        0.9384057971014492,
        0.9065743944636678,
        0.9548022598870056,
        0.927170868347339,
        0.9339853300733496,
        0.9253333333333333,
        0.9191685912240185,
        0.8960739030023095,
        0.9044585987261147,
        0.869653767820774,
        0.8643122676579925,
        0.856353591160221,
        0.8532110091743119,
        0.8636363636363636,
        0.8303571428571429,
        0.8548951048951049,
        0.8309859154929577,
        0.8208616780045351,
        0.7951807228915663,
        0.8263473053892215,
        0.8,
        0.7361111111111112,
        0.8372093023255814,
        0.7142857142857143,
        0.8,
        0.7857142857142857,
        0.6875,
        0.6842105263157895,
        0.875,
        0.8888888888888888,
        0.5714285714285714,
        0.8888888888888888,
        0.625,
        1.0
    ]
}