{
    "Bins": [
        20.0,
        21.0,
        22.0,
        23.0,
        24.0,
        25.0,
        26.0,
        27.0,
        28.0,
        29.0,
        30.0,
        31.0,
        32.0,
        33.0,
        34.0,
        35.0,
        36.0,
        37.0,
        38.0,
        39.0,
        40.0,
        41.0,
        42.0,
        43.0,
        44.0,
        45.0,
        46.0,
        47.0,
        48.0,
        49.0,
        50.0,
        51.0,
        52.0,
        53.0,
        54.0,
        55.0,
        56.0,
        57.0,
        58.0,
        59.0,
        60.0
    ],
    "Efficiency": [
        0.9787234042553191,
        0.9421487603305785,
        0.9609375,
        0.9554140127388535,
        0.9414893617021277,
        0.949238578680203,
        0.9565217391304348,
        0.9377162629757786,
        0.9689265536723164,
        0.9635854341736695,
        0.9731051344743277,
        0.9546666666666667,
        0.9376443418013857,
        0.9607390300230947,
        0.9575371549893843,
        0.9572301425661914,
        0.9368029739776952,
        0.9484346224677717,
        0.9357798165137615,
        0.9512987012987013,
        0.9517857142857142,
        0.9562937062937062,
        0.9416498993963782,
        0.9478458049886621,
        0.9397590361445783,
        0.9341317365269461,
        0.9416666666666667,
        0.8888888888888888,
        0.9302325581395349,
        1.0,
        0.92,
        1.0,
        1.0,
        1.0,
        1.0,
        1.0,
        1.0,
        0.8888888888888888,
        1.0,
        1.0
    ]
}