{
    "Bins": [
        20.0,
        21.0,
        22.0,
        23.0,
        24.0,
        25.0,
        26.0,
        27.0,
        28.0,
        29.0,
        30.0,
        31.0,
        32.0,
        33.0,
        34.0,
        35.0,
        36.0,
        37.0,
        38.0,
        39.0,
        40.0,
        41.0,
        42.0,
        43.0,
        44.0,
        45.0,
        46.0,
        47.0,
        48.0,
        49.0,
        50.0,
        51.0,
        52.0,
        53.0,
        54.0,
        55.0,
        56.0,
        57.0,
        58.0,
        59.0,
        60.0
    ],
    "Efficiency": [
        0.9893617021276596,
        0.9752066115702479,
        0.9765625,
        0.9872611464968153,
        0.9840425531914894,
        0.9847715736040609,
        0.9855072463768116,
        0.986159169550173,
        0.9830508474576272,
        0.9775910364145658,
        0.9779951100244498,
        0.9893333333333333,
        0.9607390300230947,
        0.9676674364896074,
        0.970276008492569,
        0.9674134419551935,
        0.9572490706319703,
        0.9650092081031307,
        0.9522935779816514,
        0.9594155844155844,
        0.9517857142857142,
        0.9702797202797203,
        0.9476861167002012,
        0.963718820861678,
        0.9427710843373494,
        0.9341317365269461,
        0.9166666666666666,
        0.9166666666666666,
        0.9302325581395349,
        0.9642857142857143,
        0.92,
        1.0,
        0.9375,
        0.8947368421052632,
        0.875,
        0.8888888888888888,
        0.8571428571428571,
        0.6666666666666666,
        1.0,
        0.8333333333333334
    ]
}