{
    "Bins": [
        20.0,
        21.0,
        22.0,
        23.0,
        24.0,
        25.0,
        26.0,
        27.0,
        28.0,
        29.0,
        30.0,
        31.0,
        32.0,
        33.0,
        34.0,
        35.0,
        36.0,
        37.0,
        38.0,
        39.0,
        40.0,
        41.0,
        42.0,
        43.0,
        44.0,
        45.0,
        46.0,
        47.0,
        48.0,
        49.0,
        50.0,
        51.0,
        52.0,
        53.0,
        54.0,
        55.0,
        56.0,
        57.0,
        58.0,
        59.0,
        60.0
    ],
    "Efficiency": [
        0.9893617021276596,
        0.9834710743801653,
        0.984375,
        0.9745222929936306,
        1.0,
        0.9796954314720813,
        0.9891304347826086,
        0.9792387543252595,
        0.9830508474576272,
        0.9747899159663865,
        0.9902200488997555,
        0.992,
        0.9815242494226328,
        0.9745958429561201,
        0.9872611464968153,
        0.9877800407331976,
        0.9814126394052045,
        0.9871086556169429,
        0.9889908256880734,
        0.9837662337662337,
        0.9821428571428571,
        0.993006993006993,
        0.9758551307847082,
        0.981859410430839,
        0.9819277108433735,
        0.9880239520958084,
        0.9833333333333333,
        0.9861111111111112,
        1.0,
        1.0,
        1.0,
        1.0,
        1.0,
        1.0,
        1.0,
        1.0,
        1.0,
        1.0,
        1.0,
        0.8333333333333334
    ]
}