{
    "Bins": [
        20.0,
        21.0,
        22.0,
        23.0,
        24.0,
        25.0,
        26.0,
        27.0,
        28.0,
        29.0,
        30.0,
        31.0,
        32.0,
        33.0,
        34.0,
        35.0,
        36.0,
        37.0,
        38.0,
        39.0,
        40.0,
        41.0,
        42.0,
        43.0,
        44.0,
        45.0,
        46.0,
        47.0,
        48.0,
        49.0,
        50.0,
        51.0,
        52.0,
        53.0,
        54.0,
        55.0,
        56.0,
        57.0,
        58.0,
        59.0,
        60.0
    ],
    "Efficiency": [
        0.9787234042553191,
        0.9917355371900827,
        0.984375,
        0.9745222929936306,
        0.9893617021276596,
        0.9847715736040609,
        0.9891304347826086,
        0.9792387543252595,
        0.9830508474576272,
        0.9775910364145658,
        0.9877750611246944,
        0.9973333333333333,
        0.9815242494226328,
        0.9792147806004619,
        0.9851380042462845,
        0.9898167006109979,
        0.9758364312267658,
        0.9871086556169429,
        0.9853211009174312,
        0.9821428571428571,
        0.9714285714285714,
        0.9895104895104895,
        0.9818913480885312,
        0.981859410430839,
        0.9789156626506024,
        0.9580838323353293,
        0.9916666666666667,
        0.9722222222222222,
        0.9767441860465116,
        0.9642857142857143,
        0.96,
        0.9285714285714286,
        0.875,
        0.9473684210526315,
        1.0,
        1.0,
        1.0,
        0.8888888888888888,
        1.0,
        1.0
    ]
}