{
    "Bins": [
        20.0,
        21.0,
        22.0,
        23.0,
        24.0,
        25.0,
        26.0,
        27.0,
        28.0,
        29.0,
        30.0,
        31.0,
        32.0,
        33.0,
        34.0,
        35.0,
        36.0,
        37.0,
        38.0,
        39.0,
        40.0,
        41.0,
        42.0,
        43.0,
        44.0,
        45.0,
        46.0,
        47.0,
        48.0,
        49.0,
        50.0,
        51.0,
        52.0,
        53.0,
        54.0,
        55.0,
        56.0,
        57.0,
        58.0,
        59.0,
        60.0
    ],
    "Efficiency": [
        1.0,
        0.9834710743801653,
        1.0,
        1.0,
        0.9787234042553191,
        0.9949238578680203,
        0.9746376811594203,
        0.9653979238754326,
        0.9774011299435028,
        0.9719887955182073,
        0.9706601466992665,
        0.984,
        0.9630484988452656,
        0.976905311778291,
        0.9469214437367304,
        0.9653767820773931,
        0.929368029739777,
        0.9484346224677717,
        0.9302752293577982,
        0.9253246753246753,
        0.9321428571428572,
        0.9388111888111889,
        0.9255533199195171,
        0.9070294784580499,
        0.9216867469879518,
        0.9161676646706587,
        0.9333333333333333,
        0.8888888888888888,
        0.8604651162790697,
        0.9285714285714286,
        0.88,
        1.0,
        0.9375,
        0.8421052631578947,
        1.0,
        0.8888888888888888,
        0.8571428571428571,
        0.8888888888888888,
        0.875,
        1.0
    ]
}