{
    "Bins": [
        20.0,
        21.0,
        22.0,
        23.0,
        24.0,
        25.0,
        26.0,
        27.0,
        28.0,
        29.0,
        30.0,
        31.0,
        32.0,
        33.0,
        34.0,
        35.0,
        36.0,
        37.0,
        38.0,
        39.0,
        40.0,
        41.0,
        42.0,
        43.0,
        44.0,
        45.0,
        46.0,
        47.0,
        48.0,
        49.0,
        50.0,
        51.0,
        52.0,
        53.0,
        54.0,
        55.0,
        56.0,
        57.0,
        58.0,
        59.0,
        60.0
    ],
    "Efficiency": [
        1.0,
        0.9917355371900827,
        0.9921875,
        1.0,
        1.0,
        1.0,
        0.9891304347826086,
        0.9930795847750865,
        0.9915254237288136,
        0.988795518207283,
        0.9853300733496333,
        0.9973333333333333,
        0.9907621247113164,
        0.9884526558891455,
        0.9957537154989384,
        0.9918533604887984,
        0.9869888475836431,
        0.9871086556169429,
        0.981651376146789,
        0.9886363636363636,
        0.9785714285714285,
        0.9825174825174825,
        0.9839034205231388,
        0.9795918367346939,
        0.9759036144578314,
        0.9580838323353293,
        0.975,
        0.9583333333333334,
        0.9767441860465116,
        1.0,
        1.0,
        1.0,
        0.9375,
        1.0,
        1.0,
        1.0,
        1.0,
        1.0,
        1.0,
        1.0
    ]
}