{
    "Bins": [
        20.0,
        21.0,
        22.0,
        23.0,
        24.0,
        25.0,
        26.0,
        27.0,
        28.0,
        29.0,
        30.0,
        31.0,
        32.0,
        33.0,
        34.0,
        35.0,
        36.0,
        37.0,
        38.0,
        39.0,
        40.0,
        41.0,
        42.0,
        43.0,
        44.0,
        45.0,
        46.0,
        47.0,
        48.0,
        49.0,
        50.0,
        51.0,
        52.0,
        53.0,
        54.0,
        55.0,
        56.0,
        57.0,
        58.0,
        59.0,
        60.0
    ],
    "Efficiency": [
        1.0,
        0.9752066115702479,
        1.0,
        0.9936305732484076,
        0.9840425531914894,
        0.9847715736040609,
        0.9927536231884058,
        0.9792387543252595,
        0.9745762711864406,
        0.9831932773109243,
        0.9877750611246944,
        0.9893333333333333,
        0.9861431870669746,
        0.9838337182448037,
        0.9957537154989384,
        0.9857433808553971,
        0.9962825278810409,
        0.994475138121547,
        0.998165137614679,
        1.0,
        0.9964285714285714,
        1.0,
        0.9979879275653923,
        0.9977324263038548,
        0.9939759036144579,
        0.9940119760479041,
        1.0,
        1.0,
        0.9534883720930233,
        1.0,
        1.0,
        0.9285714285714286,
        0.875,
        1.0,
        0.875,
        1.0,
        1.0,
        0.7777777777777778,
        0.75,
        0.6666666666666666
    ]
}