{
    "Bins": [
        20.0,
        21.0,
        22.0,
        23.0,
        24.0,
        25.0,
        26.0,
        27.0,
        28.0,
        29.0,
        30.0,
        31.0,
        32.0,
        33.0,
        34.0,
        35.0,
        36.0,
        37.0,
        38.0,
        39.0,
        40.0,
        41.0,
        42.0,
        43.0,
        44.0,
        45.0,
        46.0,
        47.0,
        48.0,
        49.0,
        50.0,
        51.0,
        52.0,
        53.0,
        54.0,
        55.0,
        56.0,
        57.0,
        58.0,
        59.0,
        60.0
    ],
    "Efficiency": [
        0.9787234042553191,
        0.9504132231404959,
        0.9765625,
        0.9681528662420382,
        0.9521276595744681,
        0.9644670050761421,
        0.9710144927536232,
        0.9446366782006921,
        0.9774011299435028,
        0.9719887955182073,
        0.9731051344743277,
        0.9626666666666667,
        0.9468822170900693,
        0.9584295612009238,
        0.9681528662420382,
        0.9613034623217923,
        0.9423791821561338,
        0.9502762430939227,
        0.9467889908256881,
        0.9577922077922078,
        0.9571428571428572,
        0.965034965034965,
        0.9517102615694165,
        0.9591836734693877,
        0.9367469879518072,
        0.9520958083832335,
        0.95,
        0.9027777777777778,
        0.9302325581395349,
        1.0,
        0.96,
        1.0,
        1.0,
        1.0,
        1.0,
        1.0,
        1.0,
        0.8888888888888888,
        1.0,
        1.0
    ]
}