{
    "Bins": [
        20.0,
        21.0,
        22.0,
        23.0,
        24.0,
        25.0,
        26.0,
        27.0,
        28.0,
        29.0,
        30.0,
        31.0,
        32.0,
        33.0,
        34.0,
        35.0,
        36.0,
        37.0,
        38.0,
        39.0,
        40.0,
        41.0,
        42.0,
        43.0,
        44.0,
        45.0,
        46.0,
        47.0,
        48.0,
        49.0,
        50.0,
        51.0,
        52.0,
        53.0,
        54.0,
        55.0,
        56.0,
        57.0,
        58.0,
        59.0,
        60.0
    ],
    "Efficiency": [
        1.0,
        0.9752066115702479,
        0.96875,
        0.9808917197452229,
        0.9787234042553191,
        0.9746192893401016,
        0.9927536231884058,
        0.9688581314878892,
        0.9830508474576272,
        0.9607843137254902,
        0.9779951100244498,
        0.9786666666666667,
        0.9584295612009238,
        0.9561200923787528,
        0.9660297239915074,
        0.9490835030549898,
        0.9386617100371747,
        0.9392265193370166,
        0.9321100917431193,
        0.9383116883116883,
        0.9410714285714286,
        0.9213286713286714,
        0.9215291750503019,
        0.9160997732426304,
        0.891566265060241,
        0.8922155688622755,
        0.8416666666666667,
        0.7916666666666666,
        0.9069767441860465,
        0.7857142857142857,
        0.88,
        0.8571428571428571,
        0.8125,
        0.6842105263157895,
        0.875,
        0.8888888888888888,
        0.8571428571428571,
        0.5555555555555556,
        1.0,
        0.6666666666666666
    ]
}