{
    "Bins": [
        20.0,
        21.0,
        22.0,
        23.0,
        24.0,
        25.0,
        26.0,
        27.0,
        28.0,
        29.0,
        30.0,
        31.0,
        32.0,
        33.0,
        34.0,
        35.0,
        36.0,
        37.0,
        38.0,
        39.0,
        40.0,
        41.0,
        42.0,
        43.0,
        44.0,
        45.0,
        46.0,
        47.0,
        48.0,
        49.0,
        50.0,
        51.0,
        52.0,
        53.0,
        54.0,
        55.0,
        56.0,
        57.0,
        58.0,
        59.0,
        60.0
    ],
    "Efficiency": [
        0.9787234042553191,
        0.9752066115702479,
        0.984375,
        0.9808917197452229,
        0.973404255319149,
        0.9898477157360406,
        0.9818840579710145,
        0.972318339100346,
        0.9887005649717514,
        0.988795518207283,
        0.9926650366748166,
        0.992,
        0.9815242494226328,
        0.9792147806004619,
        0.9830148619957537,
        0.9877800407331976,
        0.9851301115241635,
        0.9815837937384899,
        0.981651376146789,
        0.9805194805194806,
        0.9732142857142857,
        0.9895104895104895,
        0.9758551307847082,
        0.981859410430839,
        0.9849397590361446,
        0.9580838323353293,
        0.9666666666666667,
        0.9583333333333334,
        0.9767441860465116,
        0.9285714285714286,
        0.96,
        1.0,
        0.8125,
        0.9473684210526315,
        1.0,
        1.0,
        1.0,
        0.8888888888888888,
        1.0,
        1.0
    ]
}