{
    "Bins": [
        20.0,
        21.0,
        22.0,
        23.0,
        24.0,
        25.0,
        26.0,
        27.0,
        28.0,
        29.0,
        30.0,
        31.0,
        32.0,
        33.0,
        34.0,
        35.0,
        36.0,
        37.0,
        38.0,
        39.0,
        40.0,
        41.0,
        42.0,
        43.0,
        44.0,
        45.0,
        46.0,
        47.0,
        48.0,
        49.0,
        50.0,
        51.0,
        52.0,
        53.0,
        54.0,
        55.0,
        56.0,
        57.0,
        58.0,
        59.0,
        60.0
    ],
    "Efficiency": [
        0.9893617021276596,
        0.9752066115702479,
        0.9765625,
        0.9681528662420382,
        0.9680851063829787,
        0.9796954314720813,
        0.9782608695652174,
        0.9619377162629758,
        0.9745762711864406,
        0.9607843137254902,
        0.9682151589242054,
        0.9866666666666667,
        0.9630484988452656,
        0.9653579676674365,
        0.9681528662420382,
        0.955193482688391,
        0.9516728624535316,
        0.9576427255985267,
        0.9522935779816514,
        0.9496753246753247,
        0.95,
        0.9545454545454546,
        0.9436619718309859,
        0.9523809523809523,
        0.9367469879518072,
        0.9341317365269461,
        0.9166666666666666,
        0.8888888888888888,
        0.8837209302325582,
        0.9642857142857143,
        0.92,
        0.8571428571428571,
        0.9375,
        0.8421052631578947,
        1.0,
        0.8888888888888888,
        0.8571428571428571,
        0.6666666666666666,
        1.0,
        0.8333333333333334
    ]
}