{
    "Bins": [
        20.0,
        21.0,
        22.0,
        23.0,
        24.0,
        25.0,
        26.0,
        27.0,
        28.0,
        29.0,
        30.0,
        31.0,
        32.0,
        33.0,
        34.0,
        35.0,
        36.0,
        37.0,
        38.0,
        39.0,
        40.0,
        41.0,
        42.0,
        43.0,
        44.0,
        45.0,
        46.0,
        47.0,
        48.0,
        49.0,
        50.0,
        51.0,
        52.0,
        53.0,
        54.0,
        55.0,
        56.0,
        57.0,
        58.0,
        59.0,
        60.0
    ],
    "Efficiency": [
        1.0,
        1.0,
        1.0,
        1.0,
        1.0,
        1.0,
        1.0,
        0.9965397923875432,
        1.0,
        0.9971988795518207,
        0.9975550122249389,
        1.0,
        0.9953810623556582,
        1.0,
        0.9957537154989384,
        0.9979633401221996,
        0.9907063197026023,
        0.994475138121547,
        0.9908256880733946,
        0.9853896103896104,
        0.9946428571428572,
        0.9912587412587412,
        0.9859154929577465,
        0.9909297052154195,
        0.9819277108433735,
        0.9820359281437125,
        0.975,
        0.9861111111111112,
        0.9534883720930233,
        0.9642857142857143,
        0.96,
        1.0,
        1.0,
        0.8947368421052632,
        1.0,
        0.8888888888888888,
        1.0,
        0.8888888888888888,
        0.875,
        0.8333333333333334
    ]
}