{
    "Bins": [
        20.0,
        21.0,
        22.0,
        23.0,
        24.0,
        25.0,
        26.0,
        27.0,
        28.0,
        29.0,
        30.0,
        31.0,
        32.0,
        33.0,
        34.0,
        35.0,
        36.0,
        37.0,
        38.0,
        39.0,
        40.0,
        41.0,
        42.0,
        43.0,
        44.0,
        45.0,
        46.0,
        47.0,
        48.0,
        49.0,
        50.0,
        51.0,
        52.0,
        53.0,
        54.0,
        55.0,
        56.0,
        57.0,
        58.0,
        59.0,
        60.0
    ],
    "Efficiency": [
        0.9787234042553191,
        0.9256198347107438,
        0.9765625,
        0.9745222929936306,
        0.9787234042553191,
        0.9746192893401016,
        0.9601449275362319,
        0.9584775086505191,
        0.9689265536723164,
        0.9747899159663865,
        0.9559902200488998,
        0.9733333333333334,
        0.9676674364896074,
        0.9676674364896074,
        0.9617834394904459,
        0.9796334012219959,
        0.9628252788104089,
        0.9705340699815838,
        0.9798165137614679,
        0.9642857142857143,
        0.9589285714285715,
        0.9755244755244755,
        0.9678068410462777,
        0.9659863945578231,
        0.963855421686747,
        0.9760479041916168,
        0.975,
        0.9583333333333334,
        1.0,
        1.0,
        0.96,
        1.0,
        1.0,
        1.0,
        1.0,
        1.0,
        1.0,
        1.0,
        1.0,
        1.0
    ]
}