{
    "Bins": [
        20.0,
        21.0,
        22.0,
        23.0,
        24.0,
        25.0,
        26.0,
        27.0,
        28.0,
        29.0,
        30.0,
        31.0,
        32.0,
        33.0,
        34.0,
        35.0,
        36.0,
        37.0,
        38.0,
        39.0,
        40.0,
        41.0,
        42.0,
        43.0,
        44.0,
        45.0,
        46.0,
        47.0,
        48.0,
        49.0,
        50.0,
        51.0,
        52.0,
        53.0,
        54.0,
        55.0,
        56.0,
        57.0,
        58.0,
        59.0,
        60.0
    ],
    "Efficiency": [
        1.0,
        1.0,
        1.0,
        1.0,
        0.9946808510638298,
        0.9949238578680203,
        0.9891304347826086,
        0.9896193771626297,
        0.9943502824858758,
        0.9943977591036415,
        0.9902200488997555,
        0.9946666666666667,
        0.9884526558891455,
        0.9861431870669746,
        0.9851380042462845,
        0.9918533604887984,
        0.9888475836431226,
        0.9871086556169429,
        0.9798165137614679,
        0.987012987012987,
        0.9785714285714285,
        0.9807692307692307,
        0.9758551307847082,
        0.9909297052154195,
        0.9789156626506024,
        0.9640718562874252,
        0.975,
        0.9861111111111112,
        0.9302325581395349,
        1.0,
        0.96,
        0.9285714285714286,
        0.9375,
        0.8947368421052632,
        1.0,
        1.0,
        1.0,
        1.0,
        1.0,
        1.0
    ]
}