Classifier,Accuracy,TN,FP,FN,TP,Precision,Recall,F1,MSE
ExtraTreesClassifier,0.9689922480620154,27492.0,-1118.0,-314.0,17258.0,0.9391597736177624,0.9821306624174824,0.9601646823189052,-0.0310077519379844
MLPClassifier,0.9681910701138972,27693.0,-917.0,-552.0,17020.0,0.9488766237386408,0.9685863874345548,0.9586302064265396,-0.0318089298861028
RandomForestClassifier,0.9672166645013208,27542.0,-1068.0,-446.0,17126.0,0.941299329449269,0.9746187115866152,0.9576692948610412,-0.0327833354986791
VotingClassifier,0.9500021653458056,27822.0,-788.0,-1521.0,16051.0,0.9532038719638932,0.9134418392897792,0.9328993635756008,-0.0499978346541942
DummyClassifier,0.6195054350179724,28610.0,-0.0,-17572.0,0.0,0.0,0.0,0.0,-0.3804945649820276
