{
    "Precision": [
        0.40952827069326575,
        0.8611133784997143,
        0.8611492876484916,
        0.8611689460434102,
        1.0
    ],
    "Recall": [
        1.0,
        0.8517621412135158,
        0.8516006620645109,
        0.8515737488730101,
        0.0
    ],
    "Precision-Recall AUC": 0.8868021383098257,
    "Chance Level": 0.40952827069326575
}