{
    "Precision": [
        0.40952827069326575,
        0.6764901150781941,
        0.68336531475306,
        0.6889323565645071,
        0.7087122788246251,
        0.7105127237330896,
        0.8709087650116508,
        0.8766411378555798,
        0.880036866359447,
        0.8844347792617682,
        0.8905454545454545,
        0.910625872794211,
        1.0
    ],
    "Recall": [
        1.0,
        0.9872296906328637,
        0.9872027774413629,
        0.9858167480790709,
        0.9626310336011196,
        0.9625906638138684,
        0.6538290743207783,
        0.6469258407008195,
        0.6424447943159339,
        0.6184247709014573,
        0.09886560897824069,
        0.09652416131766986,
        0.0
    ],
    "Precision-Recall AUC": 0.8548583158192301,
    "Chance Level": 0.40952827069326575
}