{
    "Precision": [
        0.40952827069326575,
        0.8563858548718504,
        0.8564262729509748,
        1.0
    ],
    "Recall": [
        1.0,
        0.8525022539797882,
        0.8523811446180345,
        0.0
    ],
    "Precision-Recall AUC": 0.8846548345982752,
    "Chance Level": 0.40952827069326575
}