{
    "Precision": [
        0.40952827069326575,
        0.7990395351610351,
        0.838425470332851,
        0.8673974716304997,
        0.893890263674375,
        0.9190299441154391,
        1.0
    ],
    "Recall": [
        1.0,
        0.9918722161667541,
        0.9745132076487291,
        0.9380727463566267,
        0.8457874127003351,
        0.5930725445076904,
        0.0
    ],
    "Precision-Recall AUC": 0.92961280567783,
    "Chance Level": 0.40952827069326575
}