{
    "Precision": [
        0.40952827069326575,
        0.7882993487776235,
        0.8185348434971824,
        0.818543977503515,
        0.8372581370931453,
        0.8372562593746394,
        0.8372659197636987,
        0.8529260872158921,
        0.8529345089663894,
        0.8529446857251944,
        0.8669360336130287,
        0.8669451295844127,
        0.8669434804164601,
        0.8669418312076252,
        0.866952576910682,
        0.8796596276201257,
        0.8796710731758093,
        0.8796695075141501,
        0.8925259061937769,
        0.8925383542538354,
        0.892550802661125,
        0.8925478053475041,
        0.8925572572321254,
        0.8925557585817304,
        0.8925542598895274,
        0.9055566800043594,
        0.9055552095659214,
        0.9055522685516769,
        0.9055663682366679,
        0.9055745873559639,
        0.9055731169902989,
        0.9055716465788408,
        0.9055701761215877,
        0.9188927860460707,
        0.9188912482936448,
        0.9188789441747572,
        0.9188774058974116,
        0.9188712522045855,
        0.9188666363222576,
        0.9188650975780909,
        0.9188620199146514,
        0.9349058809774348,
        0.9349039782526088,
        0.9349020754165449,
        0.9349001724692333,
        0.9349198924102444,
        0.9349574474307607,
        0.9349555451567618,
        0.9349752830023108,
        0.9350026326566431,
        0.9349988298619237,
        1.0
    ],
    "Recall": [
        1.0,
        0.9936350302100575,
        0.9870816680796092,
        0.9870816680796092,
        0.9764913272240389,
        0.9764778706282885,
        0.9764778706282885,
        0.9619851170051,
        0.9619716604093497,
        0.9619716604093497,
        0.9412485029537228,
        0.9412350463579724,
        0.9412215897622219,
        0.9412081331664716,
        0.9412081331664716,
        0.9097735254935206,
        0.9097735254935206,
        0.9097600688977703,
        0.8611548450472999,
        0.8611548450472999,
        0.8611548450472999,
        0.8611279318557992,
        0.8611010186642983,
        0.8610875620685479,
        0.8610741054727975,
        0.782675978630926,
        0.7826625220351755,
        0.7826356088436748,
        0.7826356088436748,
        0.7825817824606731,
        0.7825683258649226,
        0.7825548692691723,
        0.7825414126734219,
        0.6522008262349791,
        0.6521873696392286,
        0.6520797168732254,
        0.652066260277475,
        0.6520124338944734,
        0.6519720641072222,
        0.6519586075114717,
        0.6519316943199709,
        0.4304092150767699,
        0.43039575848101946,
        0.43038230188526905,
        0.43036884528951863,
        0.430315018906517,
        0.4301939095447634,
        0.43018045294901297,
        0.4301266265660113,
        0.4301266265660113,
        0.43009971337451053,
        0.0
    ],
    "Precision-Recall AUC": 0.9300664355565827,
    "Chance Level": 0.40952827069326575
}