{
    "Bins": [
        20.0,
        21.0,
        22.0,
        23.0,
        24.0,
        25.0,
        26.0,
        27.0,
        28.0,
        29.0,
        30.0,
        31.0,
        32.0,
        33.0,
        34.0,
        35.0,
        36.0,
        37.0,
        38.0,
        39.0,
        40.0,
        41.0,
        42.0,
        43.0,
        44.0,
        45.0,
        46.0,
        47.0,
        48.0,
        49.0,
        50.0,
        51.0,
        52.0,
        53.0,
        54.0,
        55.0,
        56.0,
        57.0,
        58.0,
        59.0,
        60.0
    ],
    "Efficiency": [
        0.9833759590792839,
        0.9858233369683751,
        0.9794200187090739,
        0.9752475247524752,
        0.9716981132075472,
        0.9759949463044851,
        0.9777173913043479,
        0.9726093224411341,
        0.9707835325365206,
        0.9708365310821182,
        0.9678002894356006,
        0.9674991447143346,
        0.9714557564224549,
        0.9630408653846154,
        0.9650043744531933,
        0.9538502817279313,
        0.9501272264631043,
        0.9576059850374065,
        0.9473929236499069,
        0.9436920883820384,
        0.9350315494274363,
        0.9448931116389548,
        0.9406307977736549,
        0.933272115090297,
        0.9339781328847772,
        0.9052069425901201,
        0.9300225733634312,
        0.9011857707509882,
        0.9103641456582633,
        0.9008264462809917,
        0.9135135135135135,
        0.8947368421052632,
        0.8867924528301887,
        0.8444444444444444,
        0.9418604651162791,
        0.8813559322033898,
        0.8529411764705882,
        0.8301886792452831,
        0.864406779661017,
        0.8611111111111112
    ]
}