{
    "Bins": [
        20.0,
        21.0,
        22.0,
        23.0,
        24.0,
        25.0,
        26.0,
        27.0,
        28.0,
        29.0,
        30.0,
        31.0,
        32.0,
        33.0,
        34.0,
        35.0,
        36.0,
        37.0,
        38.0,
        39.0,
        40.0,
        41.0,
        42.0,
        43.0,
        44.0,
        45.0,
        46.0,
        47.0,
        48.0,
        49.0,
        50.0,
        51.0,
        52.0,
        53.0,
        54.0,
        55.0,
        56.0,
        57.0,
        58.0,
        59.0,
        60.0
    ],
    "Efficiency": [
        0.9833759590792839,
        0.9858233369683751,
        0.980355472404116,
        0.976897689768977,
        0.9716981132075472,
        0.9759949463044851,
        0.9782608695652174,
        0.9735703988467083,
        0.9712262062859672,
        0.9716039907904835,
        0.9688856729377714,
        0.9674991447143346,
        0.9720900729464003,
        0.9639423076923077,
        0.9652960046660835,
        0.953581969412396,
        0.9506361323155216,
        0.958354114713217,
        0.9483240223463687,
        0.9439296745070088,
        0.9352652488899276,
        0.9446555819477435,
        0.9411608799363902,
        0.9338842975206612,
        0.9348191757779647,
        0.9058744993324432,
        0.9300225733634312,
        0.9011857707509882,
        0.9131652661064426,
        0.9008264462809917,
        0.9135135135135135,
        0.9022556390977443,
        0.8867924528301887,
        0.8555555555555555,
        0.9418604651162791,
        0.8813559322033898,
        0.8676470588235294,
        0.8301886792452831,
        0.864406779661017,
        0.8611111111111112
    ]
}