{
    "Bins": [
        20.0,
        21.0,
        22.0,
        23.0,
        24.0,
        25.0,
        26.0,
        27.0,
        28.0,
        29.0,
        30.0,
        31.0,
        32.0,
        33.0,
        34.0,
        35.0,
        36.0,
        37.0,
        38.0,
        39.0,
        40.0,
        41.0,
        42.0,
        43.0,
        44.0,
        45.0,
        46.0,
        47.0,
        48.0,
        49.0,
        50.0,
        51.0,
        52.0,
        53.0,
        54.0,
        55.0,
        56.0,
        57.0,
        58.0,
        59.0,
        60.0
    ],
    "Efficiency": [
        0.9987212276214834,
        0.9989094874591058,
        0.9971936389148737,
        0.9966996699669967,
        0.9920174165457184,
        0.9911560328490209,
        0.9902173913043478,
        0.9889476213358962,
        0.9880478087649402,
        0.9907904834996163,
        0.9905933429811867,
        0.9907629148135477,
        0.9911195686647637,
        0.9873798076923077,
        0.9906678331875183,
        0.9847061980144889,
        0.9849872773536895,
        0.9882793017456359,
        0.9851024208566108,
        0.980280351627465,
        0.9775648516008413,
        0.9790973871733967,
        0.974025974025974,
        0.9647995102540557,
        0.9638351555929352,
        0.9299065420560748,
        0.9266365688487584,
        0.857707509881423,
        0.8011204481792717,
        0.7644628099173554,
        0.7189189189189189,
        0.5789473684210527,
        0.5377358490566038,
        0.45555555555555555,
        0.3023255813953488,
        0.3898305084745763,
        0.27941176470588236,
        0.2830188679245283,
        0.1694915254237288,
        0.08333333333333333
    ]
}