{
    "Bins": [
        20.0,
        21.0,
        22.0,
        23.0,
        24.0,
        25.0,
        26.0,
        27.0,
        28.0,
        29.0,
        30.0,
        31.0,
        32.0,
        33.0,
        34.0,
        35.0,
        36.0,
        37.0,
        38.0,
        39.0,
        40.0,
        41.0,
        42.0,
        43.0,
        44.0,
        45.0,
        46.0,
        47.0,
        48.0,
        49.0,
        50.0,
        51.0,
        52.0,
        53.0,
        54.0,
        55.0,
        56.0,
        57.0,
        58.0,
        59.0,
        60.0
    ],
    "Efficiency": [
        0.9936061381074168,
        0.9967284623773174,
        0.9878391019644528,
        0.976897689768977,
        0.965166908563135,
        0.9463044851547694,
        0.9233695652173913,
        0.9173474291206151,
        0.9194333776007083,
        0.93207981580967,
        0.9272793053545586,
        0.9421826890181321,
        0.950523311132255,
        0.9567307692307693,
        0.9620880723242928,
        0.9594848403541723,
        0.962086513994911,
        0.9748129675810474,
        0.9720670391061452,
        0.9705393205036826,
        0.9717223650385605,
        0.973396674584323,
        0.9724357275377683,
        0.9644934190388735,
        0.9655172413793104,
        0.9492656875834445,
        0.9695259593679458,
        0.9130434782608695,
        0.8851540616246498,
        0.8842975206611571,
        0.8864864864864865,
        0.7894736842105263,
        0.7358490566037735,
        0.6666666666666666,
        0.6511627906976745,
        0.6271186440677966,
        0.4411764705882353,
        0.32075471698113206,
        0.23728813559322035,
        0.1388888888888889
    ]
}