{
    "Bins": [
        20.0,
        21.0,
        22.0,
        23.0,
        24.0,
        25.0,
        26.0,
        27.0,
        28.0,
        29.0,
        30.0,
        31.0,
        32.0,
        33.0,
        34.0,
        35.0,
        36.0,
        37.0,
        38.0,
        39.0,
        40.0,
        41.0,
        42.0,
        43.0,
        44.0,
        45.0,
        46.0,
        47.0,
        48.0,
        49.0,
        50.0,
        51.0,
        52.0,
        53.0,
        54.0,
        55.0,
        56.0,
        57.0,
        58.0,
        59.0,
        60.0
    ],
    "Efficiency": [
        0.9859335038363172,
        0.9869138495092693,
        0.9812909260991581,
        0.9793729372937293,
        0.97677793904209,
        0.9804169298799748,
        0.9836956521739131,
        0.9788563190773667,
        0.9747675962815405,
        0.9758250191864927,
        0.9775687409551375,
        0.9726308587068081,
        0.978116079923882,
        0.9690504807692307,
        0.9720034995625547,
        0.9627045881405957,
        0.9603053435114504,
        0.9668329177057357,
        0.9592644320297952,
        0.9553338085055832,
        0.9450806263145595,
        0.959144893111639,
        0.9525576464351975,
        0.948270584634221,
        0.9440706476030277,
        0.9192256341789052,
        0.9435665914221218,
        0.9229249011857708,
        0.9131652661064426,
        0.9132231404958677,
        0.9405405405405406,
        0.9097744360902256,
        0.9150943396226415,
        0.9,
        0.9534883720930233,
        0.9152542372881356,
        0.8823529411764706,
        0.8301886792452831,
        0.8983050847457628,
        0.8611111111111112
    ]
}