{
    "Bins": [
        20.0,
        21.0,
        22.0,
        23.0,
        24.0,
        25.0,
        26.0,
        27.0,
        28.0,
        29.0,
        30.0,
        31.0,
        32.0,
        33.0,
        34.0,
        35.0,
        36.0,
        37.0,
        38.0,
        39.0,
        40.0,
        41.0,
        42.0,
        43.0,
        44.0,
        45.0,
        46.0,
        47.0,
        48.0,
        49.0,
        50.0,
        51.0,
        52.0,
        53.0,
        54.0,
        55.0,
        56.0,
        57.0,
        58.0,
        59.0,
        60.0
    ],
    "Efficiency": [
        0.9820971867007673,
        0.9847328244274809,
        0.971000935453695,
        0.9603960396039604,
        0.9484760522496372,
        0.9241945672773215,
        0.8940217391304348,
        0.8904372897645363,
        0.8928729526339088,
        0.9013814274750576,
        0.9081041968162084,
        0.9168662333219295,
        0.9330796067237551,
        0.9341947115384616,
        0.9425488480606591,
        0.9385564797424202,
        0.9358778625954198,
        0.9466334164588529,
        0.9371508379888268,
        0.9349014017581373,
        0.9270857677027343,
        0.9370546318289786,
        0.9313543599257885,
        0.9216406489133762,
        0.9255677039529016,
        0.8885180240320427,
        0.909706546275395,
        0.8616600790513834,
        0.8263305322128851,
        0.7644628099173554,
        0.7513513513513513,
        0.6541353383458647,
        0.6037735849056604,
        0.5222222222222223,
        0.6162790697674418,
        0.6271186440677966,
        0.47058823529411764,
        0.33962264150943394,
        0.3898305084745763,
        0.3333333333333333
    ]
}