{
    "Bins": [
        20.0,
        21.0,
        22.0,
        23.0,
        24.0,
        25.0,
        26.0,
        27.0,
        28.0,
        29.0,
        30.0,
        31.0,
        32.0,
        33.0,
        34.0,
        35.0,
        36.0,
        37.0,
        38.0,
        39.0,
        40.0,
        41.0,
        42.0,
        43.0,
        44.0,
        45.0,
        46.0,
        47.0,
        48.0,
        49.0,
        50.0,
        51.0,
        52.0,
        53.0,
        54.0,
        55.0,
        56.0,
        57.0,
        58.0,
        59.0,
        60.0
    ],
    "Efficiency": [
        0.9872122762148338,
        0.9858233369683751,
        0.9532273152478953,
        0.929042904290429,
        0.8831640058055152,
        0.8275426405559065,
        0.7630434782608696,
        0.735223450264296,
        0.7618415227976981,
        0.7659247889485802,
        0.7836468885672938,
        0.8053369825521725,
        0.8315889628924833,
        0.8449519230769231,
        0.8553514144065325,
        0.8685269653877113,
        0.8679389312977099,
        0.8870324189526184,
        0.8936219739292365,
        0.8978379662627702,
        0.8955363402664174,
        0.8978622327790974,
        0.9040551285449244,
        0.896541169268442,
        0.87973086627418,
        0.8611481975967957,
        0.8487584650112867,
        0.7905138339920948,
        0.7086834733893558,
        0.6694214876033058,
        0.6162162162162163,
        0.6616541353383458,
        0.5566037735849056,
        0.5,
        0.6511627906976745,
        0.559322033898305,
        0.5294117647058824,
        0.37735849056603776,
        0.4067796610169492,
        0.4444444444444444
    ]
}