{
    "Bins": [
        20.0,
        21.0,
        22.0,
        23.0,
        24.0,
        25.0,
        26.0,
        27.0,
        28.0,
        29.0,
        30.0,
        31.0,
        32.0,
        33.0,
        34.0,
        35.0,
        36.0,
        37.0,
        38.0,
        39.0,
        40.0,
        41.0,
        42.0,
        43.0,
        44.0,
        45.0,
        46.0,
        47.0,
        48.0,
        49.0,
        50.0,
        51.0,
        52.0,
        53.0,
        54.0,
        55.0,
        56.0,
        57.0,
        58.0,
        59.0,
        60.0
    ],
    "Efficiency": [
        0.9846547314578005,
        0.9869138495092693,
        0.9850327408793265,
        0.9793729372937293,
        0.9775036284470247,
        0.9797852179406191,
        0.9836956521739131,
        0.9788563190773667,
        0.9783089862771137,
        0.9792785878741366,
        0.9811866859623734,
        0.9770783441669517,
        0.9831906121154456,
        0.9753605769230769,
        0.9760863225430154,
        0.9704856452911189,
        0.9687022900763359,
        0.9750623441396509,
        0.9702048417132216,
        0.9681634592539796,
        0.9598036924515073,
        0.9703087885985748,
        0.9652796183408429,
        0.9657177838996021,
        0.9676198486122792,
        0.9506008010680908,
        0.9672686230248307,
        0.9407114624505929,
        0.9439775910364145,
        0.9545454545454546,
        0.9621621621621622,
        0.9323308270676691,
        0.9528301886792453,
        0.9111111111111111,
        0.9651162790697675,
        0.9322033898305084,
        0.8970588235294118,
        0.8867924528301887,
        0.9322033898305084,
        0.8611111111111112
    ]
}