{
    "Bins": [
        20.0,
        21.0,
        22.0,
        23.0,
        24.0,
        25.0,
        26.0,
        27.0,
        28.0,
        29.0,
        30.0,
        31.0,
        32.0,
        33.0,
        34.0,
        35.0,
        36.0,
        37.0,
        38.0,
        39.0,
        40.0,
        41.0,
        42.0,
        43.0,
        44.0,
        45.0,
        46.0,
        47.0,
        48.0,
        49.0,
        50.0,
        51.0,
        52.0,
        53.0,
        54.0,
        55.0,
        56.0,
        57.0,
        58.0,
        59.0,
        60.0
    ],
    "Efficiency": [
        0.9641943734015346,
        0.965103598691385,
        0.960710944808232,
        0.9521452145214522,
        0.9586357039187228,
        0.9576753000631711,
        0.9570652173913043,
        0.9432964920711197,
        0.9406817175741479,
        0.9382194934765925,
        0.934876989869754,
        0.9261033185083818,
        0.9305423406279734,
        0.9176682692307693,
        0.9186351706036745,
        0.9039441910383686,
        0.9007633587786259,
        0.9064837905236908,
        0.890828677839851,
        0.8702779757662152,
        0.8738022902547324,
        0.8755344418052257,
        0.8648290485025178,
        0.8640955004591369,
        0.843986543313709,
        0.8170894526034713,
        0.8611738148984198,
        0.7984189723320159,
        0.8011204481792717,
        0.7768595041322314,
        0.772972972972973,
        0.7218045112781954,
        0.7264150943396226,
        0.7333333333333333,
        0.8372093023255814,
        0.7966101694915254,
        0.7058823529411765,
        0.6415094339622641,
        0.6610169491525424,
        0.6944444444444444
    ]
}