{
    "Bins": [
        20.0,
        21.0,
        22.0,
        23.0,
        24.0,
        25.0,
        26.0,
        27.0,
        28.0,
        29.0,
        30.0,
        31.0,
        32.0,
        33.0,
        34.0,
        35.0,
        36.0,
        37.0,
        38.0,
        39.0,
        40.0,
        41.0,
        42.0,
        43.0,
        44.0,
        45.0,
        46.0,
        47.0,
        48.0,
        49.0,
        50.0,
        51.0,
        52.0,
        53.0,
        54.0,
        55.0,
        56.0,
        57.0,
        58.0,
        59.0,
        60.0
    ],
    "Efficiency": [
        0.9961636828644501,
        0.9934569247546347,
        0.9822263797942001,
        0.9727722772277227,
        0.9462989840348331,
        0.9128237523689198,
        0.8728260869565218,
        0.8644882268140317,
        0.8787073926516158,
        0.8894858019953953,
        0.9077424023154848,
        0.9131029763941156,
        0.9352997145575642,
        0.94140625,
        0.9588801399825022,
        0.9538502817279313,
        0.9597964376590331,
        0.971072319201995,
        0.9746275605214153,
        0.9710144927536232,
        0.9728908623510166,
        0.975771971496437,
        0.9732308507818712,
        0.9700030609121518,
        0.9722455845248108,
        0.9559412550066756,
        0.9559819413092551,
        0.9150197628458498,
        0.8319327731092437,
        0.7933884297520661,
        0.7351351351351352,
        0.6466165413533834,
        0.660377358490566,
        0.4666666666666667,
        0.5465116279069767,
        0.5254237288135594,
        0.5,
        0.37735849056603776,
        0.4745762711864407,
        0.3888888888888889
    ]
}