{
    "Bins": [
        20.0,
        21.0,
        22.0,
        23.0,
        24.0,
        25.0,
        26.0,
        27.0,
        28.0,
        29.0,
        30.0,
        31.0,
        32.0,
        33.0,
        34.0,
        35.0,
        36.0,
        37.0,
        38.0,
        39.0,
        40.0,
        41.0,
        42.0,
        43.0,
        44.0,
        45.0,
        46.0,
        47.0,
        48.0,
        49.0,
        50.0,
        51.0,
        52.0,
        53.0,
        54.0,
        55.0,
        56.0,
        57.0,
        58.0,
        59.0,
        60.0
    ],
    "Efficiency": [
        0.9948849104859335,
        0.9945474372955289,
        0.9831618334892422,
        0.9678217821782178,
        0.951378809869376,
        0.9431459254579911,
        0.9402173913043478,
        0.9197501201345507,
        0.9189907038512616,
        0.9255564082885649,
        0.9138929088277858,
        0.9336298323640095,
        0.9422771963209642,
        0.9498197115384616,
        0.9629629629629629,
        0.9557284679366783,
        0.9597964376590331,
        0.9660847880299251,
        0.965316573556797,
        0.9588976003801378,
        0.9586351951390512,
        0.966270783847981,
        0.96448449509674,
        0.9599020508111418,
        0.964255677039529,
        0.937917222963952,
        0.9356659142212189,
        0.8596837944664032,
        0.834733893557423,
        0.8099173553719008,
        0.8,
        0.7368421052631579,
        0.7264150943396226,
        0.7111111111111111,
        0.7093023255813954,
        0.7796610169491526,
        0.7205882352941176,
        0.6415094339622641,
        0.711864406779661,
        0.6666666666666666
    ]
}