{
    "Bins": [
        20.0,
        21.0,
        22.0,
        23.0,
        24.0,
        25.0,
        26.0,
        27.0,
        28.0,
        29.0,
        30.0,
        31.0,
        32.0,
        33.0,
        34.0,
        35.0,
        36.0,
        37.0,
        38.0,
        39.0,
        40.0,
        41.0,
        42.0,
        43.0,
        44.0,
        45.0,
        46.0,
        47.0,
        48.0,
        49.0,
        50.0,
        51.0,
        52.0,
        53.0,
        54.0,
        55.0,
        56.0,
        57.0,
        58.0,
        59.0,
        60.0
    ],
    "Efficiency": [
        0.9961636828644501,
        0.9967284623773174,
        0.9840972871842844,
        0.9752475247524752,
        0.9586357039187228,
        0.9374605180037903,
        0.9032608695652173,
        0.8962037481979818,
        0.8981850376272688,
        0.9090560245587107,
        0.9193198263386396,
        0.928840232637701,
        0.9457659372026641,
        0.9489182692307693,
        0.9606299212598425,
        0.9610947142473839,
        0.9623409669211196,
        0.9765586034912718,
        0.9706703910614525,
        0.9693513898788311,
        0.9733582612759991,
        0.9774346793349169,
        0.9753511794328121,
        0.9693908784817876,
        0.9709840201850294,
        0.9479305740987984,
        0.9593679458239278,
        0.8972332015810277,
        0.8571428571428571,
        0.7933884297520661,
        0.8108108108108109,
        0.6541353383458647,
        0.6698113207547169,
        0.5222222222222223,
        0.5697674418604651,
        0.559322033898305,
        0.5,
        0.4339622641509434,
        0.4067796610169492,
        0.3333333333333333
    ]
}