{
    "Bins": [
        20.0,
        21.0,
        22.0,
        23.0,
        24.0,
        25.0,
        26.0,
        27.0,
        28.0,
        29.0,
        30.0,
        31.0,
        32.0,
        33.0,
        34.0,
        35.0,
        36.0,
        37.0,
        38.0,
        39.0,
        40.0,
        41.0,
        42.0,
        43.0,
        44.0,
        45.0,
        46.0,
        47.0,
        48.0,
        49.0,
        50.0,
        51.0,
        52.0,
        53.0,
        54.0,
        55.0,
        56.0,
        57.0,
        58.0,
        59.0,
        60.0
    ],
    "Efficiency": [
        0.9731457800511509,
        0.9738276990185387,
        0.9794200187090739,
        0.9727722772277227,
        0.9731494920174165,
        0.9810486418193304,
        0.9820652173913044,
        0.9846227775108121,
        0.9800796812749004,
        0.9827321565617805,
        0.9866136034732272,
        0.990078686281218,
        0.990802410402791,
        0.9855769230769231,
        0.9854184893554973,
        0.9841695733834183,
        0.9862595419847329,
        0.9860349127182045,
        0.9878957169459963,
        0.9871703492516037,
        0.9838747370881047,
        0.9876484560570071,
        0.987012987012987,
        0.9853076216712581,
        0.9890664423885618,
        0.9846461949265688,
        0.9887133182844243,
        0.9782608695652174,
        0.988795518207283,
        0.9917355371900827,
        0.9891891891891892,
        0.9849624060150376,
        0.9811320754716981,
        0.9777777777777777,
        0.9883720930232558,
        0.9491525423728814,
        0.9852941176470589,
        1.0,
        1.0,
        1.0
    ]
}