{
    "Bins": [
        20.0,
        21.0,
        22.0,
        23.0,
        24.0,
        25.0,
        26.0,
        27.0,
        28.0,
        29.0,
        30.0,
        31.0,
        32.0,
        33.0,
        34.0,
        35.0,
        36.0,
        37.0,
        38.0,
        39.0,
        40.0,
        41.0,
        42.0,
        43.0,
        44.0,
        45.0,
        46.0,
        47.0,
        48.0,
        49.0,
        50.0,
        51.0,
        52.0,
        53.0,
        54.0,
        55.0,
        56.0,
        57.0,
        58.0,
        59.0,
        60.0
    ],
    "Efficiency": [
        0.9475703324808185,
        0.9563794983642312,
        0.9597754911131899,
        0.9405940594059405,
        0.9426705370101597,
        0.9431459254579911,
        0.9478260869565217,
        0.9437770302739068,
        0.9446657813191678,
        0.9412893323100537,
        0.9363241678726484,
        0.9408142319534725,
        0.9410085632730733,
        0.9329927884615384,
        0.9215514727325751,
        0.9178964314462034,
        0.9101781170483461,
        0.91571072319202,
        0.9006052141527002,
        0.904727963886909,
        0.8857209628417855,
        0.9,
        0.9019347998939836,
        0.8901132537496174,
        0.8873002523128679,
        0.8718291054739653,
        0.9006772009029346,
        0.8379446640316206,
        0.8179271708683473,
        0.8388429752066116,
        0.8864864864864865,
        0.8345864661654135,
        0.8867924528301887,
        0.7555555555555555,
        0.8023255813953488,
        0.7966101694915254,
        0.8235294117647058,
        0.7547169811320755,
        0.847457627118644,
        0.75
    ]
}