{
    "Bins": [
        20.0,
        21.0,
        22.0,
        23.0,
        24.0,
        25.0,
        26.0,
        27.0,
        28.0,
        29.0,
        30.0,
        31.0,
        32.0,
        33.0,
        34.0,
        35.0,
        36.0,
        37.0,
        38.0,
        39.0,
        40.0,
        41.0,
        42.0,
        43.0,
        44.0,
        45.0,
        46.0,
        47.0,
        48.0,
        49.0,
        50.0,
        51.0,
        52.0,
        53.0,
        54.0,
        55.0,
        56.0,
        57.0,
        58.0,
        59.0,
        60.0
    ],
    "Efficiency": [
        0.9820971867007673,
        0.9825517993456925,
        0.9840972871842844,
        0.9834983498349835,
        0.9811320754716981,
        0.9861023373341756,
        0.9853260869565217,
        0.9827006246996636,
        0.981850376272687,
        0.9858019953952417,
        0.98589001447178,
        0.9876838864180636,
        0.9857278782112274,
        0.9822716346153846,
        0.9833770778652668,
        0.9801448886503891,
        0.982442748091603,
        0.982793017456359,
        0.9818435754189944,
        0.9788548348776431,
        0.9710212666510867,
        0.978147268408551,
        0.9750861383514444,
        0.9733700642791552,
        0.9705634987384356,
        0.965287049399199,
        0.9695259593679458,
        0.9565217391304348,
        0.9355742296918768,
        0.9628099173553719,
        0.9675675675675676,
        0.9172932330827067,
        0.9339622641509434,
        0.9111111111111111,
        0.9186046511627907,
        0.9152542372881356,
        0.8676470588235294,
        0.7547169811320755,
        0.847457627118644,
        0.8055555555555556
    ]
}