{
    "Bins": [
        20.0,
        21.0,
        22.0,
        23.0,
        24.0,
        25.0,
        26.0,
        27.0,
        28.0,
        29.0,
        30.0,
        31.0,
        32.0,
        33.0,
        34.0,
        35.0,
        36.0,
        37.0,
        38.0,
        39.0,
        40.0,
        41.0,
        42.0,
        43.0,
        44.0,
        45.0,
        46.0,
        47.0,
        48.0,
        49.0,
        50.0,
        51.0,
        52.0,
        53.0,
        54.0,
        55.0,
        56.0,
        57.0,
        58.0,
        59.0,
        60.0
    ],
    "Efficiency": [
        0.969309462915601,
        0.9661941112322792,
        0.9635173058933583,
        0.948019801980198,
        0.951378809869376,
        0.9475679090334808,
        0.9532608695652174,
        0.9428159538683325,
        0.9375830013280213,
        0.9347659247889486,
        0.928726483357453,
        0.9226821758467328,
        0.9184903266730098,
        0.9089543269230769,
        0.9093030037911928,
        0.8875771397907164,
        0.8811704834605598,
        0.8750623441396509,
        0.8624301675977654,
        0.8498455690187693,
        0.8305678896938538,
        0.8410926365795725,
        0.8261330506228466,
        0.8086929905111724,
        0.7872161480235492,
        0.7696929238985314,
        0.781038374717833,
        0.7569169960474308,
        0.7254901960784313,
        0.6983471074380165,
        0.7081081081081081,
        0.6691729323308271,
        0.6415094339622641,
        0.6333333333333333,
        0.7441860465116279,
        0.711864406779661,
        0.6470588235294118,
        0.4716981132075472,
        0.5423728813559322,
        0.5
    ]
}