{
    "Bins": [
        20.0,
        21.0,
        22.0,
        23.0,
        24.0,
        25.0,
        26.0,
        27.0,
        28.0,
        29.0,
        30.0,
        31.0,
        32.0,
        33.0,
        34.0,
        35.0,
        36.0,
        37.0,
        38.0,
        39.0,
        40.0,
        41.0,
        42.0,
        43.0,
        44.0,
        45.0,
        46.0,
        47.0,
        48.0,
        49.0,
        50.0,
        51.0,
        52.0,
        53.0,
        54.0,
        55.0,
        56.0,
        57.0,
        58.0,
        59.0,
        60.0
    ],
    "Efficiency": [
        0.9936061381074168,
        0.9945474372955289,
        0.9869036482694107,
        0.9777227722772277,
        0.9600870827285921,
        0.9387239418825016,
        0.9244565217391304,
        0.9207111965401249,
        0.9243027888446215,
        0.9339984650805833,
        0.926917510853835,
        0.9384194320903182,
        0.9502061528702823,
        0.9597355769230769,
        0.9655876348789735,
        0.9629729004561309,
        0.9669211195928753,
        0.9755610972568578,
        0.9732309124767226,
        0.9693513898788311,
        0.9679831736387007,
        0.9738717339667459,
        0.9668698648290485,
        0.9647995102540557,
        0.9676198486122792,
        0.9392523364485982,
        0.9514672686230248,
        0.8873517786561265,
        0.865546218487395,
        0.8553719008264463,
        0.8054054054054054,
        0.7518796992481203,
        0.7075471698113207,
        0.6888888888888889,
        0.5813953488372093,
        0.711864406779661,
        0.5735294117647058,
        0.41509433962264153,
        0.5254237288135594,
        0.3333333333333333
    ]
}