{
    "Bins": [
        20.0,
        21.0,
        22.0,
        23.0,
        24.0,
        25.0,
        26.0,
        27.0,
        28.0,
        29.0,
        30.0,
        31.0,
        32.0,
        33.0,
        34.0,
        35.0,
        36.0,
        37.0,
        38.0,
        39.0,
        40.0,
        41.0,
        42.0,
        43.0,
        44.0,
        45.0,
        46.0,
        47.0,
        48.0,
        49.0,
        50.0,
        51.0,
        52.0,
        53.0,
        54.0,
        55.0,
        56.0,
        57.0,
        58.0,
        59.0,
        60.0
    ],
    "Efficiency": [
        0.9846547314578005,
        0.9858233369683751,
        0.980355472404116,
        0.9760726072607261,
        0.9716981132075472,
        0.9747315224257739,
        0.9766304347826087,
        0.9740509370494954,
        0.9712262062859672,
        0.9716039907904835,
        0.9685238784370478,
        0.9688676017789942,
        0.9714557564224549,
        0.9630408653846154,
        0.9652960046660835,
        0.9554601556211431,
        0.9508905852417303,
        0.958354114713217,
        0.9485567970204841,
        0.9439296745070088,
        0.9352652488899276,
        0.9453681710213777,
        0.9403657566922873,
        0.933578206305479,
        0.9348191757779647,
        0.9038718291054739,
        0.9311512415349887,
        0.8952569169960475,
        0.9131652661064426,
        0.9008264462809917,
        0.9135135135135135,
        0.9022556390977443,
        0.8773584905660378,
        0.8444444444444444,
        0.9418604651162791,
        0.8813559322033898,
        0.8676470588235294,
        0.8301886792452831,
        0.864406779661017,
        0.8611111111111112
    ]
}