{
    "Bins": [
        20.0,
        21.0,
        22.0,
        23.0,
        24.0,
        25.0,
        26.0,
        27.0,
        28.0,
        29.0,
        30.0,
        31.0,
        32.0,
        33.0,
        34.0,
        35.0,
        36.0,
        37.0,
        38.0,
        39.0,
        40.0,
        41.0,
        42.0,
        43.0,
        44.0,
        45.0,
        46.0,
        47.0,
        48.0,
        49.0,
        50.0,
        51.0,
        52.0,
        53.0,
        54.0,
        55.0,
        56.0,
        57.0,
        58.0,
        59.0,
        60.0
    ],
    "Efficiency": [
        0.9948849104859335,
        0.9956379498364231,
        0.9869036482694107,
        0.9843234323432343,
        0.9724238026124818,
        0.9456727732154138,
        0.9233695652173913,
        0.9135031234983181,
        0.9265161575918548,
        0.9347659247889486,
        0.9334298118668596,
        0.9421826890181321,
        0.956232159847764,
        0.9609375,
        0.9708369787109945,
        0.9664609605580896,
        0.9707379134860051,
        0.9798004987531173,
        0.9783519553072626,
        0.9767165597529104,
        0.9766300537508764,
        0.982185273159145,
        0.9793267956533263,
        0.9764309764309764,
        0.975609756097561,
        0.9552736982643525,
        0.9650112866817155,
        0.9071146245059288,
        0.8515406162464986,
        0.8347107438016529,
        0.8216216216216217,
        0.7218045112781954,
        0.6981132075471698,
        0.6,
        0.6046511627906976,
        0.6271186440677966,
        0.5,
        0.39622641509433965,
        0.4576271186440678,
        0.3333333333333333
    ]
}