{
    "Bins": [
        20.0,
        21.0,
        22.0,
        23.0,
        24.0,
        25.0,
        26.0,
        27.0,
        28.0,
        29.0,
        30.0,
        31.0,
        32.0,
        33.0,
        34.0,
        35.0,
        36.0,
        37.0,
        38.0,
        39.0,
        40.0,
        41.0,
        42.0,
        43.0,
        44.0,
        45.0,
        46.0,
        47.0,
        48.0,
        49.0,
        50.0,
        51.0,
        52.0,
        53.0,
        54.0,
        55.0,
        56.0,
        57.0,
        58.0,
        59.0,
        60.0
    ],
    "Efficiency": [
        0.9884910485933504,
        0.9890948745910578,
        0.9794200187090739,
        0.9595709570957096,
        0.9238026124818578,
        0.883133291219204,
        0.8173913043478261,
        0.810187409899087,
        0.8211598052235503,
        0.8522640061396777,
        0.8563675832127352,
        0.8816284639069449,
        0.8959720900729464,
        0.9113581730769231,
        0.931175269757947,
        0.9329219211161792,
        0.9396946564885497,
        0.9541147132169576,
        0.952513966480447,
        0.9517700166310288,
        0.9527927085767702,
        0.9612826603325416,
        0.9538828518420355,
        0.9522497704315886,
        0.9486963835155593,
        0.9158878504672897,
        0.9119638826185101,
        0.8438735177865613,
        0.7787114845938375,
        0.7231404958677686,
        0.6756756756756757,
        0.6165413533834586,
        0.5849056603773585,
        0.4777777777777778,
        0.45348837209302323,
        0.5084745762711864,
        0.4411764705882353,
        0.3018867924528302,
        0.22033898305084745,
        0.3055555555555556
    ]
}