{
    "Bins": [
        20.0,
        21.0,
        22.0,
        23.0,
        24.0,
        25.0,
        26.0,
        27.0,
        28.0,
        29.0,
        30.0,
        31.0,
        32.0,
        33.0,
        34.0,
        35.0,
        36.0,
        37.0,
        38.0,
        39.0,
        40.0,
        41.0,
        42.0,
        43.0,
        44.0,
        45.0,
        46.0,
        47.0,
        48.0,
        49.0,
        50.0,
        51.0,
        52.0,
        53.0,
        54.0,
        55.0,
        56.0,
        57.0,
        58.0,
        59.0,
        60.0
    ],
    "Efficiency": [
        0.9475703324808185,
        0.9585605234460196,
        0.9597754911131899,
        0.9438943894389439,
        0.9426705370101597,
        0.9469361970941251,
        0.9505434782608696,
        0.9461797212878423,
        0.9468791500664011,
        0.943207981580967,
        0.9384949348769899,
        0.9442353746151214,
        0.9422771963209642,
        0.9365985576923077,
        0.9250510352872557,
        0.9197746176549504,
        0.9132315521628499,
        0.9189526184538653,
        0.9043296089385475,
        0.9082917557614635,
        0.8880579574666978,
        0.9030878859857482,
        0.9053803339517625,
        0.8943985307621671,
        0.8906644238856182,
        0.87716955941255,
        0.9040632054176072,
        0.8399209486166008,
        0.8263305322128851,
        0.8429752066115702,
        0.8864864864864865,
        0.8345864661654135,
        0.8867924528301887,
        0.7555555555555555,
        0.8023255813953488,
        0.7966101694915254,
        0.8235294117647058,
        0.7547169811320755,
        0.847457627118644,
        0.75
    ]
}