{
    "Bins": [
        20.0,
        21.0,
        22.0,
        23.0,
        24.0,
        25.0,
        26.0,
        27.0,
        28.0,
        29.0,
        30.0,
        31.0,
        32.0,
        33.0,
        34.0,
        35.0,
        36.0,
        37.0,
        38.0,
        39.0,
        40.0,
        41.0,
        42.0,
        43.0,
        44.0,
        45.0,
        46.0,
        47.0,
        48.0,
        49.0,
        50.0,
        51.0,
        52.0,
        53.0,
        54.0,
        55.0,
        56.0,
        57.0,
        58.0,
        59.0,
        60.0
    ],
    "Efficiency": [
        0.9948849104859335,
        0.9967284623773174,
        0.9840972871842844,
        0.9711221122112211,
        0.9564586357039188,
        0.9349336702463676,
        0.9027173913043478,
        0.897164824603556,
        0.896414342629482,
        0.9082885648503454,
        0.91027496382055,
        0.9278138898392063,
        0.9441801458928005,
        0.9456129807692307,
        0.9542140565762613,
        0.9576066541454252,
        0.962086513994911,
        0.9728179551122195,
        0.9702048417132216,
        0.9698265621287717,
        0.9707875671885955,
        0.9762470308788599,
        0.9750861383514444,
        0.9672482399755127,
        0.9684608915054668,
        0.9506008010680908,
        0.9582392776523702,
        0.8992094861660079,
        0.8543417366946778,
        0.8140495867768595,
        0.7837837837837838,
        0.6842105263157895,
        0.6698113207547169,
        0.5222222222222223,
        0.5813953488372093,
        0.559322033898305,
        0.4264705882352941,
        0.33962264150943394,
        0.423728813559322,
        0.25
    ]
}