{
    "Precision": [
        0.3804945649820276,
        0.7753880266075388,
        0.8429956374212312,
        0.8805665953327219,
        0.9052648254739399,
        0.9219371356975541,
        0.9368918386860904,
        0.947448235637212,
        0.9570255026974007,
        0.9685340489768534,
        0.9758825002086289,
        0.9758764607679465,
        1.0
    ],
    "Recall": [
        1.0,
        0.9950489414978375,
        0.9896995219667654,
        0.9834964716594582,
        0.9755861597996813,
        0.9631231504666515,
        0.94792852264967,
        0.9244252219440018,
        0.8884020031868882,
        0.8215342590484862,
        0.665490553152743,
        0.665319826997496,
        0.0
    ],
    "Precision-Recall AUC": 0.9751015030808234,
    "Chance Level": 0.3804945649820276
}