{
    "Bins": [
        20.0,
        21.0,
        22.0,
        23.0,
        24.0,
        25.0,
        26.0,
        27.0,
        28.0,
        29.0,
        30.0,
        31.0,
        32.0,
        33.0,
        34.0,
        35.0,
        36.0,
        37.0,
        38.0,
        39.0,
        40.0,
        41.0,
        42.0,
        43.0,
        44.0,
        45.0,
        46.0,
        47.0,
        48.0,
        49.0,
        50.0,
        51.0,
        52.0,
        53.0,
        54.0,
        55.0,
        56.0,
        57.0,
        58.0,
        59.0,
        60.0
    ],
    "Efficiency": [
        1.0,
        0.9565217391304348,
        0.96,
        1.0,
        0.9523809523809523,
        0.8727272727272727,
        0.8947368421052632,
        0.8,
        0.875,
        0.8360655737704918,
        0.8192771084337349,
        0.8529411764705882,
        0.9264705882352942,
        0.8765432098765432,
        0.9029126213592233,
        0.9080459770114943,
        0.9090909090909091,
        0.940677966101695,
        0.9611650485436893,
        0.9448818897637795,
        0.940677966101695,
        0.8932038834951457,
        0.9375,
        0.9368421052631579,
        0.90625,
        0.8043478260869565,
        0.8076923076923077,
        0.8666666666666667,
        0.6,
        1.0,
        0.625,
        1.0,
        0.0,
        0.16666666666666666,
        1.0,
        0.0,
        0.0,
        1.0,
        0.0,
        0.0
    ]
}