{
    "Bins": [
        20.0,
        21.0,
        22.0,
        23.0,
        24.0,
        25.0,
        26.0,
        27.0,
        28.0,
        29.0,
        30.0,
        31.0,
        32.0,
        33.0,
        34.0,
        35.0,
        36.0,
        37.0,
        38.0,
        39.0,
        40.0,
        41.0,
        42.0,
        43.0,
        44.0,
        45.0,
        46.0,
        47.0,
        48.0,
        49.0,
        50.0,
        51.0,
        52.0,
        53.0,
        54.0,
        55.0,
        56.0,
        57.0,
        58.0,
        59.0,
        60.0
    ],
    "Efficiency": [
        1.0,
        1.0,
        0.92,
        0.8928571428571429,
        0.8809523809523809,
        0.8909090909090909,
        0.8245614035087719,
        0.7166666666666667,
        0.9107142857142857,
        0.8688524590163934,
        0.8192771084337349,
        0.8235294117647058,
        0.8823529411764706,
        0.9259259259259259,
        0.912621359223301,
        0.9425287356321839,
        0.9090909090909091,
        0.8898305084745762,
        0.9514563106796117,
        0.9291338582677166,
        0.9491525423728814,
        0.9223300970873787,
        0.90625,
        0.9157894736842105,
        0.875,
        0.8913043478260869,
        0.8846153846153846,
        0.8,
        0.6,
        0.6666666666666666,
        0.75,
        1.0,
        0.0,
        0.5,
        1.0,
        0.0,
        0.5,
        1.0,
        1.0,
        0.0
    ]
}