{
    "Bins": [
        20.0,
        21.0,
        22.0,
        23.0,
        24.0,
        25.0,
        26.0,
        27.0,
        28.0,
        29.0,
        30.0,
        31.0,
        32.0,
        33.0,
        34.0,
        35.0,
        36.0,
        37.0,
        38.0,
        39.0,
        40.0,
        41.0,
        42.0,
        43.0,
        44.0,
        45.0,
        46.0,
        47.0,
        48.0,
        49.0,
        50.0,
        51.0,
        52.0,
        53.0,
        54.0,
        55.0,
        56.0,
        57.0,
        58.0,
        59.0,
        60.0
    ],
    "Efficiency": [
        1.0,
        1.0,
        1.0,
        0.9642857142857143,
        1.0,
        0.9818181818181818,
        1.0,
        1.0,
        0.9821428571428571,
        0.9836065573770492,
        1.0,
        1.0,
        1.0,
        0.9629629629629629,
        0.9805825242718447,
        1.0,
        0.9696969696969697,
        0.9745762711864406,
        1.0,
        0.9763779527559056,
        1.0,
        0.9902912621359223,
        0.96875,
        0.9789473684210527,
        0.984375,
        0.9347826086956522,
        1.0,
        1.0,
        0.8,
        0.6666666666666666,
        0.875,
        0.8571428571428571,
        0.0,
        1.0,
        1.0,
        0.0,
        0.5,
        1.0,
        1.0,
        1.0
    ]
}