{
    "Bins": [
        20.0,
        21.0,
        22.0,
        23.0,
        24.0,
        25.0,
        26.0,
        27.0,
        28.0,
        29.0,
        30.0,
        31.0,
        32.0,
        33.0,
        34.0,
        35.0,
        36.0,
        37.0,
        38.0,
        39.0,
        40.0,
        41.0,
        42.0,
        43.0,
        44.0,
        45.0,
        46.0,
        47.0,
        48.0,
        49.0,
        50.0,
        51.0,
        52.0,
        53.0,
        54.0,
        55.0,
        56.0,
        57.0,
        58.0,
        59.0,
        60.0
    ],
    "Efficiency": [
        1.0,
        0.9565217391304348,
        1.0,
        0.9642857142857143,
        0.9523809523809523,
        0.8909090909090909,
        0.8947368421052632,
        0.85,
        0.8571428571428571,
        0.8852459016393442,
        0.9397590361445783,
        0.9705882352941176,
        0.9411764705882353,
        0.9259259259259259,
        0.941747572815534,
        0.9310344827586207,
        0.9494949494949495,
        0.9576271186440678,
        1.0,
        0.9606299212598425,
        1.0,
        0.9611650485436893,
        0.953125,
        0.9473684210526315,
        0.96875,
        0.9130434782608695,
        1.0,
        0.9333333333333333,
        0.6,
        0.3333333333333333,
        0.625,
        0.5714285714285714,
        0.0,
        0.3333333333333333,
        1.0,
        0.0,
        0.0,
        0.0,
        0.0,
        0.5
    ]
}