{
    "Bins": [
        20.0,
        21.0,
        22.0,
        23.0,
        24.0,
        25.0,
        26.0,
        27.0,
        28.0,
        29.0,
        30.0,
        31.0,
        32.0,
        33.0,
        34.0,
        35.0,
        36.0,
        37.0,
        38.0,
        39.0,
        40.0,
        41.0,
        42.0,
        43.0,
        44.0,
        45.0,
        46.0,
        47.0,
        48.0,
        49.0,
        50.0,
        51.0,
        52.0,
        53.0,
        54.0,
        55.0,
        56.0,
        57.0,
        58.0,
        59.0,
        60.0
    ],
    "Efficiency": [
        1.0,
        1.0,
        1.0,
        0.9642857142857143,
        1.0,
        0.9636363636363636,
        0.9649122807017544,
        0.9,
        0.9642857142857143,
        0.9344262295081968,
        0.9518072289156626,
        0.9705882352941176,
        0.9558823529411765,
        0.9506172839506173,
        0.9514563106796117,
        0.9770114942528736,
        0.9797979797979798,
        0.9830508474576272,
        1.0,
        0.984251968503937,
        0.9830508474576272,
        0.970873786407767,
        0.9609375,
        0.9894736842105263,
        0.96875,
        0.9565217391304348,
        0.9615384615384616,
        1.0,
        0.8,
        0.6666666666666666,
        1.0,
        0.7142857142857143,
        0.0,
        0.5,
        1.0,
        0.0,
        0.0,
        1.0,
        0.0,
        0.5
    ]
}