{
    "Bins": [
        20.0,
        21.0,
        22.0,
        23.0,
        24.0,
        25.0,
        26.0,
        27.0,
        28.0,
        29.0,
        30.0,
        31.0,
        32.0,
        33.0,
        34.0,
        35.0,
        36.0,
        37.0,
        38.0,
        39.0,
        40.0,
        41.0,
        42.0,
        43.0,
        44.0,
        45.0,
        46.0,
        47.0,
        48.0,
        49.0,
        50.0,
        51.0,
        52.0,
        53.0,
        54.0,
        55.0,
        56.0,
        57.0,
        58.0,
        59.0,
        60.0
    ],
    "Efficiency": [
        1.0,
        1.0,
        1.0,
        1.0,
        0.9761904761904762,
        0.9818181818181818,
        0.9649122807017544,
        0.8833333333333333,
        0.9464285714285714,
        0.9344262295081968,
        0.9397590361445783,
        0.9705882352941176,
        0.9705882352941176,
        0.9506172839506173,
        0.9611650485436893,
        0.9655172413793104,
        0.9696969696969697,
        0.9830508474576272,
        1.0,
        0.9763779527559056,
        0.9915254237288136,
        0.9902912621359223,
        0.953125,
        0.9789473684210527,
        0.953125,
        0.9565217391304348,
        1.0,
        0.9333333333333333,
        0.8,
        1.0,
        0.75,
        0.7142857142857143,
        0.0,
        0.5,
        1.0,
        0.0,
        0.0,
        1.0,
        0.0,
        0.0
    ]
}