{
    "Bins": [
        20.0,
        21.0,
        22.0,
        23.0,
        24.0,
        25.0,
        26.0,
        27.0,
        28.0,
        29.0,
        30.0,
        31.0,
        32.0,
        33.0,
        34.0,
        35.0,
        36.0,
        37.0,
        38.0,
        39.0,
        40.0,
        41.0,
        42.0,
        43.0,
        44.0,
        45.0,
        46.0,
        47.0,
        48.0,
        49.0,
        50.0,
        51.0,
        52.0,
        53.0,
        54.0,
        55.0,
        56.0,
        57.0,
        58.0,
        59.0,
        60.0
    ],
    "Efficiency": [
        1.0,
        0.9565217391304348,
        0.96,
        0.9642857142857143,
        0.9285714285714286,
        0.7818181818181819,
        0.8596491228070176,
        0.7333333333333333,
        0.8392857142857143,
        0.7540983606557377,
        0.9036144578313253,
        0.9558823529411765,
        0.8970588235294118,
        0.8518518518518519,
        0.912621359223301,
        0.8735632183908046,
        0.898989898989899,
        0.9322033898305084,
        0.941747572815534,
        0.9133858267716536,
        0.923728813559322,
        0.9223300970873787,
        0.890625,
        0.9473684210526315,
        0.875,
        0.8695652173913043,
        0.9230769230769231,
        0.9333333333333333,
        0.8,
        0.3333333333333333,
        0.625,
        0.8571428571428571,
        0.0,
        0.8333333333333334,
        1.0,
        0.0,
        0.5,
        1.0,
        0.0,
        0.5
    ]
}