Classifier,Accuracy,TN,FP,FN,TP,Precision,Recall,F1,MSE
AdaBoostClassifier,0.9144620929888505,66373,7984,4736,69613,0.897109424333415,0.9363004209875049,0.9162860489910889,0.08553790701114952
