Classifier,Accuracy,TN,FP,FN,TP,Precision,Recall,F1,MSE
HistGradientBoostingClassifier,0.9212674673516872,66140.0,8217.0,3491.0,70858.0,0.8960859943092001,0.9530457706223352,0.923688601522578,0.0787325326483127
RandomForestClassifier,0.9202318669051686,66412.0,7945.0,3917.0,70432.0,0.8986309759240594,0.9473160365304174,0.9223314956196064,0.0797681330948314
GradientBoostingClassifier,0.9197678641077024,66562.0,7795.0,4136.0,70213.0,0.9000743513485796,0.9443704690042906,0.9216905032259758,0.0802321358922975
VotingClassifier,0.915625462321628,67002.0,7355.0,5192.0,69157.0,0.903871288163948,0.9301671844947478,0.916830724971994,0.0843745376783721
MLPClassifier,0.9010060118623324,68062.0,6295.0,8426.0,65923.0,0.9128333656429144,0.8866696256842728,0.8995612927875989,0.0989939881376676
RidgeClassifier,0.8356354148453996,51117.0,23240.0,1202.0,73147.0,0.758888646809217,0.9838330038063726,0.8568433136538282,0.1643645851546003
LinearDiscriminantAnalysis,0.8356354148453996,51117.0,23240.0,1202.0,73147.0,0.758888646809217,0.9838330038063726,0.8568433136538282,0.1643645851546003
