{
    "Precision": [
        0.9446971814877881,
        0.9657015068974035,
        0.9719990037098698,
        0.976402505086806,
        0.9807532279279522,
        0.9858930074598705,
        1.0
    ],
    "Recall": [
        1.0,
        0.9990987597858546,
        0.9973769874364424,
        0.994054504855936,
        0.9829167899706761,
        0.9137499663716337,
        0.0
    ],
    "Precision-Recall AUC": 0.9919830609628589,
    "Chance Level": 0.9446971814877881
}