{
    "Precision": [
        0.9446971814877881,
        0.9639010718085796,
        0.9683504670458697,
        0.9715700660308144,
        0.9739714856902357,
        0.9763609936575053,
        0.9784330401041805,
        0.980353292531037,
        0.9825546692712572,
        0.9851033828025745,
        0.9881265266998547,
        0.9880698366221752,
        0.9880696508114506,
        0.9880694649949381,
        1.0
    ],
    "Recall": [
        1.0,
        0.9992198219041726,
        0.9984396438083453,
        0.99752495224772,
        0.9961125608673428,
        0.9939334427376181,
        0.9904360926528746,
        0.9846654650130479,
        0.9742810255306557,
        0.9491270076134621,
        0.8597293589088267,
        0.8533668720238896,
        0.8533534206774098,
        0.85333996933093,
        0.0
    ],
    "Precision-Recall AUC": 0.9926575073644008,
    "Chance Level": 0.9446971814877881
}