{
    "Precision": [
        0.9446971814877881,
        0.9756436177382397,
        0.975513803160822,
        1.0
    ],
    "Recall": [
        1.0,
        0.9736488122461059,
        0.9672863253611687,
        0.0
    ],
    "Precision-Recall AUC": 0.9869524809062424,
    "Chance Level": 0.9446971814877881
}