{
    "Precision": [
        0.9446971814877881,
        1.0
    ],
    "Recall": [
        1.0,
        0.0
    ],
    "Precision-Recall AUC": 0.972348590743894,
    "Chance Level": 0.9446971814877881
}