{
    "Precision": [
        0.9446971814877881,
        0.9702967427842819,
        0.9729916790993125,
        0.9765737303530527,
        0.9771291866028708,
        0.9793188144751924,
        0.9793880572462577,
        0.9797305136151947,
        0.979720766730782,
        0.9812473587829271,
        0.981286066118971,
        0.98900561935011,
        0.989093366923715,
        0.9896142433234422,
        0.9896874504204347,
        0.991255048727165,
        0.9912727002636759,
        0.9917009259615015,
        0.9916637721431052,
        0.993159469858914,
        0.9932060053211706,
        0.993284699743949,
        0.9932814539127073,
        0.9934785984162311,
        0.9934775856713945,
        0.9947437582128777,
        0.9957446808510638,
        0.994535519125683,
        0.9957894736842106,
        1.0
    ],
    "Recall": [
        1.0,
        0.9007828683651233,
        0.8509456296575287,
        0.8315891420731215,
        0.8241101934303624,
        0.8044846789163596,
        0.8008528153668182,
        0.7951628958058702,
        0.7947728067579565,
        0.7496031852788464,
        0.7342551989454145,
        0.43560840440128057,
        0.4330526485701219,
        0.42168626079470556,
        0.4195474967044201,
        0.35983696968066503,
        0.3590433402383579,
        0.3471927039896694,
        0.3456323477980146,
        0.2812273008528154,
        0.2812003981598558,
        0.2765596836243308,
        0.276425170159533,
        0.2581985956794275,
        0.2581582416399882,
        0.10182669285195448,
        0.06295230152538268,
        0.017137015415243064,
        0.006362486884937182,
        0.0
    ],
    "Precision-Recall AUC": 0.9845800724686653,
    "Chance Level": 0.9446971814877881
}