{
    "Precision": [
        0.9446971814877881,
        0.9765698724689261,
        0.9764460062684016,
        1.0
    ],
    "Recall": [
        1.0,
        0.9744155389954534,
        0.9680530521105163,
        0.0
    ],
    "Precision-Recall AUC": 0.9874426043177912,
    "Chance Level": 0.9446971814877881
}