{
    "Precision": [
        0.50475,
        0.8157894736842105,
        0.8575731497418244,
        0.8824601366742597,
        0.9087221095334685,
        0.9364406779661016,
        1.0
    ],
    "Recall": [
        1.0,
        0.9980188211986132,
        0.9871223377909857,
        0.9593858345715701,
        0.8875681030212976,
        0.6567607726597325,
        0.0
    ],
    "Precision-Recall AUC": 0.9477032251875634,
    "Chance Level": 0.50475
}