{
    "Precision": [
        0.50475,
        0.899197592778335,
        1.0
    ],
    "Recall": [
        1.0,
        0.8880633977216443,
        0.0
    ],
    "Precision-Recall AUC": 0.9218804952499897,
    "Chance Level": 0.50475
}