{
    "Precision": [
        0.50475,
        0.7708655332302936,
        0.7774746687451286,
        0.7814829344841114,
        0.7995090016366612,
        0.8014766201804758,
        0.9064449064449065,
        0.9103013314646111,
        0.9135977337110481,
        0.9158741770299926,
        0.95,
        0.9631578947368421,
        1.0
    ],
    "Recall": [
        1.0,
        0.9881129271916791,
        0.9881129271916791,
        0.986627043090639,
        0.9678058444774641,
        0.9678058444774641,
        0.6478454680534919,
        0.6433878157503715,
        0.6389301634472511,
        0.6201089648340763,
        0.0941059930658742,
        0.09063893016344725,
        0.0
    ],
    "Precision-Recall AUC": 0.9051958300449677,
    "Chance Level": 0.50475
}