{
    "Precision": [
        0.50475,
        0.9008555611474585,
        1.0
    ],
    "Recall": [
        1.0,
        0.8865775136206042,
        0.0
    ],
    "Precision-Recall AUC": 0.9223415373840314,
    "Chance Level": 0.50475
}