{
    "Precision": [
        0.50475,
        1.0
    ],
    "Recall": [
        1.0,
        0.0
    ],
    "Precision-Recall AUC": 0.752375,
    "Chance Level": 0.50475
}