{
    "Precision": [
        0.50475,
        0.840567612687813,
        0.8606451612903225,
        0.8709394205443372,
        0.8857913669064749,
        0.8969500924214417,
        0.9090469279148524,
        0.9214285714285714,
        0.9323349972268441,
        0.9430051813471503,
        0.9486709440879927,
        1.0
    ],
    "Recall": [
        1.0,
        0.9975235264982665,
        0.9910846953937593,
        0.9826646854878652,
        0.9757305596830114,
        0.9613670133729569,
        0.9306587419514611,
        0.8945022288261516,
        0.8325903912828133,
        0.7211490837048044,
        0.512630014858841,
        0.0
    ],
    "Precision-Recall AUC": 0.9527269970961934,
    "Chance Level": 0.50475
}