{
    "Bins": [
        20.0,
        21.0,
        22.0,
        23.0,
        24.0,
        25.0,
        26.0,
        27.0,
        28.0,
        29.0,
        30.0,
        31.0,
        32.0,
        33.0,
        34.0,
        35.0,
        36.0,
        37.0,
        38.0,
        39.0,
        40.0,
        41.0,
        42.0,
        43.0,
        44.0,
        45.0,
        46.0,
        47.0,
        48.0,
        49.0,
        50.0,
        51.0,
        52.0,
        53.0,
        54.0,
        55.0,
        56.0,
        57.0,
        58.0,
        59.0,
        60.0
    ],
    "Efficiency": [
        0.9782608695652174,
        0.9847328244274809,
        0.9822263797942001,
        0.981023102310231,
        0.97677793904209,
        0.9696778269109286,
        0.9625,
        0.9649207111965401,
        0.9539619300575476,
        0.9597083653108212,
        0.9573082489146165,
        0.9497092028737598,
        0.9527434189660641,
        0.9615384615384616,
        0.9597550306211724,
        0.9632412127716662,
        0.9557251908396946,
        0.9551122194513716,
        0.9529795158286778,
        0.9541458778807318,
        0.9509231128768404,
        0.9486935866983373,
        0.9530877285979327,
        0.9375573921028466,
        0.9276703111858705,
        0.8965287049399199,
        0.8939051918735892,
        0.8478260869565217,
        0.8011204481792717,
        0.7603305785123967,
        0.7189189189189189,
        0.556390977443609,
        0.5754716981132075,
        0.4222222222222222,
        0.38372093023255816,
        0.3898305084745763,
        0.3088235294117647,
        0.20754716981132076,
        0.1694915254237288,
        0.027777777777777776
    ]
}