{
    "Bins": [
        20.0,
        21.0,
        22.0,
        23.0,
        24.0,
        25.0,
        26.0,
        27.0,
        28.0,
        29.0,
        30.0,
        31.0,
        32.0,
        33.0,
        34.0,
        35.0,
        36.0,
        37.0,
        38.0,
        39.0,
        40.0,
        41.0,
        42.0,
        43.0,
        44.0,
        45.0,
        46.0,
        47.0,
        48.0,
        49.0,
        50.0,
        51.0,
        52.0,
        53.0,
        54.0,
        55.0,
        56.0,
        57.0,
        58.0,
        59.0,
        60.0
    ],
    "Efficiency": [
        0.9705882352941176,
        0.9683751363140676,
        0.9719363891487371,
        0.966996699669967,
        0.967343976777939,
        0.9602021478205938,
        0.9543478260869566,
        0.9605958673714561,
        0.9513058875608676,
        0.954336147352264,
        0.9526049204052098,
        0.9428669175504618,
        0.9514747859181731,
        0.9513221153846154,
        0.9556722076407116,
        0.9551918433056077,
        0.9478371501272265,
        0.9453865336658354,
        0.9462290502793296,
        0.9458303635067712,
        0.9462491236270156,
        0.9437054631828978,
        0.9416909620991254,
        0.9286807468625651,
        0.9146341463414634,
        0.8818424566088118,
        0.8702031602708804,
        0.8241106719367589,
        0.7563025210084033,
        0.6900826446280992,
        0.6702702702702703,
        0.518796992481203,
        0.46226415094339623,
        0.34444444444444444,
        0.3023255813953488,
        0.2711864406779661,
        0.19117647058823528,
        0.09433962264150944,
        0.11864406779661017,
        0.1388888888888889
    ]
}