{
    "Bins": [
        20.0,
        21.0,
        22.0,
        23.0,
        24.0,
        25.0,
        26.0,
        27.0,
        28.0,
        29.0,
        30.0,
        31.0,
        32.0,
        33.0,
        34.0,
        35.0,
        36.0,
        37.0,
        38.0,
        39.0,
        40.0,
        41.0,
        42.0,
        43.0,
        44.0,
        45.0,
        46.0,
        47.0,
        48.0,
        49.0,
        50.0,
        51.0,
        52.0,
        53.0,
        54.0,
        55.0,
        56.0,
        57.0,
        58.0,
        59.0,
        60.0
    ],
    "Efficiency": [
        0.959079283887468,
        0.9585605234460196,
        0.9522918615528532,
        0.9603960396039604,
        0.95355587808418,
        0.9425142135186355,
        0.9385869565217392,
        0.9399327246516098,
        0.9344842850818946,
        0.9301611665387567,
        0.9392185238784371,
        0.9278138898392063,
        0.9314938154138915,
        0.9353966346153846,
        0.9332166812481774,
        0.9329219211161792,
        0.9297709923664123,
        0.9371571072319203,
        0.9348230912476723,
        0.937752435257781,
        0.9343304510399626,
        0.9344418052256532,
        0.9284389080307448,
        0.9133761861034588,
        0.8906644238856182,
        0.8477970627503337,
        0.8058690744920993,
        0.7648221343873518,
        0.6134453781512605,
        0.5206611570247934,
        0.42702702702702705,
        0.41353383458646614,
        0.41509433962264153,
        0.36666666666666664,
        0.27906976744186046,
        0.15254237288135594,
        0.20588235294117646,
        0.1320754716981132,
        0.1694915254237288,
        0.0
    ]
}