{
    "Bins": [
        20.0,
        21.0,
        22.0,
        23.0,
        24.0,
        25.0,
        26.0,
        27.0,
        28.0,
        29.0,
        30.0,
        31.0,
        32.0,
        33.0,
        34.0,
        35.0,
        36.0,
        37.0,
        38.0,
        39.0,
        40.0,
        41.0,
        42.0,
        43.0,
        44.0,
        45.0,
        46.0,
        47.0,
        48.0,
        49.0,
        50.0,
        51.0,
        52.0,
        53.0,
        54.0,
        55.0,
        56.0,
        57.0,
        58.0,
        59.0,
        60.0
    ],
    "Efficiency": [
        1.0,
        1.0,
        1.0,
        1.0,
        1.0,
        0.9993682880606444,
        0.9994565217391305,
        1.0,
        0.9995573262505534,
        1.0,
        1.0,
        1.0,
        1.0,
        1.0,
        1.0,
        1.0,
        0.9997455470737914,
        0.9997506234413965,
        1.0,
        0.9995248277500594,
        0.9995326010750175,
        0.9992874109263657,
        1.0,
        0.9987756351392715,
        0.9983179142136249,
        0.9973297730307076,
        0.9988713318284425,
        1.0,
        0.9971988795518207,
        0.9917355371900827,
        0.9891891891891892,
        0.9699248120300752,
        0.9811320754716981,
        1.0,
        0.9418604651162791,
        0.9830508474576272,
        0.8970588235294118,
        0.7547169811320755,
        0.7966101694915254,
        0.6666666666666666
    ]
}