{
    "Bins": [
        20.0,
        21.0,
        22.0,
        23.0,
        24.0,
        25.0,
        26.0,
        27.0,
        28.0,
        29.0,
        30.0,
        31.0,
        32.0,
        33.0,
        34.0,
        35.0,
        36.0,
        37.0,
        38.0,
        39.0,
        40.0,
        41.0,
        42.0,
        43.0,
        44.0,
        45.0,
        46.0,
        47.0,
        48.0,
        49.0,
        50.0,
        51.0,
        52.0,
        53.0,
        54.0,
        55.0,
        56.0,
        57.0,
        58.0,
        59.0,
        60.0
    ],
    "Efficiency": [
        0.9833759590792839,
        0.9792802617230099,
        0.9784845650140318,
        0.9785478547854786,
        0.9724238026124818,
        0.9703095388502843,
        0.9635869565217391,
        0.964440172993753,
        0.9517485613103143,
        0.9585571757482733,
        0.9558610709117221,
        0.9479986315429353,
        0.9498889946083096,
        0.9585336538461539,
        0.9597550306211724,
        0.962167963509525,
        0.9531806615776082,
        0.9536159600997506,
        0.9527467411545624,
        0.9531955333808506,
        0.9502220144893667,
        0.9498812351543943,
        0.9459316194010071,
        0.9338842975206612,
        0.9234650967199327,
        0.8938584779706275,
        0.8927765237020316,
        0.8517786561264822,
        0.7815126050420168,
        0.743801652892562,
        0.6918918918918919,
        0.5263157894736842,
        0.5566037735849056,
        0.4666666666666667,
        0.4069767441860465,
        0.3559322033898305,
        0.2647058823529412,
        0.18867924528301888,
        0.1694915254237288,
        0.05555555555555555
    ]
}