{
    "Bins": [
        20.0,
        21.0,
        22.0,
        23.0,
        24.0,
        25.0,
        26.0,
        27.0,
        28.0,
        29.0,
        30.0,
        31.0,
        32.0,
        33.0,
        34.0,
        35.0,
        36.0,
        37.0,
        38.0,
        39.0,
        40.0,
        41.0,
        42.0,
        43.0,
        44.0,
        45.0,
        46.0,
        47.0,
        48.0,
        49.0,
        50.0,
        51.0,
        52.0,
        53.0,
        54.0,
        55.0,
        56.0,
        57.0,
        58.0,
        59.0,
        60.0
    ],
    "Efficiency": [
        0.6202046035805626,
        0.6106870229007634,
        0.6445275958840038,
        0.6542904290429042,
        0.6589259796806967,
        0.6582438408085913,
        0.6701086956521739,
        0.6871696299855838,
        0.6768481629039398,
        0.6903300076745971,
        0.6852387843704776,
        0.6855969893944578,
        0.6901363780526483,
        0.7040264423076923,
        0.7010790317876932,
        0.7064663268044004,
        0.7045801526717558,
        0.7109725685785536,
        0.7141527001862198,
        0.7077690662865289,
        0.7275064267352185,
        0.7372921615201901,
        0.7447654386429897,
        0.7428833792470156,
        0.7380151387720774,
        0.7276368491321762,
        0.7257336343115124,
        0.7727272727272727,
        0.7226890756302521,
        0.7066115702479339,
        0.7675675675675676,
        0.7669172932330827,
        0.7924528301886793,
        0.7555555555555555,
        0.6976744186046512,
        0.7627118644067796,
        0.7205882352941176,
        0.7169811320754716,
        0.7288135593220338,
        0.7222222222222222
    ]
}