{
    "Bins": [
        20.0,
        21.0,
        22.0,
        23.0,
        24.0,
        25.0,
        26.0,
        27.0,
        28.0,
        29.0,
        30.0,
        31.0,
        32.0,
        33.0,
        34.0,
        35.0,
        36.0,
        37.0,
        38.0,
        39.0,
        40.0,
        41.0,
        42.0,
        43.0,
        44.0,
        45.0,
        46.0,
        47.0,
        48.0,
        49.0,
        50.0,
        51.0,
        52.0,
        53.0,
        54.0,
        55.0,
        56.0,
        57.0,
        58.0,
        59.0,
        60.0
    ],
    "Efficiency": [
        0.9808184143222506,
        0.9814612868047983,
        0.9812909260991581,
        0.9801980198019802,
        0.9804063860667634,
        0.9759949463044851,
        0.970108695652174,
        0.9740509370494954,
        0.9676848162903939,
        0.965464313123561,
        0.9667149059334298,
        0.9630516592541909,
        0.9584522676815731,
        0.9510216346153846,
        0.9440069991251093,
        0.9415079152133083,
        0.9384223918575063,
        0.9379052369077306,
        0.9304003724394786,
        0.9311000237586124,
        0.9310586585650853,
        0.931353919239905,
        0.9318844420885237,
        0.9201101928374655,
        0.9222035323801514,
        0.9212283044058746,
        0.9108352144469526,
        0.9071146245059288,
        0.876750700280112,
        0.8760330578512396,
        0.8918918918918919,
        0.8646616541353384,
        0.8867924528301887,
        0.8555555555555555,
        0.872093023255814,
        0.847457627118644,
        0.8823529411764706,
        0.7924528301886793,
        0.711864406779661,
        0.7222222222222222
    ]
}