{
    "Bins": [
        20.0,
        21.0,
        22.0,
        23.0,
        24.0,
        25.0,
        26.0,
        27.0,
        28.0,
        29.0,
        30.0,
        31.0,
        32.0,
        33.0,
        34.0,
        35.0,
        36.0,
        37.0,
        38.0,
        39.0,
        40.0,
        41.0,
        42.0,
        43.0,
        44.0,
        45.0,
        46.0,
        47.0,
        48.0,
        49.0,
        50.0,
        51.0,
        52.0,
        53.0,
        54.0,
        55.0,
        56.0,
        57.0,
        58.0,
        59.0,
        60.0
    ],
    "Efficiency": [
        0.9603580562659847,
        0.9683751363140676,
        0.9672591206735267,
        0.9653465346534653,
        0.9608127721335269,
        0.9608338597599495,
        0.9554347826086956,
        0.9567515617491591,
        0.9420097388224878,
        0.9474290099769762,
        0.9482633863965267,
        0.9363667464933287,
        0.9502061528702823,
        0.94921875,
        0.9483814523184602,
        0.9508988462570432,
        0.9455470737913486,
        0.9451371571072319,
        0.9434357541899442,
        0.9379900213827512,
        0.9413414349146997,
        0.940855106888361,
        0.937185263715876,
        0.9280685644322008,
        0.9146341463414634,
        0.8871829105473965,
        0.8781038374717833,
        0.849802371541502,
        0.7955182072829131,
        0.7396694214876033,
        0.6810810810810811,
        0.5864661654135338,
        0.49056603773584906,
        0.43333333333333335,
        0.36046511627906974,
        0.2711864406779661,
        0.16176470588235295,
        0.05660377358490566,
        0.15254237288135594,
        0.1111111111111111
    ]
}