{
    "Bins": [
        20.0,
        21.0,
        22.0,
        23.0,
        24.0,
        25.0,
        26.0,
        27.0,
        28.0,
        29.0,
        30.0,
        31.0,
        32.0,
        33.0,
        34.0,
        35.0,
        36.0,
        37.0,
        38.0,
        39.0,
        40.0,
        41.0,
        42.0,
        43.0,
        44.0,
        45.0,
        46.0,
        47.0,
        48.0,
        49.0,
        50.0,
        51.0,
        52.0,
        53.0,
        54.0,
        55.0,
        56.0,
        57.0,
        58.0,
        59.0,
        60.0
    ],
    "Efficiency": [
        0.6879795396419437,
        0.7110141766630316,
        0.7633302151543498,
        0.8003300330033003,
        0.7808417997097242,
        0.7927984838913456,
        0.8092391304347826,
        0.8452666987025469,
        0.8432934926958832,
        0.8480429777436684,
        0.8607091172214182,
        0.8665754361956893,
        0.8813828100222011,
        0.8855168269230769,
        0.8941382327209099,
        0.8980413200965924,
        0.9086513994910942,
        0.9184538653366584,
        0.9227188081936686,
        0.9263483012592064,
        0.9345641505024539,
        0.9394299287410927,
        0.9454015372382719,
        0.9449035812672176,
        0.9491169049621531,
        0.951935914552737,
        0.945823927765237,
        0.9545454545454546,
        0.9495798319327731,
        0.9380165289256198,
        0.9405405405405406,
        0.9548872180451128,
        0.9528301886792453,
        0.9555555555555556,
        0.9651162790697675,
        0.9322033898305084,
        0.9411764705882353,
        1.0,
        0.9322033898305084,
        0.9722222222222222
    ]
}