{
    "Bins": [
        20.0,
        21.0,
        22.0,
        23.0,
        24.0,
        25.0,
        26.0,
        27.0,
        28.0,
        29.0,
        30.0,
        31.0,
        32.0,
        33.0,
        34.0,
        35.0,
        36.0,
        37.0,
        38.0,
        39.0,
        40.0,
        41.0,
        42.0,
        43.0,
        44.0,
        45.0,
        46.0,
        47.0,
        48.0,
        49.0,
        50.0,
        51.0,
        52.0,
        53.0,
        54.0,
        55.0,
        56.0,
        57.0,
        58.0,
        59.0,
        60.0
    ],
    "Efficiency": [
        0.9309462915601023,
        0.9094874591057798,
        0.9036482694106641,
        0.8894389438943895,
        0.872278664731495,
        0.8553379658875553,
        0.8342391304347826,
        0.8270062469966363,
        0.7950420540061974,
        0.8169608595548734,
        0.8201881331403763,
        0.830653438248375,
        0.8233428480811925,
        0.8425480769230769,
        0.8428113152522602,
        0.8561845988730883,
        0.8587786259541985,
        0.8638403990024938,
        0.8638268156424581,
        0.8600617723924923,
        0.8653891096050479,
        0.8646080760095012,
        0.8536973230850782,
        0.8359351086623814,
        0.8250630782169891,
        0.7757009345794392,
        0.7539503386004515,
        0.7193675889328063,
        0.6050420168067226,
        0.5991735537190083,
        0.6108108108108108,
        0.5338345864661654,
        0.5660377358490566,
        0.4222222222222222,
        0.45348837209302323,
        0.3559322033898305,
        0.29411764705882354,
        0.3018867924528302,
        0.23728813559322035,
        0.1111111111111111
    ]
}