{
    "Bins": [
        20.0,
        21.0,
        22.0,
        23.0,
        24.0,
        25.0,
        26.0,
        27.0,
        28.0,
        29.0,
        30.0,
        31.0,
        32.0,
        33.0,
        34.0,
        35.0,
        36.0,
        37.0,
        38.0,
        39.0,
        40.0,
        41.0,
        42.0,
        43.0,
        44.0,
        45.0,
        46.0,
        47.0,
        48.0,
        49.0,
        50.0,
        51.0,
        52.0,
        53.0,
        54.0,
        55.0,
        56.0,
        57.0,
        58.0,
        59.0,
        60.0
    ],
    "Efficiency": [
        0.9641943734015346,
        0.9694656488549618,
        0.971000935453695,
        0.9727722772277227,
        0.9629898403483309,
        0.952621604548326,
        0.9538043478260869,
        0.9481018740989908,
        0.9375830013280213,
        0.9474290099769762,
        0.9464544138929089,
        0.9377352035579883,
        0.943545829368855,
        0.9474158653846154,
        0.9448818897637795,
        0.9479474107861551,
        0.9374045801526718,
        0.941147132169576,
        0.9394785847299814,
        0.9406034687574246,
        0.9392381397522785,
        0.938479809976247,
        0.9374503047972436,
        0.9240893786348332,
        0.9125315391084945,
        0.8711615487316422,
        0.8781038374717833,
        0.8221343873517787,
        0.7478991596638656,
        0.6776859504132231,
        0.5945945945945946,
        0.47368421052631576,
        0.4056603773584906,
        0.28888888888888886,
        0.18604651162790697,
        0.1016949152542373,
        0.058823529411764705,
        0.0,
        0.05084745762711865,
        0.027777777777777776
    ]
}