{
    "Bins": [
        20.0,
        21.0,
        22.0,
        23.0,
        24.0,
        25.0,
        26.0,
        27.0,
        28.0,
        29.0,
        30.0,
        31.0,
        32.0,
        33.0,
        34.0,
        35.0,
        36.0,
        37.0,
        38.0,
        39.0,
        40.0,
        41.0,
        42.0,
        43.0,
        44.0,
        45.0,
        46.0,
        47.0,
        48.0,
        49.0,
        50.0,
        51.0,
        52.0,
        53.0,
        54.0,
        55.0,
        56.0,
        57.0,
        58.0,
        59.0,
        60.0
    ],
    "Efficiency": [
        0.9705882352941176,
        0.9825517993456925,
        0.9812909260991581,
        0.985973597359736,
        0.9804063860667634,
        0.9772583701831965,
        0.9760869565217392,
        0.980297933685728,
        0.9725542275343072,
        0.9719877206446662,
        0.9739507959479016,
        0.9678412589804994,
        0.9720900729464003,
        0.9705528846153846,
        0.9676290463692039,
        0.9584115910920311,
        0.9513994910941476,
        0.9496259351620948,
        0.9404096834264432,
        0.9344262295081968,
        0.9273194671652255,
        0.9258907363420428,
        0.9149218128809966,
        0.8968472604836241,
        0.8763666947014298,
        0.8638184245660881,
        0.8510158013544018,
        0.8320158102766798,
        0.773109243697479,
        0.7355371900826446,
        0.7027027027027027,
        0.6015037593984962,
        0.6132075471698113,
        0.4777777777777778,
        0.4418604651162791,
        0.4067796610169492,
        0.3235294117647059,
        0.16981132075471697,
        0.13559322033898305,
        0.027777777777777776
    ]
}