{
    "Bins": [
        20.0,
        21.0,
        22.0,
        23.0,
        24.0,
        25.0,
        26.0,
        27.0,
        28.0,
        29.0,
        30.0,
        31.0,
        32.0,
        33.0,
        34.0,
        35.0,
        36.0,
        37.0,
        38.0,
        39.0,
        40.0,
        41.0,
        42.0,
        43.0,
        44.0,
        45.0,
        46.0,
        47.0,
        48.0,
        49.0,
        50.0,
        51.0,
        52.0,
        53.0,
        54.0,
        55.0,
        56.0,
        57.0,
        58.0,
        59.0,
        60.0
    ],
    "Efficiency": [
        0.9667519181585678,
        0.9781897491821155,
        0.9663236669784846,
        0.971947194719472,
        0.9680696661828737,
        0.9614655716993051,
        0.9625,
        0.9610764055742431,
        0.9570606463036742,
        0.953184957789716,
        0.9554992764109985,
        0.9466301744782758,
        0.9489375198223914,
        0.9456129807692307,
        0.9425488480606591,
        0.9323852964851087,
        0.9264631043256998,
        0.930922693266833,
        0.9213221601489758,
        0.922784509384652,
        0.9219443795279271,
        0.9178147268408551,
        0.9162470182878346,
        0.9041934496479951,
        0.9058031959629941,
        0.87716955941255,
        0.899548532731377,
        0.8774703557312253,
        0.876750700280112,
        0.8388429752066116,
        0.8594594594594595,
        0.8421052631578947,
        0.839622641509434,
        0.8333333333333334,
        0.813953488372093,
        0.8305084745762712,
        0.7941176470588235,
        0.7735849056603774,
        0.7796610169491526,
        0.8333333333333334
    ]
}