{
    "Bins": [
        20.0,
        21.0,
        22.0,
        23.0,
        24.0,
        25.0,
        26.0,
        27.0,
        28.0,
        29.0,
        30.0,
        31.0,
        32.0,
        33.0,
        34.0,
        35.0,
        36.0,
        37.0,
        38.0,
        39.0,
        40.0,
        41.0,
        42.0,
        43.0,
        44.0,
        45.0,
        46.0,
        47.0,
        48.0,
        49.0,
        50.0,
        51.0,
        52.0,
        53.0,
        54.0,
        55.0,
        56.0,
        57.0,
        58.0,
        59.0,
        60.0
    ],
    "Efficiency": [
        0.860613810741688,
        0.8735005452562704,
        0.8868101028999065,
        0.8976897689768977,
        0.9020319303338171,
        0.9020846493998737,
        0.9125,
        0.9255165785679962,
        0.9251881363435148,
        0.9324635456638527,
        0.9359623733719248,
        0.9353404036948341,
        0.9492546780843641,
        0.9381009615384616,
        0.9480898221055701,
        0.9463375368929434,
        0.9496183206106871,
        0.9521197007481297,
        0.9504189944134078,
        0.9539082917557614,
        0.9567655994391213,
        0.9562945368171022,
        0.9634243307712695,
        0.9611264156718702,
        0.9621530698065601,
        0.9532710280373832,
        0.9661399548532731,
        0.9288537549407114,
        0.9635854341736695,
        0.9504132231404959,
        0.9513513513513514,
        0.9323308270676691,
        0.9433962264150944,
        0.9,
        0.9418604651162791,
        0.9491525423728814,
        0.9558823529411765,
        0.9622641509433962,
        0.9322033898305084,
        0.9444444444444444
    ]
}