{
    "Bins": [
        20.0,
        21.0,
        22.0,
        23.0,
        24.0,
        25.0,
        26.0,
        27.0,
        28.0,
        29.0,
        30.0,
        31.0,
        32.0,
        33.0,
        34.0,
        35.0,
        36.0,
        37.0,
        38.0,
        39.0,
        40.0,
        41.0,
        42.0,
        43.0,
        44.0,
        45.0,
        46.0,
        47.0,
        48.0,
        49.0,
        50.0,
        51.0,
        52.0,
        53.0,
        54.0,
        55.0,
        56.0,
        57.0,
        58.0,
        59.0,
        60.0
    ],
    "Efficiency": [
        0.9514066496163683,
        0.9334787350054525,
        0.921421889616464,
        0.9249174917491749,
        0.8751814223512336,
        0.848389134554643,
        0.8385869565217391,
        0.8337337818356559,
        0.8154050464807437,
        0.8173445894090561,
        0.8332127351664255,
        0.8487854943551146,
        0.8582302568981922,
        0.8713942307692307,
        0.8810148731408574,
        0.8854306412664341,
        0.8867684478371501,
        0.9069825436408978,
        0.9078212290502793,
        0.9139938227607508,
        0.910025706940874,
        0.9242280285035629,
        0.9194275112642459,
        0.9115396388123661,
        0.9058031959629941,
        0.8865153538050734,
        0.8837471783295711,
        0.8616600790513834,
        0.7871148459383753,
        0.7727272727272727,
        0.7027027027027027,
        0.6390977443609023,
        0.5943396226415094,
        0.5666666666666667,
        0.6046511627906976,
        0.5423728813559322,
        0.4264705882352941,
        0.4716981132075472,
        0.5254237288135594,
        0.3333333333333333
    ]
}