{
    "Bins": [
        20.0,
        21.0,
        22.0,
        23.0,
        24.0,
        25.0,
        26.0,
        27.0,
        28.0,
        29.0,
        30.0,
        31.0,
        32.0,
        33.0,
        34.0,
        35.0,
        36.0,
        37.0,
        38.0,
        39.0,
        40.0,
        41.0,
        42.0,
        43.0,
        44.0,
        45.0,
        46.0,
        47.0,
        48.0,
        49.0,
        50.0,
        51.0,
        52.0,
        53.0,
        54.0,
        55.0,
        56.0,
        57.0,
        58.0,
        59.0,
        60.0
    ],
    "Efficiency": [
        0.9578005115089514,
        0.9629225736095965,
        0.9644527595884004,
        0.9653465346534653,
        0.9521044992743106,
        0.9469361970941251,
        0.9396739130434782,
        0.9317635752042287,
        0.9278441788401948,
        0.9313123561013047,
        0.9319826338639653,
        0.9206294902497434,
        0.9273707580082461,
        0.9287860576923077,
        0.9303003791192768,
        0.9259458009122619,
        0.9183206106870229,
        0.9231920199501247,
        0.9103817504655494,
        0.9040152055119981,
        0.8969385370413648,
        0.8942992874109263,
        0.8841770474423536,
        0.8625650443832262,
        0.8372582001682086,
        0.8130841121495327,
        0.8024830699774267,
        0.7529644268774703,
        0.6414565826330533,
        0.6157024793388429,
        0.5837837837837838,
        0.48120300751879697,
        0.3867924528301887,
        0.35555555555555557,
        0.3488372093023256,
        0.288135593220339,
        0.22058823529411764,
        0.1320754716981132,
        0.15254237288135594,
        0.08333333333333333
    ]
}