{
    "Bins": [
        20.0,
        21.0,
        22.0,
        23.0,
        24.0,
        25.0,
        26.0,
        27.0,
        28.0,
        29.0,
        30.0,
        31.0,
        32.0,
        33.0,
        34.0,
        35.0,
        36.0,
        37.0,
        38.0,
        39.0,
        40.0,
        41.0,
        42.0,
        43.0,
        44.0,
        45.0,
        46.0,
        47.0,
        48.0,
        49.0,
        50.0,
        51.0,
        52.0,
        53.0,
        54.0,
        55.0,
        56.0,
        57.0,
        58.0,
        59.0,
        60.0
    ],
    "Efficiency": [
        0.9769820971867008,
        0.9858233369683751,
        0.9822263797942001,
        0.9876237623762376,
        0.9804063860667634,
        0.9823120656980417,
        0.9782608695652174,
        0.9822200864968765,
        0.9760956175298805,
        0.9723714504988488,
        0.9746743849493488,
        0.9702360588436538,
        0.9739930225182366,
        0.96875,
        0.9652960046660835,
        0.9559967802522136,
        0.9486005089058525,
        0.9456359102244389,
        0.9348230912476723,
        0.9280114041339986,
        0.9193736854405234,
        0.9128266033254157,
        0.9021998409753512,
        0.8842975206611571,
        0.862910008410429,
        0.8451268357810414,
        0.835214446952596,
        0.8260869565217391,
        0.7366946778711485,
        0.7148760330578512,
        0.7081081081081081,
        0.6165413533834586,
        0.6226415094339622,
        0.6111111111111112,
        0.5232558139534884,
        0.4406779661016949,
        0.4117647058823529,
        0.2830188679245283,
        0.2711864406779661,
        0.1388888888888889
    ]
}