{
    "Bins": [
        20.0,
        21.0,
        22.0,
        23.0,
        24.0,
        25.0,
        26.0,
        27.0,
        28.0,
        29.0,
        30.0,
        31.0,
        32.0,
        33.0,
        34.0,
        35.0,
        36.0,
        37.0,
        38.0,
        39.0,
        40.0,
        41.0,
        42.0,
        43.0,
        44.0,
        45.0,
        46.0,
        47.0,
        48.0,
        49.0,
        50.0,
        51.0,
        52.0,
        53.0,
        54.0,
        55.0,
        56.0,
        57.0,
        58.0,
        59.0,
        60.0
    ],
    "Efficiency": [
        0.3491048593350384,
        0.37949836423118866,
        0.39756782039289057,
        0.36221122112211224,
        0.35776487663280115,
        0.38344914718888184,
        0.3934782608695652,
        0.3791446419990389,
        0.4068171757414785,
        0.40214888718342284,
        0.42981186685962375,
        0.4840916866233322,
        0.545512210593086,
        0.6168870192307693,
        0.6529600466608341,
        0.6396565602361148,
        0.6590330788804071,
        0.6446384039900249,
        0.6480446927374302,
        0.6395818484200523,
        0.6284178546389343,
        0.6429928741092636,
        0.6302676914921813,
        0.6323844505662688,
        0.6089150546677881,
        0.6455273698264352,
        0.5914221218961625,
        0.5652173913043478,
        0.6078431372549019,
        0.5950413223140496,
        0.5027027027027027,
        0.5338345864661654,
        0.5849056603773585,
        0.5666666666666667,
        0.6162790697674418,
        0.576271186440678,
        0.5147058823529411,
        0.5660377358490566,
        0.5423728813559322,
        0.6111111111111112
    ]
}