{
    "Bins": [
        20.0,
        21.0,
        22.0,
        23.0,
        24.0,
        25.0,
        26.0,
        27.0,
        28.0,
        29.0,
        30.0,
        31.0,
        32.0,
        33.0,
        34.0,
        35.0,
        36.0,
        37.0,
        38.0,
        39.0,
        40.0,
        41.0,
        42.0,
        43.0,
        44.0,
        45.0,
        46.0,
        47.0,
        48.0,
        49.0,
        50.0,
        51.0,
        52.0,
        53.0,
        54.0,
        55.0,
        56.0,
        57.0,
        58.0,
        59.0,
        60.0
    ],
    "Efficiency": [
        0.9846547314578005,
        0.9890948745910578,
        0.9887745556594949,
        0.9876237623762376,
        0.9862119013062409,
        0.98547062539482,
        0.9809782608695652,
        0.9851033157135992,
        0.9783089862771137,
        0.9773599386032233,
        0.9793777134587555,
        0.9757098871022921,
        0.9749444973041548,
        0.9711538461538461,
        0.9600466608340624,
        0.9511671585725785,
        0.9496183206106871,
        0.9468827930174564,
        0.9373836126629422,
        0.9382276075077215,
        0.9357326478149101,
        0.9289786223277909,
        0.9279088258680095,
        0.9136822773186409,
        0.9083263246425568,
        0.9032042723631508,
        0.9063205417607223,
        0.8932806324110671,
        0.8487394957983193,
        0.8347107438016529,
        0.8486486486486486,
        0.8120300751879699,
        0.8207547169811321,
        0.8222222222222222,
        0.8255813953488372,
        0.8135593220338984,
        0.8235294117647058,
        0.7924528301886793,
        0.7288135593220338,
        0.7777777777777778
    ]
}