{
    "Bins": [
        20.0,
        21.0,
        22.0,
        23.0,
        24.0,
        25.0,
        26.0,
        27.0,
        28.0,
        29.0,
        30.0,
        31.0,
        32.0,
        33.0,
        34.0,
        35.0,
        36.0,
        37.0,
        38.0,
        39.0,
        40.0,
        41.0,
        42.0,
        43.0,
        44.0,
        45.0,
        46.0,
        47.0,
        48.0,
        49.0,
        50.0,
        51.0,
        52.0,
        53.0,
        54.0,
        55.0,
        56.0,
        57.0,
        58.0,
        59.0,
        60.0
    ],
    "Efficiency": [
        0.9718670076726342,
        0.9716466739367503,
        0.971000935453695,
        0.9686468646864687,
        0.9608127721335269,
        0.9570435881238155,
        0.946195652173913,
        0.9389716482460355,
        0.9402390438247012,
        0.9412893323100537,
        0.9403039073806078,
        0.9349982894286691,
        0.9394227719632097,
        0.9408052884615384,
        0.9477981918926801,
        0.9468741615240139,
        0.9435114503816794,
        0.943640897755611,
        0.9422718808193669,
        0.9360893323829889,
        0.9420425333021734,
        0.9394299287410927,
        0.9395706334481845,
        0.9286807468625651,
        0.9108494533221194,
        0.8805073431241656,
        0.8702031602708804,
        0.8142292490118577,
        0.7591036414565826,
        0.71900826446281,
        0.6648648648648648,
        0.5413533834586466,
        0.4339622641509434,
        0.43333333333333335,
        0.3953488372093023,
        0.3898305084745763,
        0.22058823529411764,
        0.11320754716981132,
        0.23728813559322035,
        0.2777777777777778
    ]
}