{
    "Bins": [
        20.0,
        21.0,
        22.0,
        23.0,
        24.0,
        25.0,
        26.0,
        27.0,
        28.0,
        29.0,
        30.0,
        31.0,
        32.0,
        33.0,
        34.0,
        35.0,
        36.0,
        37.0,
        38.0,
        39.0,
        40.0,
        41.0,
        42.0,
        43.0,
        44.0,
        45.0,
        46.0,
        47.0,
        48.0,
        49.0,
        50.0,
        51.0,
        52.0,
        53.0,
        54.0,
        55.0,
        56.0,
        57.0,
        58.0,
        59.0,
        60.0
    ],
    "Efficiency": [
        0.7468030690537084,
        0.7699018538713195,
        0.7792329279700655,
        0.7986798679867987,
        0.7917271407837445,
        0.7921667719519899,
        0.8032608695652174,
        0.8332532436328688,
        0.8282425852146967,
        0.8254029163468918,
        0.8328509406657019,
        0.827232295586726,
        0.8411037107516651,
        0.8485576923076923,
        0.8550597841936425,
        0.854038100348806,
        0.8547073791348601,
        0.8738154613466335,
        0.875465549348231,
        0.8752672843905915,
        0.8805795746669782,
        0.8845605700712589,
        0.8942486085343229,
        0.9029690847872666,
        0.8961312026913373,
        0.8991989319092123,
        0.8984198645598194,
        0.9011857707509882,
        0.896358543417367,
        0.8636363636363636,
        0.8972972972972973,
        0.9022556390977443,
        0.8962264150943396,
        0.9,
        0.8837209302325582,
        0.8983050847457628,
        0.7941176470588235,
        0.8490566037735849,
        0.864406779661017,
        0.9166666666666666
    ]
}