{
    "Bins": [
        20.0,
        21.0,
        22.0,
        23.0,
        24.0,
        25.0,
        26.0,
        27.0,
        28.0,
        29.0,
        30.0,
        31.0,
        32.0,
        33.0,
        34.0,
        35.0,
        36.0,
        37.0,
        38.0,
        39.0,
        40.0,
        41.0,
        42.0,
        43.0,
        44.0,
        45.0,
        46.0,
        47.0,
        48.0,
        49.0,
        50.0,
        51.0,
        52.0,
        53.0,
        54.0,
        55.0,
        56.0,
        57.0,
        58.0,
        59.0,
        60.0
    ],
    "Efficiency": [
        0.8260869565217391,
        0.8015267175572519,
        0.804490177736202,
        0.7681518151815182,
        0.7735849056603774,
        0.7927984838913456,
        0.7934782608695652,
        0.7640557424315233,
        0.7724656927844179,
        0.7475057559478128,
        0.751808972503618,
        0.7362299007868628,
        0.7516650808753568,
        0.7490985576923077,
        0.7349081364829396,
        0.7357123691977462,
        0.7353689567430025,
        0.7254364089775561,
        0.7267225325884544,
        0.7222618199097173,
        0.7162888525356391,
        0.7054631828978623,
        0.7089848926583621,
        0.7049280685644322,
        0.7119428090832632,
        0.6862483311081442,
        0.7133182844243793,
        0.7134387351778656,
        0.7058823529411765,
        0.7066115702479339,
        0.7513513513513513,
        0.7142857142857143,
        0.7169811320754716,
        0.7,
        0.6046511627906976,
        0.6271186440677966,
        0.6470588235294118,
        0.660377358490566,
        0.6779661016949152,
        0.6388888888888888
    ]
}