{
    "False Positive Rate": [
        0.0,
        0.04908751025458262,
        0.08853235068655271,
        0.11935661739984131,
        0.15667657382627057,
        0.22425595438223705,
        1.0
    ],
    "True Positive Rate": [
        0.0,
        0.639954807731106,
        0.8755060592610526,
        0.9460113787677037,
        0.9734495420247751,
        0.9882446300555489,
        1.0
    ],
    "ROC AUC": 0.9469555237559031
}