{
    "False Positive Rate": [
        0.0,
        0.09976195919684765,
        1.0
    ],
    "True Positive Rate": [
        0.0,
        0.9001331557922769,
        1.0
    ],
    "ROC AUC": 0.9001855982977147
}