Classifier,Accuracy,TN,FP,FN,TP,Precision,Recall,F1,MSE,EventCount,Rate
XGBClassifier,0.9218,8859.0,1106.0,458.0,9577.0,0.896471028737246,0.954359740906826,0.9245100878463172,0.0782,4555.0,68.70251209718934
HistGradientBoostingClassifier,0.9216,8871.0,1094.0,474.0,9561.0,0.897325199436884,0.9527653213751868,0.924214596423393,0.0784,4516.0,68.11427983115412
SVC,0.9194,8660.0,1305.0,307.0,9728.0,0.8817184809208738,0.9694070752366716,0.9234858553256124,0.0806,5275.0,79.56218470091629
RandomForestClassifier,0.91685,8872.0,1093.0,570.0,9465.0,0.8964766054176927,0.9431988041853512,0.9192444034380616,0.08315,4397.0,66.31941727581592
GradientBoostingClassifier,0.91445,8914.0,1051.0,660.0,9375.0,0.8991943218875887,0.9342301943198804,0.9163774986559796,0.08555,4197.0,63.30284155255843
VotingClassifier,0.91315,9012.0,953.0,784.0,9251.0,0.9066052528420228,0.921873442949676,0.914175601561342,0.08685,3993.0,60.22593431483579
AdaBoostClassifier,0.9125,8917.0,1048.0,702.0,9333.0,0.8990463346498411,0.9300448430493272,0.9142829153605015,0.0875,4326.0,65.24853289405951
