{
    "Precision": [
        0.4999731012871034,
        0.9129852382047708,
        1.0
    ],
    "Recall": [
        1.0,
        0.9075575999677198,
        0.0
    ],
    "Precision-Recall AUC": 0.9333807758035264,
    "Chance Level": 0.4999731012871034
}