{
    "Precision": [
        0.4999731012871034,
        0.8987064916941738,
        1.0
    ],
    "Recall": [
        1.0,
        0.9008460100337597,
        0.0
    ],
    "Precision-Recall AUC": 0.9245634147981725,
    "Chance Level": 0.4999731012871034
}