{
    "Precision": [
        0.4999731012871034,
        0.8239317389305616,
        0.8678160229551103,
        0.8922908554121809,
        0.9126958431284224,
        0.9323308270676691,
        1.0
    ],
    "Recall": [
        1.0,
        0.9883656807758007,
        0.9722121346622012,
        0.9430927114016329,
        0.8720628387738907,
        0.6421068205355822,
        0.0
    ],
    "Precision-Recall AUC": 0.9436147598489838,
    "Chance Level": 0.4999731012871034
}