{
    "Bins": [
        20.0,
        21.0,
        22.0,
        23.0,
        24.0,
        25.0,
        26.0,
        27.0,
        28.0,
        29.0,
        30.0,
        31.0,
        32.0,
        33.0,
        34.0,
        35.0,
        36.0,
        37.0,
        38.0,
        39.0,
        40.0,
        41.0,
        42.0,
        43.0,
        44.0,
        45.0,
        46.0,
        47.0,
        48.0,
        49.0,
        50.0,
        51.0,
        52.0,
        53.0,
        54.0,
        55.0,
        56.0,
        57.0,
        58.0,
        59.0,
        60.0
    ],
    "Efficiency": [
        0.9574468085106383,
        1.0,
        0.9765625,
        0.9745222929936306,
        0.9521276595744681,
        0.9086294416243654,
        0.8840579710144928,
        0.8408304498269896,
        0.8954802259887006,
        0.896358543417367,
        0.9095354523227384,
        0.9253333333333333,
        0.9145496535796767,
        0.953810623556582,
        0.9469214437367304,
        0.9490835030549898,
        0.9684014869888475,
        0.9705340699815838,
        0.9761467889908257,
        0.9626623376623377,
        0.9696428571428571,
        0.9790209790209791,
        0.9738430583501007,
        0.9705215419501134,
        0.9789156626506024,
        0.9341317365269461,
        0.9083333333333333,
        0.8888888888888888,
        0.8837209302325582,
        0.8214285714285714,
        0.64,
        0.7142857142857143,
        0.4375,
        0.631578947368421,
        0.375,
        0.1111111111111111,
        0.7142857142857143,
        0.6666666666666666,
        0.625,
        0.5
    ]
}