{
    "Bins": [
        20.0,
        21.0,
        22.0,
        23.0,
        24.0,
        25.0,
        26.0,
        27.0,
        28.0,
        29.0,
        30.0,
        31.0,
        32.0,
        33.0,
        34.0,
        35.0,
        36.0,
        37.0,
        38.0,
        39.0,
        40.0,
        41.0,
        42.0,
        43.0,
        44.0,
        45.0,
        46.0,
        47.0,
        48.0,
        49.0,
        50.0,
        51.0,
        52.0,
        53.0,
        54.0,
        55.0,
        56.0,
        57.0,
        58.0,
        59.0,
        60.0
    ],
    "Efficiency": [
        0.9893617021276596,
        1.0,
        0.9921875,
        0.9872611464968153,
        0.9680851063829787,
        0.9644670050761421,
        0.9492753623188406,
        0.9100346020761245,
        0.9519774011299436,
        0.957983193277311,
        0.9682151589242054,
        0.9733333333333334,
        0.9491916859122402,
        0.9699769053117783,
        0.9681528662420382,
        0.9775967413441955,
        0.983271375464684,
        0.9871086556169429,
        0.9743119266055046,
        0.9886363636363636,
        0.9839285714285714,
        0.9912587412587412,
        0.9778672032193159,
        0.9841269841269841,
        0.9819277108433735,
        0.9700598802395209,
        0.975,
        0.9305555555555556,
        0.9069767441860465,
        0.9285714285714286,
        0.84,
        0.7142857142857143,
        0.75,
        0.631578947368421,
        0.75,
        0.3333333333333333,
        1.0,
        0.8888888888888888,
        0.75,
        0.8333333333333334
    ]
}