{
    "Bins": [
        20.0,
        21.0,
        22.0,
        23.0,
        24.0,
        25.0,
        26.0,
        27.0,
        28.0,
        29.0,
        30.0,
        31.0,
        32.0,
        33.0,
        34.0,
        35.0,
        36.0,
        37.0,
        38.0,
        39.0,
        40.0,
        41.0,
        42.0,
        43.0,
        44.0,
        45.0,
        46.0,
        47.0,
        48.0,
        49.0,
        50.0,
        51.0,
        52.0,
        53.0,
        54.0,
        55.0,
        56.0,
        57.0,
        58.0,
        59.0,
        60.0
    ],
    "Efficiency": [
        0.9893617021276596,
        0.9834710743801653,
        0.96875,
        0.9745222929936306,
        0.9946808510638298,
        0.9796954314720813,
        0.9782608695652174,
        0.9826989619377162,
        0.9745762711864406,
        0.9859943977591037,
        0.9828850855745721,
        0.992,
        0.9953810623556582,
        0.9884526558891455,
        0.9830148619957537,
        0.9918533604887984,
        0.9814126394052045,
        0.990791896869245,
        0.9889908256880734,
        0.9918831168831169,
        0.9767857142857143,
        0.9807692307692307,
        0.9919517102615694,
        0.9931972789115646,
        0.9879518072289156,
        0.9880239520958084,
        0.9833333333333333,
        0.9722222222222222,
        0.9534883720930233,
        0.9642857142857143,
        0.92,
        1.0,
        1.0,
        0.9473684210526315,
        1.0,
        0.8888888888888888,
        1.0,
        1.0,
        1.0,
        1.0
    ]
}