{
    "Bins": [
        20.0,
        21.0,
        22.0,
        23.0,
        24.0,
        25.0,
        26.0,
        27.0,
        28.0,
        29.0,
        30.0,
        31.0,
        32.0,
        33.0,
        34.0,
        35.0,
        36.0,
        37.0,
        38.0,
        39.0,
        40.0,
        41.0,
        42.0,
        43.0,
        44.0,
        45.0,
        46.0,
        47.0,
        48.0,
        49.0,
        50.0,
        51.0,
        52.0,
        53.0,
        54.0,
        55.0,
        56.0,
        57.0,
        58.0,
        59.0,
        60.0
    ],
    "Efficiency": [
        0.9893617021276596,
        1.0,
        0.9921875,
        0.9872611464968153,
        0.9787234042553191,
        0.9644670050761421,
        0.9492753623188406,
        0.9065743944636678,
        0.9576271186440678,
        0.9523809523809523,
        0.9657701711491442,
        0.9733333333333334,
        0.9445727482678984,
        0.9699769053117783,
        0.9745222929936306,
        0.9816700610997964,
        0.9758364312267658,
        0.9779005524861878,
        0.981651376146789,
        0.9902597402597403,
        0.9857142857142858,
        0.9947552447552448,
        0.9839034205231388,
        0.9863945578231292,
        0.9849397590361446,
        0.9760479041916168,
        0.9833333333333333,
        0.9583333333333334,
        0.9302325581395349,
        0.9642857142857143,
        0.84,
        0.8571428571428571,
        0.5,
        0.631578947368421,
        0.5,
        0.3333333333333333,
        0.7142857142857143,
        0.8888888888888888,
        0.75,
        0.5
    ]
}