{
    "Bins": [
        20.0,
        21.0,
        22.0,
        23.0,
        24.0,
        25.0,
        26.0,
        27.0,
        28.0,
        29.0,
        30.0,
        31.0,
        32.0,
        33.0,
        34.0,
        35.0,
        36.0,
        37.0,
        38.0,
        39.0,
        40.0,
        41.0,
        42.0,
        43.0,
        44.0,
        45.0,
        46.0,
        47.0,
        48.0,
        49.0,
        50.0,
        51.0,
        52.0,
        53.0,
        54.0,
        55.0,
        56.0,
        57.0,
        58.0,
        59.0,
        60.0
    ],
    "Efficiency": [
        1.0,
        1.0,
        0.9921875,
        0.9872611464968153,
        0.9893617021276596,
        0.9847715736040609,
        0.9818840579710145,
        0.9688581314878892,
        0.9858757062146892,
        0.9859943977591037,
        0.9902200488997555,
        0.9893333333333333,
        0.9792147806004619,
        0.9838337182448037,
        0.9915074309978769,
        0.9877800407331976,
        0.9851301115241635,
        0.992633517495396,
        0.9871559633027523,
        0.9902597402597403,
        0.9910714285714286,
        0.9965034965034965,
        0.9959758551307847,
        0.9886621315192744,
        0.9939759036144579,
        0.9760479041916168,
        0.9916666666666667,
        0.9722222222222222,
        0.9767441860465116,
        0.9642857142857143,
        0.88,
        0.9285714285714286,
        0.875,
        0.6842105263157895,
        0.75,
        0.5555555555555556,
        1.0,
        0.7777777777777778,
        0.75,
        0.5
    ]
}