{
    "Bins": [
        20.0,
        21.0,
        22.0,
        23.0,
        24.0,
        25.0,
        26.0,
        27.0,
        28.0,
        29.0,
        30.0,
        31.0,
        32.0,
        33.0,
        34.0,
        35.0,
        36.0,
        37.0,
        38.0,
        39.0,
        40.0,
        41.0,
        42.0,
        43.0,
        44.0,
        45.0,
        46.0,
        47.0,
        48.0,
        49.0,
        50.0,
        51.0,
        52.0,
        53.0,
        54.0,
        55.0,
        56.0,
        57.0,
        58.0,
        59.0,
        60.0
    ],
    "Efficiency": [
        1.0,
        0.9917355371900827,
        0.9765625,
        0.9872611464968153,
        0.9893617021276596,
        0.9898477157360406,
        0.9818840579710145,
        0.9688581314878892,
        0.980225988700565,
        0.9803921568627451,
        0.9828850855745721,
        0.9866666666666667,
        0.9722863741339491,
        0.9630484988452656,
        0.9681528662420382,
        0.9775967413441955,
        0.9684014869888475,
        0.9760589318600368,
        0.9596330275229358,
        0.9675324675324676,
        0.95,
        0.9667832167832168,
        0.959758551307847,
        0.963718820861678,
        0.9578313253012049,
        0.9520958083832335,
        0.9666666666666667,
        0.9027777777777778,
        0.9302325581395349,
        0.8928571428571429,
        0.92,
        0.8571428571428571,
        0.875,
        0.7894736842105263,
        0.875,
        0.5555555555555556,
        1.0,
        1.0,
        1.0,
        1.0
    ]
}