{
    "Bins": [
        20.0,
        21.0,
        22.0,
        23.0,
        24.0,
        25.0,
        26.0,
        27.0,
        28.0,
        29.0,
        30.0,
        31.0,
        32.0,
        33.0,
        34.0,
        35.0,
        36.0,
        37.0,
        38.0,
        39.0,
        40.0,
        41.0,
        42.0,
        43.0,
        44.0,
        45.0,
        46.0,
        47.0,
        48.0,
        49.0,
        50.0,
        51.0,
        52.0,
        53.0,
        54.0,
        55.0,
        56.0,
        57.0,
        58.0,
        59.0,
        60.0
    ],
    "Efficiency": [
        1.0,
        1.0,
        0.9921875,
        0.9872611464968153,
        0.9893617021276596,
        0.9898477157360406,
        0.9855072463768116,
        0.9757785467128027,
        0.9858757062146892,
        0.988795518207283,
        0.9853300733496333,
        0.9946666666666667,
        0.9745958429561201,
        0.9722863741339491,
        0.9787685774946921,
        0.9816700610997964,
        0.9739776951672863,
        0.9871086556169429,
        0.963302752293578,
        0.9756493506493507,
        0.9642857142857143,
        0.9790209790209791,
        0.9678068410462777,
        0.9773242630385488,
        0.9728915662650602,
        0.9700598802395209,
        0.975,
        0.9444444444444444,
        0.9534883720930233,
        0.9285714285714286,
        0.92,
        0.8571428571428571,
        0.875,
        0.8421052631578947,
        1.0,
        0.6666666666666666,
        1.0,
        1.0,
        1.0,
        1.0
    ]
}