{
    "Bins": [
        20.0,
        21.0,
        22.0,
        23.0,
        24.0,
        25.0,
        26.0,
        27.0,
        28.0,
        29.0,
        30.0,
        31.0,
        32.0,
        33.0,
        34.0,
        35.0,
        36.0,
        37.0,
        38.0,
        39.0,
        40.0,
        41.0,
        42.0,
        43.0,
        44.0,
        45.0,
        46.0,
        47.0,
        48.0,
        49.0,
        50.0,
        51.0,
        52.0,
        53.0,
        54.0,
        55.0,
        56.0,
        57.0,
        58.0,
        59.0,
        60.0
    ],
    "Efficiency": [
        0.9893617021276596,
        1.0,
        0.9921875,
        0.9808917197452229,
        0.9680851063829787,
        0.949238578680203,
        0.9347826086956522,
        0.8961937716262975,
        0.9491525423728814,
        0.9439775910364145,
        0.9559902200488998,
        0.9733333333333334,
        0.9491916859122402,
        0.9676674364896074,
        0.9681528662420382,
        0.9735234215885947,
        0.9758364312267658,
        0.9834254143646409,
        0.9798165137614679,
        0.987012987012987,
        0.9839285714285714,
        0.9947552447552448,
        0.9899396378269618,
        0.981859410430839,
        0.9879518072289156,
        0.9940119760479041,
        0.95,
        0.9722222222222222,
        0.9302325581395349,
        0.9642857142857143,
        0.88,
        0.8571428571428571,
        0.5625,
        0.5263157894736842,
        0.375,
        0.3333333333333333,
        0.5714285714285714,
        0.6666666666666666,
        0.625,
        0.5
    ]
}