{
    "Bins": [
        20.0,
        21.0,
        22.0,
        23.0,
        24.0,
        25.0,
        26.0,
        27.0,
        28.0,
        29.0,
        30.0,
        31.0,
        32.0,
        33.0,
        34.0,
        35.0,
        36.0,
        37.0,
        38.0,
        39.0,
        40.0,
        41.0,
        42.0,
        43.0,
        44.0,
        45.0,
        46.0,
        47.0,
        48.0,
        49.0,
        50.0,
        51.0,
        52.0,
        53.0,
        54.0,
        55.0,
        56.0,
        57.0,
        58.0,
        59.0,
        60.0
    ],
    "Efficiency": [
        0.9893617021276596,
        1.0,
        0.9921875,
        0.9872611464968153,
        0.973404255319149,
        0.9644670050761421,
        0.9601449275362319,
        0.9134948096885813,
        0.9519774011299436,
        0.9551820728291317,
        0.9486552567237164,
        0.9573333333333334,
        0.9330254041570438,
        0.9699769053117783,
        0.9532908704883227,
        0.9694501018329938,
        0.9628252788104089,
        0.9834254143646409,
        0.9743119266055046,
        0.9821428571428571,
        0.9785714285714285,
        0.9825174825174825,
        0.9698189134808853,
        0.9727891156462585,
        0.9819277108433735,
        0.9700598802395209,
        0.925,
        0.9444444444444444,
        0.8604651162790697,
        0.9285714285714286,
        0.84,
        0.7857142857142857,
        0.625,
        0.6842105263157895,
        0.625,
        0.5555555555555556,
        1.0,
        0.8888888888888888,
        1.0,
        0.6666666666666666
    ]
}