{
    "Bins": [
        20.0,
        21.0,
        22.0,
        23.0,
        24.0,
        25.0,
        26.0,
        27.0,
        28.0,
        29.0,
        30.0,
        31.0,
        32.0,
        33.0,
        34.0,
        35.0,
        36.0,
        37.0,
        38.0,
        39.0,
        40.0,
        41.0,
        42.0,
        43.0,
        44.0,
        45.0,
        46.0,
        47.0,
        48.0,
        49.0,
        50.0,
        51.0,
        52.0,
        53.0,
        54.0,
        55.0,
        56.0,
        57.0,
        58.0,
        59.0,
        60.0
    ],
    "Efficiency": [
        0.9893617021276596,
        0.9917355371900827,
        0.96875,
        0.9681528662420382,
        0.9893617021276596,
        0.9847715736040609,
        0.9782608695652174,
        0.9584775086505191,
        0.9745762711864406,
        0.9747899159663865,
        0.9657701711491442,
        0.9866666666666667,
        0.9676674364896074,
        0.9676674364896074,
        0.9681528662420382,
        0.9735234215885947,
        0.9702602230483272,
        0.9760589318600368,
        0.9541284403669725,
        0.9691558441558441,
        0.9517857142857142,
        0.9737762237762237,
        0.959758551307847,
        0.9750566893424036,
        0.9759036144578314,
        0.9700598802395209,
        0.9666666666666667,
        0.9583333333333334,
        0.9069767441860465,
        0.9285714285714286,
        0.88,
        1.0,
        0.9375,
        0.8947368421052632,
        1.0,
        0.8888888888888888,
        1.0,
        0.8888888888888888,
        1.0,
        1.0
    ]
}