{
    "Bins": [
        20.0,
        21.0,
        22.0,
        23.0,
        24.0,
        25.0,
        26.0,
        27.0,
        28.0,
        29.0,
        30.0,
        31.0,
        32.0,
        33.0,
        34.0,
        35.0,
        36.0,
        37.0,
        38.0,
        39.0,
        40.0,
        41.0,
        42.0,
        43.0,
        44.0,
        45.0,
        46.0,
        47.0,
        48.0,
        49.0,
        50.0,
        51.0,
        52.0,
        53.0,
        54.0,
        55.0,
        56.0,
        57.0,
        58.0,
        59.0,
        60.0
    ],
    "Efficiency": [
        1.0,
        0.9917355371900827,
        0.9921875,
        0.9745222929936306,
        1.0,
        0.9898477157360406,
        0.9818840579710145,
        0.9826989619377162,
        0.963276836158192,
        0.9803921568627451,
        0.9779951100244498,
        0.9866666666666667,
        0.9815242494226328,
        0.9884526558891455,
        0.9681528662420382,
        0.9714867617107943,
        0.9591078066914498,
        0.9834254143646409,
        0.9706422018348624,
        0.9659090909090909,
        0.9589285714285715,
        0.9597902097902098,
        0.9758551307847082,
        0.981859410430839,
        0.9879518072289156,
        0.9520958083832335,
        0.9583333333333334,
        0.9583333333333334,
        0.9302325581395349,
        0.9285714285714286,
        0.92,
        1.0,
        0.9375,
        0.8421052631578947,
        1.0,
        0.8888888888888888,
        1.0,
        1.0,
        1.0,
        0.8333333333333334
    ]
}