{
    "Bins": [
        20.0,
        21.0,
        22.0,
        23.0,
        24.0,
        25.0,
        26.0,
        27.0,
        28.0,
        29.0,
        30.0,
        31.0,
        32.0,
        33.0,
        34.0,
        35.0,
        36.0,
        37.0,
        38.0,
        39.0,
        40.0,
        41.0,
        42.0,
        43.0,
        44.0,
        45.0,
        46.0,
        47.0,
        48.0,
        49.0,
        50.0,
        51.0,
        52.0,
        53.0,
        54.0,
        55.0,
        56.0,
        57.0,
        58.0,
        59.0,
        60.0
    ],
    "Efficiency": [
        1.0,
        1.0,
        0.984375,
        0.9872611464968153,
        0.9468085106382979,
        0.9187817258883249,
        0.927536231884058,
        0.8961937716262975,
        0.9293785310734464,
        0.9467787114845938,
        0.9633251833740831,
        0.952,
        0.9515011547344111,
        0.9722863741339491,
        0.9681528662420382,
        0.9775967413441955,
        0.9795539033457249,
        0.9797421731123389,
        0.9761467889908257,
        0.987012987012987,
        0.9910714285714286,
        0.9912587412587412,
        0.993963782696177,
        0.9909297052154195,
        0.9819277108433735,
        0.9640718562874252,
        0.9833333333333333,
        0.9722222222222222,
        0.813953488372093,
        0.9642857142857143,
        0.8,
        0.7857142857142857,
        0.4375,
        0.6842105263157895,
        0.625,
        0.4444444444444444,
        0.8571428571428571,
        0.6666666666666666,
        0.75,
        0.3333333333333333
    ]
}