{
    "Bins": [
        20.0,
        21.0,
        22.0,
        23.0,
        24.0,
        25.0,
        26.0,
        27.0,
        28.0,
        29.0,
        30.0,
        31.0,
        32.0,
        33.0,
        34.0,
        35.0,
        36.0,
        37.0,
        38.0,
        39.0,
        40.0,
        41.0,
        42.0,
        43.0,
        44.0,
        45.0,
        46.0,
        47.0,
        48.0,
        49.0,
        50.0,
        51.0,
        52.0,
        53.0,
        54.0,
        55.0,
        56.0,
        57.0,
        58.0,
        59.0,
        60.0
    ],
    "Efficiency": [
        0.9680851063829787,
        0.9669421487603306,
        0.9453125,
        0.9681528662420382,
        0.973404255319149,
        0.9746192893401016,
        0.967391304347826,
        0.9757785467128027,
        0.9717514124293786,
        0.969187675070028,
        0.9731051344743277,
        0.9466666666666667,
        0.9607390300230947,
        0.9607390300230947,
        0.9617834394904459,
        0.9592668024439919,
        0.9609665427509294,
        0.9723756906077348,
        0.9596330275229358,
        0.9675324675324676,
        0.9571428571428572,
        0.9597902097902098,
        0.959758551307847,
        0.9750566893424036,
        0.9548192771084337,
        0.9760479041916168,
        0.9666666666666667,
        0.9722222222222222,
        0.9767441860465116,
        1.0,
        0.88,
        0.9285714285714286,
        1.0,
        1.0,
        1.0,
        1.0,
        1.0,
        0.8888888888888888,
        1.0,
        1.0
    ]
}