{
    "Bins": [
        20.0,
        21.0,
        22.0,
        23.0,
        24.0,
        25.0,
        26.0,
        27.0,
        28.0,
        29.0,
        30.0,
        31.0,
        32.0,
        33.0,
        34.0,
        35.0,
        36.0,
        37.0,
        38.0,
        39.0,
        40.0,
        41.0,
        42.0,
        43.0,
        44.0,
        45.0,
        46.0,
        47.0,
        48.0,
        49.0,
        50.0,
        51.0,
        52.0,
        53.0,
        54.0,
        55.0,
        56.0,
        57.0,
        58.0,
        59.0,
        60.0
    ],
    "Efficiency": [
        0.9893617021276596,
        0.9917355371900827,
        0.9765625,
        0.9681528662420382,
        0.9893617021276596,
        0.9898477157360406,
        0.9782608695652174,
        0.972318339100346,
        0.9745762711864406,
        0.9859943977591037,
        0.980440097799511,
        0.9946666666666667,
        0.9815242494226328,
        0.9815242494226328,
        0.9766454352441614,
        0.9837067209775967,
        0.9758364312267658,
        0.9852670349907919,
        0.963302752293578,
        0.9805194805194806,
        0.9642857142857143,
        0.9755244755244755,
        0.9637826961770624,
        0.9750566893424036,
        0.9789156626506024,
        0.9760479041916168,
        0.9666666666666667,
        0.9583333333333334,
        0.9069767441860465,
        0.9285714285714286,
        0.84,
        0.8571428571428571,
        0.875,
        0.8947368421052632,
        1.0,
        0.6666666666666666,
        1.0,
        0.5555555555555556,
        1.0,
        0.5
    ]
}