{
    "Bins": [
        20.0,
        21.0,
        22.0,
        23.0,
        24.0,
        25.0,
        26.0,
        27.0,
        28.0,
        29.0,
        30.0,
        31.0,
        32.0,
        33.0,
        34.0,
        35.0,
        36.0,
        37.0,
        38.0,
        39.0,
        40.0,
        41.0,
        42.0,
        43.0,
        44.0,
        45.0,
        46.0,
        47.0,
        48.0,
        49.0,
        50.0,
        51.0,
        52.0,
        53.0,
        54.0,
        55.0,
        56.0,
        57.0,
        58.0,
        59.0,
        60.0
    ],
    "Efficiency": [
        0.9787234042553191,
        0.9752066115702479,
        0.953125,
        0.9426751592356688,
        0.8829787234042553,
        0.8324873096446701,
        0.8188405797101449,
        0.7612456747404844,
        0.8248587570621468,
        0.8543417366946778,
        0.8312958435207825,
        0.856,
        0.8498845265588915,
        0.8983833718244804,
        0.8768577494692145,
        0.8716904276985743,
        0.9070631970260223,
        0.8931860036832413,
        0.908256880733945,
        0.9237012987012987,
        0.9142857142857143,
        0.9475524475524476,
        0.9154929577464789,
        0.9160997732426304,
        0.9186746987951807,
        0.874251497005988,
        0.85,
        0.9166666666666666,
        0.813953488372093,
        0.7857142857142857,
        0.68,
        0.5714285714285714,
        0.75,
        0.7368421052631579,
        0.375,
        0.3333333333333333,
        0.7142857142857143,
        0.6666666666666666,
        0.5,
        0.6666666666666666
    ]
}