{
    "Bins": [
        20.0,
        21.0,
        22.0,
        23.0,
        24.0,
        25.0,
        26.0,
        27.0,
        28.0,
        29.0,
        30.0,
        31.0,
        32.0,
        33.0,
        34.0,
        35.0,
        36.0,
        37.0,
        38.0,
        39.0,
        40.0,
        41.0,
        42.0,
        43.0,
        44.0,
        45.0,
        46.0,
        47.0,
        48.0,
        49.0,
        50.0,
        51.0,
        52.0,
        53.0,
        54.0,
        55.0,
        56.0,
        57.0,
        58.0,
        59.0,
        60.0
    ],
    "Efficiency": [
        0.9680851063829787,
        1.0,
        0.984375,
        0.9872611464968153,
        0.973404255319149,
        0.9289340101522843,
        0.9311594202898551,
        0.9065743944636678,
        0.9378531073446328,
        0.9439775910364145,
        0.9462102689486552,
        0.9626666666666667,
        0.9422632794457275,
        0.9699769053117783,
        0.9596602972399151,
        0.9694501018329938,
        0.9702602230483272,
        0.9834254143646409,
        0.9798165137614679,
        0.9805194805194806,
        0.9839285714285714,
        0.9947552447552448,
        0.9839034205231388,
        0.9841269841269841,
        0.9879518072289156,
        0.9760479041916168,
        0.9666666666666667,
        0.9444444444444444,
        0.8604651162790697,
        1.0,
        0.92,
        0.7142857142857143,
        0.5,
        0.5789473684210527,
        0.5,
        0.3333333333333333,
        0.8571428571428571,
        0.5555555555555556,
        0.875,
        0.5
    ]
}