{
    "Bins": [
        20.0,
        21.0,
        22.0,
        23.0,
        24.0,
        25.0,
        26.0,
        27.0,
        28.0,
        29.0,
        30.0,
        31.0,
        32.0,
        33.0,
        34.0,
        35.0,
        36.0,
        37.0,
        38.0,
        39.0,
        40.0,
        41.0,
        42.0,
        43.0,
        44.0,
        45.0,
        46.0,
        47.0,
        48.0,
        49.0,
        50.0,
        51.0,
        52.0,
        53.0,
        54.0,
        55.0,
        56.0,
        57.0,
        58.0,
        59.0,
        60.0
    ],
    "Efficiency": [
        0.9680851063829787,
        0.9834710743801653,
        0.9609375,
        0.9617834394904459,
        0.9893617021276596,
        0.9746192893401016,
        0.9782608695652174,
        0.9515570934256056,
        0.9745762711864406,
        0.9663865546218487,
        0.9657701711491442,
        0.9626666666666667,
        0.9353348729792148,
        0.9491916859122402,
        0.9447983014861996,
        0.9470468431771895,
        0.9442379182156134,
        0.9539594843462247,
        0.9431192660550459,
        0.9496753246753247,
        0.925,
        0.9423076923076923,
        0.9356136820925554,
        0.9455782312925171,
        0.9246987951807228,
        0.9341317365269461,
        0.9333333333333333,
        0.9027777777777778,
        0.9069767441860465,
        0.8928571428571429,
        0.84,
        0.8571428571428571,
        0.6875,
        0.7894736842105263,
        0.875,
        0.5555555555555556,
        1.0,
        0.7777777777777778,
        1.0,
        0.8333333333333334
    ]
}