{
    "Bins": [
        20.0,
        21.0,
        22.0,
        23.0,
        24.0,
        25.0,
        26.0,
        27.0,
        28.0,
        29.0,
        30.0,
        31.0,
        32.0,
        33.0,
        34.0,
        35.0,
        36.0,
        37.0,
        38.0,
        39.0,
        40.0,
        41.0,
        42.0,
        43.0,
        44.0,
        45.0,
        46.0,
        47.0,
        48.0,
        49.0,
        50.0,
        51.0,
        52.0,
        53.0,
        54.0,
        55.0,
        56.0,
        57.0,
        58.0,
        59.0,
        60.0
    ],
    "Efficiency": [
        0.9787234042553191,
        1.0,
        0.9921875,
        0.9872611464968153,
        0.9680851063829787,
        0.9441624365482234,
        0.9347826086956522,
        0.8788927335640139,
        0.943502824858757,
        0.9355742296918768,
        0.9511002444987775,
        0.9626666666666667,
        0.9399538106235565,
        0.9676674364896074,
        0.9617834394904459,
        0.9694501018329938,
        0.966542750929368,
        0.9834254143646409,
        0.981651376146789,
        0.9724025974025974,
        0.9803571428571428,
        0.993006993006993,
        0.9798792756539235,
        0.9795918367346939,
        0.9849397590361446,
        0.9700598802395209,
        0.9666666666666667,
        0.9444444444444444,
        0.8837209302325582,
        0.9642857142857143,
        0.84,
        0.6428571428571429,
        0.5,
        0.631578947368421,
        0.375,
        0.3333333333333333,
        0.7142857142857143,
        0.6666666666666666,
        0.875,
        0.5
    ]
}