{
    "Bins": [
        20.0,
        21.0,
        22.0,
        23.0,
        24.0,
        25.0,
        26.0,
        27.0,
        28.0,
        29.0,
        30.0,
        31.0,
        32.0,
        33.0,
        34.0,
        35.0,
        36.0,
        37.0,
        38.0,
        39.0,
        40.0,
        41.0,
        42.0,
        43.0,
        44.0,
        45.0,
        46.0,
        47.0,
        48.0,
        49.0,
        50.0,
        51.0,
        52.0,
        53.0,
        54.0,
        55.0,
        56.0,
        57.0,
        58.0,
        59.0,
        60.0
    ],
    "Efficiency": [
        0.9680851063829787,
        0.9917355371900827,
        0.8984375,
        0.9299363057324841,
        0.8617021276595744,
        0.817258883248731,
        0.8152173913043478,
        0.7854671280276817,
        0.7909604519774012,
        0.8011204481792717,
        0.8386308068459658,
        0.8533333333333334,
        0.8175519630484989,
        0.8729792147806005,
        0.8874734607218684,
        0.8879837067209776,
        0.9089219330855018,
        0.9171270718232044,
        0.9155963302752294,
        0.9090909090909091,
        0.9232142857142858,
        0.9300699300699301,
        0.9175050301810865,
        0.9365079365079365,
        0.9126506024096386,
        0.8622754491017964,
        0.8166666666666667,
        0.875,
        0.7209302325581395,
        0.7142857142857143,
        0.76,
        0.5714285714285714,
        0.4375,
        0.5263157894736842,
        0.5,
        0.4444444444444444,
        0.7142857142857143,
        0.5555555555555556,
        0.125,
        0.6666666666666666
    ]
}