{
    "Bins": [
        20.0,
        21.0,
        22.0,
        23.0,
        24.0,
        25.0,
        26.0,
        27.0,
        28.0,
        29.0,
        30.0,
        31.0,
        32.0,
        33.0,
        34.0,
        35.0,
        36.0,
        37.0,
        38.0,
        39.0,
        40.0,
        41.0,
        42.0,
        43.0,
        44.0,
        45.0,
        46.0,
        47.0,
        48.0,
        49.0,
        50.0,
        51.0,
        52.0,
        53.0,
        54.0,
        55.0,
        56.0,
        57.0,
        58.0,
        59.0,
        60.0
    ],
    "Efficiency": [
        1.0,
        1.0,
        1.0,
        0.9872611464968153,
        0.9893617021276596,
        0.9949238578680203,
        0.9891304347826086,
        0.9826989619377162,
        0.9943502824858758,
        0.9915966386554622,
        0.9975550122249389,
        0.9946666666666667,
        0.9884526558891455,
        0.9884526558891455,
        0.9957537154989384,
        0.9938900203665988,
        0.983271375464684,
        0.994475138121547,
        0.9889908256880734,
        0.9853896103896104,
        0.9892857142857143,
        0.993006993006993,
        0.9879275653923542,
        0.9909297052154195,
        0.9879518072289156,
        0.9940119760479041,
        0.9833333333333333,
        0.9861111111111112,
        0.9767441860465116,
        0.9285714285714286,
        0.96,
        1.0,
        0.9375,
        0.9473684210526315,
        1.0,
        0.8888888888888888,
        1.0,
        1.0,
        1.0,
        1.0
    ]
}