{
    "Bins": [
        20.0,
        21.0,
        22.0,
        23.0,
        24.0,
        25.0,
        26.0,
        27.0,
        28.0,
        29.0,
        30.0,
        31.0,
        32.0,
        33.0,
        34.0,
        35.0,
        36.0,
        37.0,
        38.0,
        39.0,
        40.0,
        41.0,
        42.0,
        43.0,
        44.0,
        45.0,
        46.0,
        47.0,
        48.0,
        49.0,
        50.0,
        51.0,
        52.0,
        53.0,
        54.0,
        55.0,
        56.0,
        57.0,
        58.0,
        59.0,
        60.0
    ],
    "Efficiency": [
        0.9787234042553191,
        1.0,
        0.9765625,
        0.9745222929936306,
        0.9680851063829787,
        0.9390862944162437,
        0.9347826086956522,
        0.903114186851211,
        0.9293785310734464,
        0.9327731092436975,
        0.9437652811735942,
        0.968,
        0.930715935334873,
        0.953810623556582,
        0.9554140127388535,
        0.9613034623217923,
        0.9609665427509294,
        0.9723756906077348,
        0.9577981651376147,
        0.961038961038961,
        0.9517857142857142,
        0.965034965034965,
        0.9537223340040242,
        0.963718820861678,
        0.9518072289156626,
        0.9461077844311377,
        0.95,
        0.9027777777777778,
        0.7906976744186046,
        0.8928571428571429,
        0.88,
        0.7142857142857143,
        0.5,
        0.47368421052631576,
        0.5,
        0.3333333333333333,
        0.8571428571428571,
        0.5555555555555556,
        0.875,
        0.5
    ]
}