{
    "Bins": [
        20.0,
        21.0,
        22.0,
        23.0,
        24.0,
        25.0,
        26.0,
        27.0,
        28.0,
        29.0,
        30.0,
        31.0,
        32.0,
        33.0,
        34.0,
        35.0,
        36.0,
        37.0,
        38.0,
        39.0,
        40.0,
        41.0,
        42.0,
        43.0,
        44.0,
        45.0,
        46.0,
        47.0,
        48.0,
        49.0,
        50.0,
        51.0,
        52.0,
        53.0,
        54.0,
        55.0,
        56.0,
        57.0,
        58.0,
        59.0,
        60.0
    ],
    "Efficiency": [
        1.0,
        1.0,
        1.0,
        0.9936305732484076,
        1.0,
        1.0,
        0.9927536231884058,
        0.9930795847750865,
        0.9915254237288136,
        0.9943977591036415,
        0.9902200488997555,
        1.0,
        1.0,
        0.9976905311778291,
        0.9915074309978769,
        0.9959266802443992,
        0.9851301115241635,
        0.994475138121547,
        0.9908256880733946,
        0.9935064935064936,
        0.9821428571428571,
        0.9877622377622378,
        0.9919517102615694,
        0.9931972789115646,
        0.9939759036144579,
        0.9880239520958084,
        0.9916666666666667,
        0.9722222222222222,
        0.9069767441860465,
        0.9642857142857143,
        0.92,
        1.0,
        1.0,
        0.9473684210526315,
        1.0,
        0.6666666666666666,
        1.0,
        0.7777777777777778,
        0.75,
        0.6666666666666666
    ]
}