{
    "Bins": [
        20.0,
        21.0,
        22.0,
        23.0,
        24.0,
        25.0,
        26.0,
        27.0,
        28.0,
        29.0,
        30.0,
        31.0,
        32.0,
        33.0,
        34.0,
        35.0,
        36.0,
        37.0,
        38.0,
        39.0,
        40.0,
        41.0,
        42.0,
        43.0,
        44.0,
        45.0,
        46.0,
        47.0,
        48.0,
        49.0,
        50.0,
        51.0,
        52.0,
        53.0,
        54.0,
        55.0,
        56.0,
        57.0,
        58.0,
        59.0,
        60.0
    ],
    "Efficiency": [
        1.0,
        1.0,
        1.0,
        1.0,
        1.0,
        1.0,
        1.0,
        1.0,
        1.0,
        1.0,
        1.0,
        1.0,
        1.0,
        1.0,
        1.0,
        1.0,
        0.9981412639405205,
        1.0,
        0.998165137614679,
        0.9983766233766234,
        0.9982142857142857,
        0.9895104895104895,
        0.9839034205231388,
        0.9591836734693877,
        0.9066265060240963,
        0.8323353293413174,
        0.7416666666666667,
        0.5694444444444444,
        0.4186046511627907,
        0.35714285714285715,
        0.32,
        0.14285714285714285,
        0.0625,
        0.15789473684210525,
        0.0,
        0.2222222222222222,
        0.0,
        0.0,
        0.0,
        0.0
    ]
}