{
    "Bins": [
        20.0,
        21.0,
        22.0,
        23.0,
        24.0,
        25.0,
        26.0,
        27.0,
        28.0,
        29.0,
        30.0,
        31.0,
        32.0,
        33.0,
        34.0,
        35.0,
        36.0,
        37.0,
        38.0,
        39.0,
        40.0,
        41.0,
        42.0,
        43.0,
        44.0,
        45.0,
        46.0,
        47.0,
        48.0,
        49.0,
        50.0,
        51.0,
        52.0,
        53.0,
        54.0,
        55.0,
        56.0,
        57.0,
        58.0,
        59.0,
        60.0
    ],
    "Efficiency": [
        0.9787234042553191,
        1.0,
        0.9921875,
        0.9808917197452229,
        0.9627659574468085,
        0.9593908629441624,
        0.9456521739130435,
        0.9134948096885813,
        0.9661016949152542,
        0.9523809523809523,
        0.9755501222493888,
        0.968,
        0.9445727482678984,
        0.9584295612009238,
        0.9554140127388535,
        0.9694501018329938,
        0.966542750929368,
        0.9797421731123389,
        0.9761467889908257,
        0.9805194805194806,
        0.9678571428571429,
        0.9807692307692307,
        0.9758551307847082,
        0.9727891156462585,
        0.9849397590361446,
        0.9760479041916168,
        0.9833333333333333,
        0.9444444444444444,
        0.8837209302325582,
        0.9285714285714286,
        0.92,
        0.9285714285714286,
        0.8125,
        0.7894736842105263,
        1.0,
        0.5555555555555556,
        1.0,
        1.0,
        1.0,
        0.8333333333333334
    ]
}