{
    "Precision": [
        0.4999731012871034,
        0.9002179118129725,
        1.0
    ],
    "Recall": [
        1.0,
        0.9001331557922769,
        0.0
    ],
    "Precision-Recall AUC": 0.9251409017097704,
    "Chance Level": 0.4999731012871034
}