{
    "Precision": [
        0.4999731012871034,
        0.9148691439551815,
        1.0
    ],
    "Recall": [
        1.0,
        0.9093195604513847,
        0.0
    ],
    "Precision-Recall AUC": 0.9347632424968826,
    "Chance Level": 0.4999731012871034
}