{
    "Bins": [
        20.0,
        21.0,
        22.0,
        23.0,
        24.0,
        25.0,
        26.0,
        27.0,
        28.0,
        29.0,
        30.0,
        31.0,
        32.0,
        33.0,
        34.0,
        35.0,
        36.0,
        37.0,
        38.0,
        39.0,
        40.0,
        41.0,
        42.0,
        43.0,
        44.0,
        45.0,
        46.0,
        47.0,
        48.0,
        49.0,
        50.0,
        51.0,
        52.0,
        53.0,
        54.0,
        55.0,
        56.0,
        57.0,
        58.0,
        59.0,
        60.0
    ],
    "Efficiency": [
        0.9808917197452229,
        0.9761658031088083,
        0.9765917602996255,
        0.9787595581988106,
        0.9739507959479016,
        0.9654754694124773,
        0.9599367422245652,
        0.9621945597049332,
        0.9498956158663883,
        0.9420174741858618,
        0.9433155080213904,
        0.9389503748661192,
        0.9406832298136646,
        0.9469650521152667,
        0.9421768707482994,
        0.9388035126234907,
        0.941544885177453,
        0.9409024031387935,
        0.9350403034613561,
        0.9318813716404077,
        0.9312320916905444,
        0.9207565238209241,
        0.9095450959768604,
        0.9008817269686835,
        0.8600171232876712,
        0.835530881332408,
        0.7623873873873874,
        0.738045738045738,
        0.6686046511627907,
        0.56,
        0.49382716049382713,
        0.3918918918918919,
        0.411214953271028,
        0.3258426966292135,
        0.3611111111111111,
        0.1016949152542373,
        0.1896551724137931,
        0.14285714285714285,
        0.14,
        0.05128205128205128
    ]
}