{
    "Bins": [
        20.0,
        21.0,
        22.0,
        23.0,
        24.0,
        25.0,
        26.0,
        27.0,
        28.0,
        29.0,
        30.0,
        31.0,
        32.0,
        33.0,
        34.0,
        35.0,
        36.0,
        37.0,
        38.0,
        39.0,
        40.0,
        41.0,
        42.0,
        43.0,
        44.0,
        45.0,
        46.0,
        47.0,
        48.0,
        49.0,
        50.0,
        51.0,
        52.0,
        53.0,
        54.0,
        55.0,
        56.0,
        57.0,
        58.0,
        59.0,
        60.0
    ],
    "Efficiency": [
        0.9847133757961783,
        0.9730569948186528,
        0.9878277153558053,
        0.989804587935429,
        0.9905933429811867,
        0.9933373712901272,
        0.9820769636267791,
        0.9847856154910097,
        0.9866388308977035,
        0.9864972200158856,
        0.986096256684492,
        0.9821492324169939,
        0.9813664596273292,
        0.979767014101778,
        0.9790249433106576,
        0.9733809001097695,
        0.9715553235908142,
        0.9683668464933791,
        0.963963963963964,
        0.9571362372567191,
        0.9531996179560649,
        0.9487670576969116,
        0.9392584801472522,
        0.9191243539069626,
        0.8976883561643836,
        0.8868841082581541,
        0.8412162162162162,
        0.8191268191268192,
        0.7761627906976745,
        0.732,
        0.6851851851851852,
        0.5743243243243243,
        0.5514018691588785,
        0.4157303370786517,
        0.4166666666666667,
        0.22033898305084745,
        0.2413793103448276,
        0.1836734693877551,
        0.1,
        0.02564102564102564
    ]
}