{
    "Bins": [
        20.0,
        21.0,
        22.0,
        23.0,
        24.0,
        25.0,
        26.0,
        27.0,
        28.0,
        29.0,
        30.0,
        31.0,
        32.0,
        33.0,
        34.0,
        35.0,
        36.0,
        37.0,
        38.0,
        39.0,
        40.0,
        41.0,
        42.0,
        43.0,
        44.0,
        45.0,
        46.0,
        47.0,
        48.0,
        49.0,
        50.0,
        51.0,
        52.0,
        53.0,
        54.0,
        55.0,
        56.0,
        57.0,
        58.0,
        59.0,
        60.0
    ],
    "Efficiency": [
        0.9375796178343949,
        0.9253886010362694,
        0.949438202247191,
        0.9473237043330501,
        0.9667149059334298,
        0.968503937007874,
        0.9710068529256721,
        0.9723374827109267,
        0.9741127348643006,
        0.9729944400317713,
        0.9836007130124778,
        0.9800071403070332,
        0.9826086956521739,
        0.9831391784181484,
        0.983843537414966,
        0.9846322722283205,
        0.9877348643006263,
        0.9899460519862677,
        0.9883831199620673,
        0.9914272474513438,
        0.9928366762177651,
        0.9947330620062246,
        0.9923744412306074,
        0.9966555183946488,
        0.9948630136986302,
        0.9923664122137404,
        0.9932432432432432,
        0.9958419958419958,
        0.9941860465116279,
        1.0,
        0.9753086419753086,
        0.9864864864864865,
        0.9813084112149533,
        1.0,
        0.9861111111111112,
        1.0,
        0.9827586206896551,
        1.0,
        0.96,
        1.0
    ]
}