{
    "Bins": [
        20.0,
        21.0,
        22.0,
        23.0,
        24.0,
        25.0,
        26.0,
        27.0,
        28.0,
        29.0,
        30.0,
        31.0,
        32.0,
        33.0,
        34.0,
        35.0,
        36.0,
        37.0,
        38.0,
        39.0,
        40.0,
        41.0,
        42.0,
        43.0,
        44.0,
        45.0,
        46.0,
        47.0,
        48.0,
        49.0,
        50.0,
        51.0,
        52.0,
        53.0,
        54.0,
        55.0,
        56.0,
        57.0,
        58.0,
        59.0,
        60.0
    ],
    "Efficiency": [
        0.9694267515923567,
        0.9616580310880829,
        0.9691011235955056,
        0.9660152931180969,
        0.9746743849493488,
        0.9733494851605088,
        0.9688982604111755,
        0.9681881051175657,
        0.9632567849686847,
        0.9630659253375695,
        0.9711229946524064,
        0.9650124955373081,
        0.967391304347826,
        0.9656652360515021,
        0.9682539682539683,
        0.9621295279912184,
        0.9668580375782881,
        0.9656694458067681,
        0.9601706970128022,
        0.9622335495829472,
        0.9627507163323782,
        0.9564280584151305,
        0.9492505916381804,
        0.9364548494983278,
        0.9096746575342466,
        0.8820263705759889,
        0.8198198198198198,
        0.7754677754677755,
        0.7063953488372093,
        0.54,
        0.46296296296296297,
        0.33783783783783783,
        0.2803738317757009,
        0.2696629213483146,
        0.18055555555555555,
        0.11864406779661017,
        0.06896551724137931,
        0.0,
        0.06,
        0.0
    ]
}