{
    "Bins": [
        20.0,
        21.0,
        22.0,
        23.0,
        24.0,
        25.0,
        26.0,
        27.0,
        28.0,
        29.0,
        30.0,
        31.0,
        32.0,
        33.0,
        34.0,
        35.0,
        36.0,
        37.0,
        38.0,
        39.0,
        40.0,
        41.0,
        42.0,
        43.0,
        44.0,
        45.0,
        46.0,
        47.0,
        48.0,
        49.0,
        50.0,
        51.0,
        52.0,
        53.0,
        54.0,
        55.0,
        56.0,
        57.0,
        58.0,
        59.0,
        60.0
    ],
    "Efficiency": [
        0.0012738853503184713,
        0.0,
        0.0,
        0.0,
        0.0,
        0.0,
        0.0005271481286241434,
        0.0004610419548178884,
        0.0,
        0.0003971405877680699,
        0.00035650623885918,
        0.0010710460549803642,
        0.0,
        0.00030656039239730225,
        0.0,
        0.0,
        0.00026096033402922753,
        0.0,
        0.0002370791844476055,
        0.0,
        0.0004775549188156638,
        0.0007182188173330142,
        0.00026295030239284776,
        0.0003040437823046519,
        0.0004280821917808219,
        0.002775850104094379,
        0.0022522522522522522,
        0.0,
        0.005813953488372093,
        0.012,
        0.018518518518518517,
        0.013513513513513514,
        0.018691588785046728,
        0.011235955056179775,
        0.027777777777777776,
        0.0,
        0.06896551724137931,
        0.04081632653061224,
        0.12,
        0.15384615384615385
    ]
}