{
    "Bins": [
        20.0,
        21.0,
        22.0,
        23.0,
        24.0,
        25.0,
        26.0,
        27.0,
        28.0,
        29.0,
        30.0,
        31.0,
        32.0,
        33.0,
        34.0,
        35.0,
        36.0,
        37.0,
        38.0,
        39.0,
        40.0,
        41.0,
        42.0,
        43.0,
        44.0,
        45.0,
        46.0,
        47.0,
        48.0,
        49.0,
        50.0,
        51.0,
        52.0,
        53.0,
        54.0,
        55.0,
        56.0,
        57.0,
        58.0,
        59.0,
        60.0
    ],
    "Efficiency": [
        0.956687898089172,
        0.9357512953367876,
        0.9606741573033708,
        0.9558198810535259,
        0.9746743849493488,
        0.9715324046032707,
        0.974169741697417,
        0.9755647763946519,
        0.9762004175365344,
        0.9769658459094519,
        0.982174688057041,
        0.9760799714387719,
        0.9795031055900622,
        0.9816063764561619,
        0.981859410430839,
        0.9821624588364435,
        0.9830375782881002,
        0.9865129965669446,
        0.9848269321953532,
        0.9874884151992586,
        0.9904489016236867,
        0.9899449365573378,
        0.987904286089929,
        0.9923989054423837,
        0.990154109589041,
        0.9875086745315753,
        0.9898648648648649,
        0.9958419958419958,
        0.9912790697674418,
        1.0,
        0.9876543209876543,
        0.9797297297297297,
        0.9626168224299065,
        0.9887640449438202,
        0.9861111111111112,
        1.0,
        0.9655172413793104,
        1.0,
        0.96,
        0.9743589743589743
    ]
}