{
    "Bins": [
        20.0,
        21.0,
        22.0,
        23.0,
        24.0,
        25.0,
        26.0,
        27.0,
        28.0,
        29.0,
        30.0,
        31.0,
        32.0,
        33.0,
        34.0,
        35.0,
        36.0,
        37.0,
        38.0,
        39.0,
        40.0,
        41.0,
        42.0,
        43.0,
        44.0,
        45.0,
        46.0,
        47.0,
        48.0,
        49.0,
        50.0,
        51.0,
        52.0,
        53.0,
        54.0,
        55.0,
        56.0,
        57.0,
        58.0,
        59.0,
        60.0
    ],
    "Efficiency": [
        0.9910828025477707,
        0.9854922279792746,
        0.9868913857677902,
        0.9881053525913339,
        0.9884225759768451,
        0.9890975166565718,
        0.9799683711122825,
        0.9861687413554634,
        0.9795407098121086,
        0.9733915806195393,
        0.97825311942959,
        0.9732238486254909,
        0.9748447204968944,
        0.9751686082158185,
        0.9713718820861678,
        0.9698133918770582,
        0.9663361169102297,
        0.9678764100049043,
        0.9682313892840209,
        0.9633920296570899,
        0.9651384909264565,
        0.9573856835049078,
        0.9518800946621089,
        0.9349346305868045,
        0.9122431506849316,
        0.9028452463566967,
        0.8490990990990991,
        0.8128898128898129,
        0.7674418604651163,
        0.7,
        0.6111111111111112,
        0.4797297297297297,
        0.4485981308411215,
        0.2808988764044944,
        0.2777777777777778,
        0.1864406779661017,
        0.1206896551724138,
        0.061224489795918366,
        0.08,
        0.02564102564102564
    ]
}