{
    "Bins": [
        20.0,
        21.0,
        22.0,
        23.0,
        24.0,
        25.0,
        26.0,
        27.0,
        28.0,
        29.0,
        30.0,
        31.0,
        32.0,
        33.0,
        34.0,
        35.0,
        36.0,
        37.0,
        38.0,
        39.0,
        40.0,
        41.0,
        42.0,
        43.0,
        44.0,
        45.0,
        46.0,
        47.0,
        48.0,
        49.0,
        50.0,
        51.0,
        52.0,
        53.0,
        54.0,
        55.0,
        56.0,
        57.0,
        58.0,
        59.0,
        60.0
    ],
    "Efficiency": [
        0.9898089171974522,
        0.9896373056994818,
        0.99812734082397,
        0.9957519116397621,
        0.9963820549927641,
        0.9963658388855239,
        0.9942013705851345,
        0.9963116643614569,
        0.9970772442588727,
        0.9960285941223193,
        0.996078431372549,
        0.9946447697250982,
        0.9956521739130435,
        0.9950950337216432,
        0.9931972789115646,
        0.9945115257958288,
        0.9950417536534447,
        0.9928886709171162,
        0.9935988620199147,
        0.9914272474513438,
        0.9902101241642789,
        0.9935360306440029,
        0.9886931369971076,
        0.9890544238370326,
        0.9850171232876712,
        0.9840388619014573,
        0.9876126126126126,
        0.9792099792099792,
        0.9709302325581395,
        0.988,
        0.9320987654320988,
        0.9527027027027027,
        0.9626168224299065,
        0.9550561797752809,
        0.9583333333333334,
        0.9830508474576272,
        0.896551724137931,
        0.9591836734693877,
        0.9,
        0.9743589743589743
    ]
}