{
    "False Positive Rate": [
        0.0,
        0.12690130048280593,
        0.12719717040762807,
        1.0
    ],
    "True Positive Rate": [
        0.0,
        0.8684178670863092,
        0.8742148515783669,
        1.0
    ],
    "ROC AUC": 0.8732694875144336
}