{
    "Precision": [
        0.4999731012871034,
        0.815030504714365,
        0.8613507884558167,
        0.8879560661532635,
        0.9081561471064233,
        0.9287526839742338,
        1.0
    ],
    "Recall": [
        1.0,
        0.9882446300555489,
        0.9734495420247751,
        0.9460113787677037,
        0.8755060592610526,
        0.639954807731106,
        0.0
    ],
    "Precision-Recall AUC": 0.9409472611713129,
    "Chance Level": 0.4999731012871034
}