{
    "Precision": [
        0.4999731012871034,
        0.8447154008318615,
        0.8755854905076424,
        0.8944457978075517,
        0.9077296792276549,
        0.9193585425597061,
        0.9297617173148586,
        0.9393365316469497,
        0.9485186843663782,
        0.9579897157271757,
        0.9670286278381046,
        1.0
    ],
    "Recall": [
        1.0,
        0.9970275323138172,
        0.9931404591857321,
        0.9876931767744018,
        0.9800804314785673,
        0.9692531170560464,
        0.9530592207023632,
        0.9269929656081454,
        0.883199505037055,
        0.79683654117742,
        0.5929064277932453,
        0.0
    ],
    "Precision-Recall AUC": 0.9693266045547821,
    "Chance Level": 0.4999731012871034
}