{
    "Bins": [
        20.0,
        21.0,
        22.0,
        23.0,
        24.0,
        25.0,
        26.0,
        27.0,
        28.0,
        29.0,
        30.0,
        31.0,
        32.0,
        33.0,
        34.0,
        35.0,
        36.0,
        37.0,
        38.0,
        39.0,
        40.0,
        41.0,
        42.0,
        43.0,
        44.0,
        45.0,
        46.0,
        47.0,
        48.0,
        49.0,
        50.0,
        51.0,
        52.0,
        53.0,
        54.0,
        55.0,
        56.0,
        57.0,
        58.0,
        59.0,
        60.0
    ],
    "Efficiency": [
        0.9787234042553191,
        0.9586776859504132,
        0.9609375,
        0.9745222929936306,
        0.9787234042553191,
        0.9746192893401016,
        0.9710144927536232,
        0.9792387543252595,
        0.9519774011299436,
        0.9439775910364145,
        0.9584352078239609,
        0.9706666666666667,
        0.9491916859122402,
        0.9630484988452656,
        0.9660297239915074,
        0.9572301425661914,
        0.9572490706319703,
        0.9521178637200737,
        0.9614678899082569,
        0.9675324675324676,
        0.9464285714285714,
        0.9562937062937062,
        0.9517102615694165,
        0.9523809523809523,
        0.9427710843373494,
        0.9401197604790419,
        0.875,
        0.8472222222222222,
        0.9302325581395349,
        0.8928571428571429,
        0.76,
        0.9285714285714286,
        0.625,
        0.47368421052631576,
        0.75,
        0.3333333333333333,
        0.5714285714285714,
        0.3333333333333333,
        0.125,
        0.3333333333333333
    ]
}