{
    "Bins": [
        20.0,
        21.0,
        22.0,
        23.0,
        24.0,
        25.0,
        26.0,
        27.0,
        28.0,
        29.0,
        30.0,
        31.0,
        32.0,
        33.0,
        34.0,
        35.0,
        36.0,
        37.0,
        38.0,
        39.0,
        40.0,
        41.0,
        42.0,
        43.0,
        44.0,
        45.0,
        46.0,
        47.0,
        48.0,
        49.0,
        50.0,
        51.0,
        52.0,
        53.0,
        54.0,
        55.0,
        56.0,
        57.0,
        58.0,
        59.0,
        60.0
    ],
    "Efficiency": [
        0.9787234042553191,
        0.9917355371900827,
        0.9765625,
        0.9936305732484076,
        0.9893617021276596,
        0.9796954314720813,
        0.9855072463768116,
        0.972318339100346,
        0.9548022598870056,
        0.9635854341736695,
        0.9437652811735942,
        0.9653333333333334,
        0.9699769053117783,
        0.9722863741339491,
        0.9660297239915074,
        0.9714867617107943,
        0.9609665427509294,
        0.9631675874769797,
        0.9706422018348624,
        0.9659090909090909,
        0.9589285714285715,
        0.9667832167832168,
        0.9617706237424547,
        0.9727891156462585,
        0.9487951807228916,
        0.9281437125748503,
        0.8833333333333333,
        0.8194444444444444,
        0.8372093023255814,
        0.8214285714285714,
        0.68,
        0.8571428571428571,
        0.5625,
        0.5263157894736842,
        0.75,
        0.4444444444444444,
        0.5714285714285714,
        0.3333333333333333,
        0.125,
        0.5
    ]
}