{
    "Bins": [
        20.0,
        21.0,
        22.0,
        23.0,
        24.0,
        25.0,
        26.0,
        27.0,
        28.0,
        29.0,
        30.0,
        31.0,
        32.0,
        33.0,
        34.0,
        35.0,
        36.0,
        37.0,
        38.0,
        39.0,
        40.0,
        41.0,
        42.0,
        43.0,
        44.0,
        45.0,
        46.0,
        47.0,
        48.0,
        49.0,
        50.0,
        51.0,
        52.0,
        53.0,
        54.0,
        55.0,
        56.0,
        57.0,
        58.0,
        59.0,
        60.0
    ],
    "Efficiency": [
        0.925531914893617,
        0.9173553719008265,
        0.8984375,
        0.9235668789808917,
        0.8776595744680851,
        0.8984771573604061,
        0.8840579710144928,
        0.8858131487889274,
        0.8192090395480226,
        0.8431372549019608,
        0.8753056234718827,
        0.8826666666666667,
        0.8729792147806005,
        0.9076212471131639,
        0.8853503184713376,
        0.8940936863543788,
        0.8977695167286245,
        0.8821362799263351,
        0.9045871559633027,
        0.8863636363636364,
        0.9053571428571429,
        0.8933566433566433,
        0.8832997987927566,
        0.8934240362811792,
        0.8313253012048193,
        0.844311377245509,
        0.7916666666666666,
        0.7222222222222222,
        0.7441860465116279,
        0.6071428571428571,
        0.6,
        0.7857142857142857,
        0.3125,
        0.5263157894736842,
        0.375,
        0.3333333333333333,
        0.5714285714285714,
        0.6666666666666666,
        0.5,
        0.5
    ]
}