{
    "Bins": [
        20.0,
        21.0,
        22.0,
        23.0,
        24.0,
        25.0,
        26.0,
        27.0,
        28.0,
        29.0,
        30.0,
        31.0,
        32.0,
        33.0,
        34.0,
        35.0,
        36.0,
        37.0,
        38.0,
        39.0,
        40.0,
        41.0,
        42.0,
        43.0,
        44.0,
        45.0,
        46.0,
        47.0,
        48.0,
        49.0,
        50.0,
        51.0,
        52.0,
        53.0,
        54.0,
        55.0,
        56.0,
        57.0,
        58.0,
        59.0,
        60.0
    ],
    "Efficiency": [
        0.776595744680851,
        0.8347107438016529,
        0.875,
        0.8853503184713376,
        0.8563829787234043,
        0.8020304568527918,
        0.7644927536231884,
        0.7301038062283737,
        0.731638418079096,
        0.6946778711484594,
        0.7188264058679706,
        0.6826666666666666,
        0.6581986143187067,
        0.625866050808314,
        0.6050955414012739,
        0.5132382892057027,
        0.46096654275092935,
        0.4677716390423573,
        0.4073394495412844,
        0.33766233766233766,
        0.3,
        0.23076923076923078,
        0.2193158953722334,
        0.1927437641723356,
        0.1355421686746988,
        0.08982035928143713,
        0.11666666666666667,
        0.05555555555555555,
        0.023255813953488372,
        0.07142857142857142,
        0.0,
        0.0,
        0.0,
        0.0,
        0.125,
        0.0,
        0.0,
        0.0,
        0.0,
        0.0
    ]
}