{
    "Bins": [
        20.0,
        21.0,
        22.0,
        23.0,
        24.0,
        25.0,
        26.0,
        27.0,
        28.0,
        29.0,
        30.0,
        31.0,
        32.0,
        33.0,
        34.0,
        35.0,
        36.0,
        37.0,
        38.0,
        39.0,
        40.0,
        41.0,
        42.0,
        43.0,
        44.0,
        45.0,
        46.0,
        47.0,
        48.0,
        49.0,
        50.0,
        51.0,
        52.0,
        53.0,
        54.0,
        55.0,
        56.0,
        57.0,
        58.0,
        59.0,
        60.0
    ],
    "Efficiency": [
        0.6063829787234043,
        0.7603305785123967,
        0.765625,
        0.7261146496815286,
        0.7925531914893617,
        0.7411167512690355,
        0.7717391304347826,
        0.7681660899653979,
        0.768361581920904,
        0.7507002801120448,
        0.7628361858190709,
        0.7546666666666667,
        0.7505773672055427,
        0.7990762124711316,
        0.7643312101910829,
        0.7494908350305499,
        0.7360594795539034,
        0.7679558011049724,
        0.7779816513761468,
        0.7646103896103896,
        0.775,
        0.7797202797202797,
        0.7766599597585513,
        0.8072562358276644,
        0.7771084337349398,
        0.8143712574850299,
        0.7583333333333333,
        0.6805555555555556,
        0.7674418604651163,
        0.8928571428571429,
        0.84,
        0.8571428571428571,
        0.75,
        0.7368421052631579,
        0.75,
        0.6666666666666666,
        1.0,
        0.8888888888888888,
        0.625,
        0.8333333333333334
    ]
}