{
    "Bins": [
        20.0,
        21.0,
        22.0,
        23.0,
        24.0,
        25.0,
        26.0,
        27.0,
        28.0,
        29.0,
        30.0,
        31.0,
        32.0,
        33.0,
        34.0,
        35.0,
        36.0,
        37.0,
        38.0,
        39.0,
        40.0,
        41.0,
        42.0,
        43.0,
        44.0,
        45.0,
        46.0,
        47.0,
        48.0,
        49.0,
        50.0,
        51.0,
        52.0,
        53.0,
        54.0,
        55.0,
        56.0,
        57.0,
        58.0,
        59.0,
        60.0
    ],
    "Efficiency": [
        0.9787234042553191,
        0.9504132231404959,
        0.9609375,
        0.9617834394904459,
        0.9840425531914894,
        0.9746192893401016,
        0.9601449275362319,
        0.9619377162629758,
        0.9491525423728814,
        0.9607843137254902,
        0.9511002444987775,
        0.952,
        0.9676674364896074,
        0.9607390300230947,
        0.9660297239915074,
        0.945010183299389,
        0.9535315985130112,
        0.9484346224677717,
        0.9376146788990826,
        0.9561688311688312,
        0.9553571428571429,
        0.951048951048951,
        0.9476861167002012,
        0.9433106575963719,
        0.9246987951807228,
        0.9401197604790419,
        0.9666666666666667,
        0.9305555555555556,
        0.9534883720930233,
        0.9642857142857143,
        0.96,
        1.0,
        0.9375,
        0.9473684210526315,
        1.0,
        1.0,
        1.0,
        1.0,
        0.5,
        0.8333333333333334
    ]
}