{
    "Bins": [
        20.0,
        21.0,
        22.0,
        23.0,
        24.0,
        25.0,
        26.0,
        27.0,
        28.0,
        29.0,
        30.0,
        31.0,
        32.0,
        33.0,
        34.0,
        35.0,
        36.0,
        37.0,
        38.0,
        39.0,
        40.0,
        41.0,
        42.0,
        43.0,
        44.0,
        45.0,
        46.0,
        47.0,
        48.0,
        49.0,
        50.0,
        51.0,
        52.0,
        53.0,
        54.0,
        55.0,
        56.0,
        57.0,
        58.0,
        59.0,
        60.0
    ],
    "Efficiency": [
        1.0,
        0.9917355371900827,
        0.9921875,
        1.0,
        0.9946808510638298,
        0.9847715736040609,
        0.9963768115942029,
        0.9930795847750865,
        0.9661016949152542,
        0.9719887955182073,
        0.9755501222493888,
        0.96,
        0.9607390300230947,
        0.9376443418013857,
        0.9490445859872612,
        0.9287169042769857,
        0.9107806691449815,
        0.9263351749539595,
        0.9284403669724771,
        0.9448051948051948,
        0.9428571428571428,
        0.9597902097902098,
        0.9476861167002012,
        0.9569160997732427,
        0.9548192771084337,
        0.9520958083832335,
        0.9583333333333334,
        0.9583333333333334,
        0.9534883720930233,
        0.9642857142857143,
        0.96,
        1.0,
        0.9375,
        0.8421052631578947,
        1.0,
        0.8888888888888888,
        0.8571428571428571,
        1.0,
        0.5,
        1.0
    ]
}