{
    "Bins": [
        20.0,
        21.0,
        22.0,
        23.0,
        24.0,
        25.0,
        26.0,
        27.0,
        28.0,
        29.0,
        30.0,
        31.0,
        32.0,
        33.0,
        34.0,
        35.0,
        36.0,
        37.0,
        38.0,
        39.0,
        40.0,
        41.0,
        42.0,
        43.0,
        44.0,
        45.0,
        46.0,
        47.0,
        48.0,
        49.0,
        50.0,
        51.0,
        52.0,
        53.0,
        54.0,
        55.0,
        56.0,
        57.0,
        58.0,
        59.0,
        60.0
    ],
    "Efficiency": [
        0.9893617021276596,
        0.9752066115702479,
        0.96875,
        0.9872611464968153,
        0.9893617021276596,
        0.9796954314720813,
        0.9782608695652174,
        0.972318339100346,
        0.9491525423728814,
        0.9467787114845938,
        0.9535452322738386,
        0.976,
        0.9630484988452656,
        0.9676674364896074,
        0.9617834394904459,
        0.9592668024439919,
        0.949814126394052,
        0.9594843462246777,
        0.9614678899082569,
        0.9659090909090909,
        0.9482142857142857,
        0.951048951048951,
        0.9537223340040242,
        0.9501133786848073,
        0.9427710843373494,
        0.9101796407185628,
        0.8666666666666667,
        0.7777777777777778,
        0.8604651162790697,
        0.8571428571428571,
        0.68,
        0.7857142857142857,
        0.5,
        0.47368421052631576,
        0.5,
        0.1111111111111111,
        0.42857142857142855,
        0.3333333333333333,
        0.0,
        0.0
    ]
}