{
    "Bins": [
        20.0,
        21.0,
        22.0,
        23.0,
        24.0,
        25.0,
        26.0,
        27.0,
        28.0,
        29.0,
        30.0,
        31.0,
        32.0,
        33.0,
        34.0,
        35.0,
        36.0,
        37.0,
        38.0,
        39.0,
        40.0,
        41.0,
        42.0,
        43.0,
        44.0,
        45.0,
        46.0,
        47.0,
        48.0,
        49.0,
        50.0,
        51.0,
        52.0,
        53.0,
        54.0,
        55.0,
        56.0,
        57.0,
        58.0,
        59.0,
        60.0
    ],
    "Efficiency": [
        0.8723404255319149,
        0.9256198347107438,
        0.9140625,
        0.9044585987261147,
        0.8882978723404256,
        0.8934010152284264,
        0.894927536231884,
        0.8512110726643599,
        0.8757062146892656,
        0.8179271708683473,
        0.863080684596577,
        0.888,
        0.8660508083140878,
        0.8891454965357968,
        0.9129511677282378,
        0.8716904276985743,
        0.8717472118959108,
        0.8784530386740331,
        0.9119266055045872,
        0.8814935064935064,
        0.8589285714285714,
        0.8688811188811189,
        0.8812877263581489,
        0.8752834467120182,
        0.8343373493975904,
        0.844311377245509,
        0.75,
        0.75,
        0.7441860465116279,
        0.7857142857142857,
        0.64,
        0.9285714285714286,
        0.625,
        0.3157894736842105,
        0.375,
        0.6666666666666666,
        0.42857142857142855,
        0.4444444444444444,
        0.25,
        0.5
    ]
}