{
    "Bins": [
        20.0,
        21.0,
        22.0,
        23.0,
        24.0,
        25.0,
        26.0,
        27.0,
        28.0,
        29.0,
        30.0,
        31.0,
        32.0,
        33.0,
        34.0,
        35.0,
        36.0,
        37.0,
        38.0,
        39.0,
        40.0,
        41.0,
        42.0,
        43.0,
        44.0,
        45.0,
        46.0,
        47.0,
        48.0,
        49.0,
        50.0,
        51.0,
        52.0,
        53.0,
        54.0,
        55.0,
        56.0,
        57.0,
        58.0,
        59.0,
        60.0
    ],
    "Efficiency": [
        0.7446808510638298,
        0.7272727272727273,
        0.8046875,
        0.7898089171974523,
        0.8085106382978723,
        0.8274111675126904,
        0.8586956521739131,
        0.8027681660899654,
        0.8305084745762712,
        0.8487394957983193,
        0.8655256723716381,
        0.8586666666666667,
        0.8729792147806005,
        0.8775981524249422,
        0.9087048832271762,
        0.9063136456211812,
        0.8810408921933085,
        0.9097605893186004,
        0.9211009174311927,
        0.9334415584415584,
        0.9357142857142857,
        0.9527972027972028,
        0.9416498993963782,
        0.9455782312925171,
        0.9487951807228916,
        0.9461077844311377,
        0.9583333333333334,
        0.9722222222222222,
        0.9534883720930233,
        0.9642857142857143,
        0.96,
        1.0,
        0.9375,
        0.9473684210526315,
        1.0,
        1.0,
        1.0,
        1.0,
        0.625,
        1.0
    ]
}