{
    "Bins": [
        20.0,
        21.0,
        22.0,
        23.0,
        24.0,
        25.0,
        26.0,
        27.0,
        28.0,
        29.0,
        30.0,
        31.0,
        32.0,
        33.0,
        34.0,
        35.0,
        36.0,
        37.0,
        38.0,
        39.0,
        40.0,
        41.0,
        42.0,
        43.0,
        44.0,
        45.0,
        46.0,
        47.0,
        48.0,
        49.0,
        50.0,
        51.0,
        52.0,
        53.0,
        54.0,
        55.0,
        56.0,
        57.0,
        58.0,
        59.0,
        60.0
    ],
    "Efficiency": [
        0.46808510638297873,
        0.48760330578512395,
        0.546875,
        0.46496815286624205,
        0.5478723404255319,
        0.5482233502538071,
        0.5652173913043478,
        0.4913494809688581,
        0.5734463276836158,
        0.5518207282913166,
        0.5501222493887531,
        0.5733333333333334,
        0.5704387990762124,
        0.5612009237875288,
        0.5966029723991507,
        0.5763747454175153,
        0.5892193308550185,
        0.6077348066298343,
        0.618348623853211,
        0.6428571428571429,
        0.5857142857142857,
        0.6486013986013986,
        0.6378269617706237,
        0.6462585034013606,
        0.6596385542168675,
        0.562874251497006,
        0.6166666666666667,
        0.6388888888888888,
        0.7906976744186046,
        0.75,
        0.68,
        0.6428571428571429,
        0.625,
        0.5789473684210527,
        0.875,
        0.6666666666666666,
        0.8571428571428571,
        0.5555555555555556,
        0.25,
        0.8333333333333334
    ]
}