{
    "Bins": [
        20.0,
        21.0,
        22.0,
        23.0,
        24.0,
        25.0,
        26.0,
        27.0,
        28.0,
        29.0,
        30.0,
        31.0,
        32.0,
        33.0,
        34.0,
        35.0,
        36.0,
        37.0,
        38.0,
        39.0,
        40.0,
        41.0,
        42.0,
        43.0,
        44.0,
        45.0,
        46.0,
        47.0,
        48.0,
        49.0,
        50.0,
        51.0,
        52.0,
        53.0,
        54.0,
        55.0,
        56.0,
        57.0,
        58.0,
        59.0,
        60.0
    ],
    "Efficiency": [
        0.9574468085106383,
        0.9834710743801653,
        0.9375,
        0.9872611464968153,
        0.9680851063829787,
        0.9543147208121827,
        0.9384057971014492,
        0.9550173010380623,
        0.9378531073446328,
        0.9299719887955182,
        0.941320293398533,
        0.9493333333333334,
        0.9376443418013857,
        0.9468822170900693,
        0.9490445859872612,
        0.9470468431771895,
        0.929368029739777,
        0.9539594843462247,
        0.9504587155963303,
        0.9318181818181818,
        0.9392857142857143,
        0.9388111888111889,
        0.9235412474849095,
        0.9297052154195011,
        0.8945783132530121,
        0.8922155688622755,
        0.8,
        0.7638888888888888,
        0.7906976744186046,
        0.75,
        0.8,
        0.7857142857142857,
        0.3125,
        0.47368421052631576,
        0.625,
        0.1111111111111111,
        0.8571428571428571,
        0.2222222222222222,
        0.125,
        0.16666666666666666
    ]
}