{
    "Bins": [
        20.0,
        21.0,
        22.0,
        23.0,
        24.0,
        25.0,
        26.0,
        27.0,
        28.0,
        29.0,
        30.0,
        31.0,
        32.0,
        33.0,
        34.0,
        35.0,
        36.0,
        37.0,
        38.0,
        39.0,
        40.0,
        41.0,
        42.0,
        43.0,
        44.0,
        45.0,
        46.0,
        47.0,
        48.0,
        49.0,
        50.0,
        51.0,
        52.0,
        53.0,
        54.0,
        55.0,
        56.0,
        57.0,
        58.0,
        59.0,
        60.0
    ],
    "Efficiency": [
        0.9893617021276596,
        0.9917355371900827,
        0.984375,
        1.0,
        0.9946808510638298,
        0.9949238578680203,
        0.9963768115942029,
        0.9965397923875432,
        0.9887005649717514,
        0.9859943977591037,
        0.9877750611246944,
        0.992,
        0.9745958429561201,
        0.9861431870669746,
        0.9830148619957537,
        0.9796334012219959,
        0.9795539033457249,
        0.9779005524861878,
        0.9706422018348624,
        0.9821428571428571,
        0.9660714285714286,
        0.958041958041958,
        0.9678068410462777,
        0.9523809523809523,
        0.9608433734939759,
        0.9461077844311377,
        0.9333333333333333,
        0.8472222222222222,
        0.9302325581395349,
        0.9642857142857143,
        0.84,
        0.9285714285714286,
        0.8125,
        0.631578947368421,
        0.75,
        0.2222222222222222,
        0.8571428571428571,
        0.5555555555555556,
        0.25,
        0.8333333333333334
    ]
}