{
    "Bins": [
        20.0,
        21.0,
        22.0,
        23.0,
        24.0,
        25.0,
        26.0,
        27.0,
        28.0,
        29.0,
        30.0,
        31.0,
        32.0,
        33.0,
        34.0,
        35.0,
        36.0,
        37.0,
        38.0,
        39.0,
        40.0,
        41.0,
        42.0,
        43.0,
        44.0,
        45.0,
        46.0,
        47.0,
        48.0,
        49.0,
        50.0,
        51.0,
        52.0,
        53.0,
        54.0,
        55.0,
        56.0,
        57.0,
        58.0,
        59.0,
        60.0
    ],
    "Efficiency": [
        0.9787234042553191,
        0.9917355371900827,
        0.984375,
        0.9936305732484076,
        0.9840425531914894,
        0.9847715736040609,
        0.9818840579710145,
        0.9826989619377162,
        0.9689265536723164,
        0.957983193277311,
        0.9682151589242054,
        0.9786666666666667,
        0.9584295612009238,
        0.9792147806004619,
        0.9723991507430998,
        0.9796334012219959,
        0.9572490706319703,
        0.9668508287292817,
        0.9669724770642202,
        0.9707792207792207,
        0.9517857142857142,
        0.9632867132867133,
        0.959758551307847,
        0.9478458049886621,
        0.9457831325301205,
        0.9281437125748503,
        0.875,
        0.7916666666666666,
        0.8837209302325582,
        0.8928571428571429,
        0.76,
        0.7857142857142857,
        0.5625,
        0.5263157894736842,
        0.75,
        0.1111111111111111,
        0.5714285714285714,
        0.4444444444444444,
        0.125,
        0.16666666666666666
    ]
}