{
    "Bins": [
        20.0,
        21.0,
        22.0,
        23.0,
        24.0,
        25.0,
        26.0,
        27.0,
        28.0,
        29.0,
        30.0,
        31.0,
        32.0,
        33.0,
        34.0,
        35.0,
        36.0,
        37.0,
        38.0,
        39.0,
        40.0,
        41.0,
        42.0,
        43.0,
        44.0,
        45.0,
        46.0,
        47.0,
        48.0,
        49.0,
        50.0,
        51.0,
        52.0,
        53.0,
        54.0,
        55.0,
        56.0,
        57.0,
        58.0,
        59.0,
        60.0
    ],
    "Efficiency": [
        0.9787234042553191,
        0.9669421487603306,
        0.9765625,
        0.9872611464968153,
        0.9680851063829787,
        0.9796954314720813,
        0.9710144927536232,
        0.9619377162629758,
        0.9350282485875706,
        0.927170868347339,
        0.9486552567237164,
        0.9653333333333334,
        0.9561200923787528,
        0.9584295612009238,
        0.9596602972399151,
        0.9511201629327902,
        0.9479553903345725,
        0.9576427255985267,
        0.963302752293578,
        0.9561688311688312,
        0.9446428571428571,
        0.9527972027972028,
        0.9476861167002012,
        0.9455782312925171,
        0.9427710843373494,
        0.8982035928143712,
        0.8666666666666667,
        0.8333333333333334,
        0.7906976744186046,
        0.7142857142857143,
        0.64,
        0.7857142857142857,
        0.5,
        0.5263157894736842,
        0.625,
        0.1111111111111111,
        0.42857142857142855,
        0.4444444444444444,
        0.125,
        0.16666666666666666
    ]
}