{
    "Bins": [
        20.0,
        21.0,
        22.0,
        23.0,
        24.0,
        25.0,
        26.0,
        27.0,
        28.0,
        29.0,
        30.0,
        31.0,
        32.0,
        33.0,
        34.0,
        35.0,
        36.0,
        37.0,
        38.0,
        39.0,
        40.0,
        41.0,
        42.0,
        43.0,
        44.0,
        45.0,
        46.0,
        47.0,
        48.0,
        49.0,
        50.0,
        51.0,
        52.0,
        53.0,
        54.0,
        55.0,
        56.0,
        57.0,
        58.0,
        59.0,
        60.0
    ],
    "Efficiency": [
        0.9893617021276596,
        0.9834710743801653,
        0.9765625,
        0.9808917197452229,
        0.9893617021276596,
        0.9695431472081218,
        0.9746376811594203,
        0.9826989619377162,
        0.9491525423728814,
        0.9411764705882353,
        0.9633251833740831,
        0.976,
        0.9653579676674365,
        0.9676674364896074,
        0.9639065817409767,
        0.9694501018329938,
        0.9646840148698885,
        0.9576427255985267,
        0.963302752293578,
        0.9724025974025974,
        0.9589285714285715,
        0.9597902097902098,
        0.9577464788732394,
        0.9478458049886621,
        0.9427710843373494,
        0.9281437125748503,
        0.8833333333333333,
        0.8611111111111112,
        0.8837209302325582,
        0.8571428571428571,
        0.76,
        0.9285714285714286,
        0.625,
        0.631578947368421,
        0.625,
        0.1111111111111111,
        0.5714285714285714,
        0.4444444444444444,
        0.125,
        0.3333333333333333
    ]
}