{
    "Bins": [
        20.0,
        21.0,
        22.0,
        23.0,
        24.0,
        25.0,
        26.0,
        27.0,
        28.0,
        29.0,
        30.0,
        31.0,
        32.0,
        33.0,
        34.0,
        35.0,
        36.0,
        37.0,
        38.0,
        39.0,
        40.0,
        41.0,
        42.0,
        43.0,
        44.0,
        45.0,
        46.0,
        47.0,
        48.0,
        49.0,
        50.0,
        51.0,
        52.0,
        53.0,
        54.0,
        55.0,
        56.0,
        57.0,
        58.0,
        59.0,
        60.0
    ],
    "Efficiency": [
        0.35106382978723405,
        0.4132231404958678,
        0.484375,
        0.4267515923566879,
        0.4946808510638298,
        0.49746192893401014,
        0.5108695652173914,
        0.3944636678200692,
        0.4830508474576271,
        0.4677871148459384,
        0.4474327628361858,
        0.488,
        0.48729792147806006,
        0.45265588914549654,
        0.4883227176220807,
        0.47657841140529533,
        0.4888475836431227,
        0.48987108655616945,
        0.4917431192660551,
        0.5324675324675324,
        0.475,
        0.5332167832167832,
        0.5010060362173038,
        0.5011337868480725,
        0.5180722891566265,
        0.41317365269461076,
        0.5166666666666667,
        0.4722222222222222,
        0.5348837209302325,
        0.5,
        0.44,
        0.6428571428571429,
        0.4375,
        0.3157894736842105,
        0.625,
        0.5555555555555556,
        0.7142857142857143,
        0.3333333333333333,
        0.125,
        0.5
    ]
}