{
    "Bins": [
        20.0,
        21.0,
        22.0,
        23.0,
        24.0,
        25.0,
        26.0,
        27.0,
        28.0,
        29.0,
        30.0,
        31.0,
        32.0,
        33.0,
        34.0,
        35.0,
        36.0,
        37.0,
        38.0,
        39.0,
        40.0,
        41.0,
        42.0,
        43.0,
        44.0,
        45.0,
        46.0,
        47.0,
        48.0,
        49.0,
        50.0,
        51.0,
        52.0,
        53.0,
        54.0,
        55.0,
        56.0,
        57.0,
        58.0,
        59.0,
        60.0
    ],
    "Efficiency": [
        0.9893617021276596,
        0.9752066115702479,
        0.984375,
        0.9872611464968153,
        0.9946808510638298,
        0.9898477157360406,
        0.9927536231884058,
        1.0,
        0.9774011299435028,
        0.9803921568627451,
        0.9779951100244498,
        0.9813333333333333,
        0.9792147806004619,
        0.9792147806004619,
        0.9915074309978769,
        0.9714867617107943,
        0.9609665427509294,
        0.9650092081031307,
        0.9504587155963303,
        0.9707792207792207,
        0.9571428571428572,
        0.9493006993006993,
        0.9436619718309859,
        0.9342403628117913,
        0.9006024096385542,
        0.8862275449101796,
        0.875,
        0.8055555555555556,
        0.8604651162790697,
        0.8928571428571429,
        0.88,
        0.8571428571428571,
        0.6875,
        0.5263157894736842,
        0.625,
        0.1111111111111111,
        0.5714285714285714,
        0.4444444444444444,
        0.125,
        0.16666666666666666
    ]
}