{
    "Bins": [
        20.0,
        21.0,
        22.0,
        23.0,
        24.0,
        25.0,
        26.0,
        27.0,
        28.0,
        29.0,
        30.0,
        31.0,
        32.0,
        33.0,
        34.0,
        35.0,
        36.0,
        37.0,
        38.0,
        39.0,
        40.0,
        41.0,
        42.0,
        43.0,
        44.0,
        45.0,
        46.0,
        47.0,
        48.0,
        49.0,
        50.0,
        51.0,
        52.0,
        53.0,
        54.0,
        55.0,
        56.0,
        57.0,
        58.0,
        59.0,
        60.0
    ],
    "Efficiency": [
        0.8404255319148937,
        0.8429752066115702,
        0.8515625,
        0.8535031847133758,
        0.8404255319148937,
        0.8578680203045685,
        0.8695652173913043,
        0.8235294117647058,
        0.8531073446327684,
        0.865546218487395,
        0.8875305623471883,
        0.8586666666666667,
        0.8845265588914549,
        0.8868360277136259,
        0.9087048832271762,
        0.8961303462321792,
        0.8736059479553904,
        0.9079189686924494,
        0.908256880733945,
        0.9204545454545454,
        0.9107142857142857,
        0.9423076923076923,
        0.9215291750503019,
        0.9365079365079365,
        0.9337349397590361,
        0.9401197604790419,
        0.9166666666666666,
        0.9166666666666666,
        0.9069767441860465,
        0.9642857142857143,
        0.96,
        1.0,
        0.9375,
        0.8947368421052632,
        0.875,
        0.7777777777777778,
        1.0,
        1.0,
        0.625,
        1.0
    ]
}