{
    "Bins": [
        20.0,
        21.0,
        22.0,
        23.0,
        24.0,
        25.0,
        26.0,
        27.0,
        28.0,
        29.0,
        30.0,
        31.0,
        32.0,
        33.0,
        34.0,
        35.0,
        36.0,
        37.0,
        38.0,
        39.0,
        40.0,
        41.0,
        42.0,
        43.0,
        44.0,
        45.0,
        46.0,
        47.0,
        48.0,
        49.0,
        50.0,
        51.0,
        52.0,
        53.0,
        54.0,
        55.0,
        56.0,
        57.0,
        58.0,
        59.0,
        60.0
    ],
    "Efficiency": [
        1.0,
        0.9917355371900827,
        0.9921875,
        1.0,
        1.0,
        0.9898477157360406,
        1.0,
        1.0,
        1.0,
        1.0,
        0.9902200488997555,
        1.0,
        0.9930715935334873,
        0.9930715935334873,
        0.9957537154989384,
        0.9877800407331976,
        0.9888475836431226,
        0.9760589318600368,
        0.9853211009174312,
        0.9918831168831169,
        0.9839285714285714,
        0.9825174825174825,
        0.9778672032193159,
        0.9773242630385488,
        0.9728915662650602,
        0.9640718562874252,
        0.975,
        0.9583333333333334,
        0.9767441860465116,
        0.9642857142857143,
        0.96,
        1.0,
        0.9375,
        0.9473684210526315,
        1.0,
        0.8888888888888888,
        1.0,
        1.0,
        0.625,
        1.0
    ]
}