{
    "Bins": [
        20.0,
        21.0,
        22.0,
        23.0,
        24.0,
        25.0,
        26.0,
        27.0,
        28.0,
        29.0,
        30.0,
        31.0,
        32.0,
        33.0,
        34.0,
        35.0,
        36.0,
        37.0,
        38.0,
        39.0,
        40.0,
        41.0,
        42.0,
        43.0,
        44.0,
        45.0,
        46.0,
        47.0,
        48.0,
        49.0,
        50.0,
        51.0,
        52.0,
        53.0,
        54.0,
        55.0,
        56.0,
        57.0,
        58.0,
        59.0,
        60.0
    ],
    "Efficiency": [
        0.9468085106382979,
        0.9173553719008265,
        0.9609375,
        0.9554140127388535,
        0.9574468085106383,
        0.9441624365482234,
        0.9528985507246377,
        0.9480968858131488,
        0.9096045197740112,
        0.9243697478991597,
        0.9070904645476773,
        0.92,
        0.9260969976905312,
        0.9214780600461894,
        0.940552016985138,
        0.9226069246435845,
        0.9014869888475836,
        0.9189686924493554,
        0.9137614678899083,
        0.939935064935065,
        0.9357142857142857,
        0.9440559440559441,
        0.9356136820925554,
        0.9433106575963719,
        0.9397590361445783,
        0.9401197604790419,
        0.9666666666666667,
        0.9444444444444444,
        0.9534883720930233,
        0.9642857142857143,
        0.92,
        1.0,
        0.9375,
        0.9473684210526315,
        1.0,
        1.0,
        1.0,
        1.0,
        0.5,
        0.8333333333333334
    ]
}