{
    "Bins": [
        20.0,
        21.0,
        22.0,
        23.0,
        24.0,
        25.0,
        26.0,
        27.0,
        28.0,
        29.0,
        30.0,
        31.0,
        32.0,
        33.0,
        34.0,
        35.0,
        36.0,
        37.0,
        38.0,
        39.0,
        40.0,
        41.0,
        42.0,
        43.0,
        44.0,
        45.0,
        46.0,
        47.0,
        48.0,
        49.0,
        50.0,
        51.0,
        52.0,
        53.0,
        54.0,
        55.0,
        56.0,
        57.0,
        58.0,
        59.0,
        60.0
    ],
    "Efficiency": [
        1.0,
        0.9917355371900827,
        0.9921875,
        1.0,
        1.0,
        1.0,
        1.0,
        1.0,
        1.0,
        1.0,
        0.9951100244498777,
        1.0,
        0.9953810623556582,
        0.9976905311778291,
        1.0,
        0.9959266802443992,
        0.9981412639405205,
        0.9815837937384899,
        0.9926605504587156,
        0.9983766233766234,
        0.9928571428571429,
        0.9947552447552448,
        0.9899396378269618,
        0.9886621315192744,
        0.9819277108433735,
        1.0,
        0.9833333333333333,
        0.9583333333333334,
        0.9767441860465116,
        1.0,
        0.96,
        1.0,
        1.0,
        0.9473684210526315,
        1.0,
        0.8888888888888888,
        1.0,
        1.0,
        0.625,
        1.0
    ]
}