{
    "Bins": [
        20.0,
        21.0,
        22.0,
        23.0,
        24.0,
        25.0,
        26.0,
        27.0,
        28.0,
        29.0,
        30.0,
        31.0,
        32.0,
        33.0,
        34.0,
        35.0,
        36.0,
        37.0,
        38.0,
        39.0,
        40.0,
        41.0,
        42.0,
        43.0,
        44.0,
        45.0,
        46.0,
        47.0,
        48.0,
        49.0,
        50.0,
        51.0,
        52.0,
        53.0,
        54.0,
        55.0,
        56.0,
        57.0,
        58.0,
        59.0,
        60.0
    ],
    "Efficiency": [
        0.8085106382978723,
        0.8099173553719008,
        0.828125,
        0.8598726114649682,
        0.8457446808510638,
        0.8578680203045685,
        0.8913043478260869,
        0.8581314878892734,
        0.8785310734463276,
        0.8823529411764706,
        0.9144254278728606,
        0.912,
        0.9122401847575058,
        0.9260969976905312,
        0.9469214437367304,
        0.9266802443991853,
        0.9182156133828996,
        0.9502762430939227,
        0.9486238532110092,
        0.9577922077922078,
        0.9642857142857143,
        0.9667832167832168,
        0.96579476861167,
        0.9614512471655329,
        0.9548192771084337,
        0.9640718562874252,
        0.9583333333333334,
        0.9444444444444444,
        0.9767441860465116,
        0.9642857142857143,
        0.96,
        1.0,
        0.9375,
        0.9473684210526315,
        1.0,
        1.0,
        1.0,
        1.0,
        0.625,
        1.0
    ]
}