{
    "Bins": [
        20.0,
        21.0,
        22.0,
        23.0,
        24.0,
        25.0,
        26.0,
        27.0,
        28.0,
        29.0,
        30.0,
        31.0,
        32.0,
        33.0,
        34.0,
        35.0,
        36.0,
        37.0,
        38.0,
        39.0,
        40.0,
        41.0,
        42.0,
        43.0,
        44.0,
        45.0,
        46.0,
        47.0,
        48.0,
        49.0,
        50.0,
        51.0,
        52.0,
        53.0,
        54.0,
        55.0,
        56.0,
        57.0,
        58.0,
        59.0,
        60.0
    ],
    "Efficiency": [
        0.9680851063829787,
        0.9586776859504132,
        0.953125,
        0.9745222929936306,
        0.9680851063829787,
        0.9746192893401016,
        0.9710144927536232,
        0.9792387543252595,
        0.940677966101695,
        0.9299719887955182,
        0.9584352078239609,
        0.9706666666666667,
        0.9561200923787528,
        0.9515011547344111,
        0.9596602972399151,
        0.9409368635437881,
        0.9423791821561338,
        0.9465930018416207,
        0.9302752293577982,
        0.948051948051948,
        0.9214285714285714,
        0.9300699300699301,
        0.9255533199195171,
        0.9160997732426304,
        0.8765060240963856,
        0.874251497005988,
        0.8333333333333334,
        0.75,
        0.7906976744186046,
        0.8214285714285714,
        0.76,
        0.8571428571428571,
        0.5,
        0.3684210526315789,
        0.375,
        0.1111111111111111,
        0.42857142857142855,
        0.2222222222222222,
        0.125,
        0.16666666666666666
    ]
}