{
    "Bins": [
        20.0,
        21.0,
        22.0,
        23.0,
        24.0,
        25.0,
        26.0,
        27.0,
        28.0,
        29.0,
        30.0,
        31.0,
        32.0,
        33.0,
        34.0,
        35.0,
        36.0,
        37.0,
        38.0,
        39.0,
        40.0,
        41.0,
        42.0,
        43.0,
        44.0,
        45.0,
        46.0,
        47.0,
        48.0,
        49.0,
        50.0,
        51.0,
        52.0,
        53.0,
        54.0,
        55.0,
        56.0,
        57.0,
        58.0,
        59.0,
        60.0
    ],
    "Efficiency": [
        0.9680851063829787,
        0.9586776859504132,
        0.9609375,
        0.9745222929936306,
        0.9787234042553191,
        0.9695431472081218,
        0.9710144927536232,
        0.9757785467128027,
        0.9491525423728814,
        0.9467787114845938,
        0.9633251833740831,
        0.9733333333333334,
        0.9653579676674365,
        0.9653579676674365,
        0.9596602972399151,
        0.9633401221995926,
        0.9572490706319703,
        0.9594843462246777,
        0.9614678899082569,
        0.9642857142857143,
        0.9482142857142857,
        0.9545454545454546,
        0.9517102615694165,
        0.9410430839002267,
        0.9307228915662651,
        0.9221556886227545,
        0.8416666666666667,
        0.7916666666666666,
        0.8372093023255814,
        0.8214285714285714,
        0.76,
        0.7857142857142857,
        0.625,
        0.42105263157894735,
        0.5,
        0.2222222222222222,
        0.5714285714285714,
        0.4444444444444444,
        0.125,
        0.5
    ]
}