{
    "Precision": [
        0.50175,
        0.6853256783541795,
        0.7306343174510377,
        0.7668293438686188,
        0.8026440853711224,
        0.8480886564562321,
        1.0
    ],
    "Recall": [
        1.0,
        0.9992027902341803,
        0.9963129048330842,
        0.9864474339810663,
        0.9256601893373194,
        0.6787244643746886,
        0.0
    ],
    "Precision-Recall AUC": 0.8885916648223047,
    "Chance Level": 0.50175
}