{
    "Precision": [
        0.50175,
        0.8598814229249012,
        0.8599683544303798,
        0.8600257196557523,
        0.859763959139145,
        0.8597796963381958,
        0.8596002784130456,
        0.8594761477940445,
        0.8593360582195195,
        0.8592939768647786,
        0.8590831918505942,
        0.8591549295774648,
        0.8590590590590591,
        0.8589743589743589,
        0.8589897775105232,
        0.8590206702789485,
        0.8589499046280494,
        0.8583333333333333,
        0.8582324824570324,
        0.8581747888900193,
        1.0
    ],
    "Recall": [
        1.0,
        0.8671649227703039,
        0.8665670154459392,
        0.8663677130044843,
        0.863876432486298,
        0.8633781763826607,
        0.861484803188839,
        0.8599900348779272,
        0.8589935226706528,
        0.8586945690084703,
        0.8571998006975585,
        0.8571001494768311,
        0.8552067762830095,
        0.8546088689586447,
        0.8541106128550074,
        0.853114100647733,
        0.8526158445440957,
        0.8416542102640757,
        0.8409566517189836,
        0.8405580468360737,
        0.0
    ],
    "Precision-Recall AUC": 0.8942451241721733,
    "Chance Level": 0.50175
}