{
    "Precision": [
        0.50175,
        0.8323727185398655,
        0.8324521772565606,
        0.832516104220748,
        0.8322897601387149,
        0.8323053199691596,
        0.832159058005984,
        0.8319644410087931,
        0.8318669631634922,
        0.8318344454114689,
        0.8316227730441518,
        0.831687003680031,
        0.8314258001939864,
        0.8313276397515528,
        0.8313755946024658,
        0.8313896987366375,
        0.831274919770495,
        0.8303483566227121,
        0.8302648419808999,
        0.8302314130969966,
        1.0
    ],
    "Recall": [
        1.0,
        0.8634778276033881,
        0.8629795714997509,
        0.8628799202790234,
        0.8609865470852018,
        0.860587942202292,
        0.8591928251121076,
        0.8579970104633782,
        0.8573991031390135,
        0.8571998006975585,
        0.8559043348281017,
        0.8558046836073742,
        0.854210264075735,
        0.8536123567513701,
        0.8534130543099153,
        0.8525161933233683,
        0.851818634778276,
        0.8408570004982561,
        0.8403587443946189,
        0.8401594419531639,
        0.0
    ],
    "Precision-Recall AUC": 0.8792972830946273,
    "Chance Level": 0.50175
}