{
    "False Positive Rate": [
        0.0,
        0.08648815847869064,
        1.0
    ],
    "True Positive Rate": [
        0.0,
        0.9075575999677198,
        1.0
    ],
    "ROC AUC": 0.9105347207445145
}