{
    "False Positive Rate": [
        0.0,
        0.046599513159487335,
        0.08340842153395107,
        0.11382922925884584,
        0.14806944874053551,
        0.21118388315827696,
        1.0
    ],
    "True Positive Rate": [
        0.0,
        0.6421068205355822,
        0.8720628387738907,
        0.9430927114016329,
        0.9722121346622012,
        0.9883656807758007,
        1.0
    ],
    "ROC AUC": 0.9493257044483756
}