{
    "False Positive Rate": [
        0.0,
        0.01978293906424412,
        0.035719569105800396,
        0.0487512944309211,
        0.0610567935769329,
        0.07345643315356994,
        0.0862595317186008,
        0.10117406565622604,
        0.11931627150100192,
        0.14298586548677328,
        0.18411178503705097,
        1.0
    ],
    "True Positive Rate": [
        0.0,
        0.5932561298739728,
        0.7972131434182034,
        0.8820293480746211,
        0.9251234044842567,
        0.9511627594184185,
        0.9674911565723816,
        0.97853367227535,
        0.9868189215725833,
        0.992656256304725,
        0.9967316305532018,
        1.0
    ],
    "ROC AUC": 0.9741527728124114
}