{
    "False Positive Rate": [
        0.0,
        0.10152373011283403,
        1.0
    ],
    "True Positive Rate": [
        0.0,
        0.9008460100337597,
        1.0
    ],
    "ROC AUC": 0.8996611399604628
}