{
    "Bins": [
        20.0,
        21.0,
        22.0,
        23.0,
        24.0,
        25.0,
        26.0,
        27.0,
        28.0,
        29.0,
        30.0,
        31.0,
        32.0,
        33.0,
        34.0,
        35.0,
        36.0,
        37.0,
        38.0,
        39.0,
        40.0,
        41.0,
        42.0,
        43.0,
        44.0,
        45.0,
        46.0,
        47.0,
        48.0,
        49.0,
        50.0,
        51.0,
        52.0,
        53.0,
        54.0,
        55.0,
        56.0,
        57.0,
        58.0,
        59.0,
        60.0
    ],
    "Efficiency": [
        0.9411764705882353,
        0.955288985823337,
        0.9597754911131899,
        0.9628712871287128,
        0.9629898403483309,
        0.9583070120025269,
        0.9614130434782608,
        0.9620374819798174,
        0.9601593625498008,
        0.955487336914812,
        0.9544138929088278,
        0.9490249743414301,
        0.9508404693942277,
        0.9483173076923077,
        0.9381743948673082,
        0.9358733565870674,
        0.9315521628498727,
        0.9319201995012469,
        0.931098696461825,
        0.9325255405084343,
        0.9376022435148399,
        0.9460807600950119,
        0.9459316194010071,
        0.9424548515457606,
        0.9423885618166526,
        0.9492656875834445,
        0.9435665914221218,
        0.9604743083003953,
        0.9551820728291317,
        0.9297520661157025,
        0.9405405405405406,
        0.9548872180451128,
        0.9339622641509434,
        0.9333333333333333,
        0.9418604651162791,
        0.9152542372881356,
        0.9558823529411765,
        0.9433962264150944,
        0.8983050847457628,
        0.9166666666666666
    ]
}