{
    "Bins": [
        20.0,
        21.0,
        22.0,
        23.0,
        24.0,
        25.0,
        26.0,
        27.0,
        28.0,
        29.0,
        30.0,
        31.0,
        32.0,
        33.0,
        34.0,
        35.0,
        36.0,
        37.0,
        38.0,
        39.0,
        40.0,
        41.0,
        42.0,
        43.0,
        44.0,
        45.0,
        46.0,
        47.0,
        48.0,
        49.0,
        50.0,
        51.0,
        52.0,
        53.0,
        54.0,
        55.0,
        56.0,
        57.0,
        58.0,
        59.0,
        60.0
    ],
    "Efficiency": [
        0.90153452685422,
        0.916030534351145,
        0.9036482694106641,
        0.9026402640264026,
        0.8846153846153846,
        0.8591282375236892,
        0.8532608695652174,
        0.8346948582412301,
        0.8273572377158035,
        0.8288564850345357,
        0.8140376266280752,
        0.827232295586726,
        0.8315889628924833,
        0.8419471153846154,
        0.8655584718576844,
        0.8618191574993292,
        0.8513994910941476,
        0.8658354114713217,
        0.87243947858473,
        0.8728914231408885,
        0.8660902079925216,
        0.8762470308788599,
        0.8635038430956798,
        0.8549127640036731,
        0.836417157275021,
        0.7823765020026703,
        0.7968397291196389,
        0.7312252964426877,
        0.7030812324929971,
        0.6611570247933884,
        0.6594594594594595,
        0.5263157894736842,
        0.5283018867924528,
        0.4666666666666667,
        0.45348837209302323,
        0.5423728813559322,
        0.4264705882352941,
        0.41509433962264153,
        0.3728813559322034,
        0.4722222222222222
    ]
}