{
    "Bins": [
        20.0,
        21.0,
        22.0,
        23.0,
        24.0,
        25.0,
        26.0,
        27.0,
        28.0,
        29.0,
        30.0,
        31.0,
        32.0,
        33.0,
        34.0,
        35.0,
        36.0,
        37.0,
        38.0,
        39.0,
        40.0,
        41.0,
        42.0,
        43.0,
        44.0,
        45.0,
        46.0,
        47.0,
        48.0,
        49.0,
        50.0,
        51.0,
        52.0,
        53.0,
        54.0,
        55.0,
        56.0,
        57.0,
        58.0,
        59.0,
        60.0
    ],
    "Efficiency": [
        0.2672634271099744,
        0.26717557251908397,
        0.284377923292797,
        0.28135313531353134,
        0.2844702467343977,
        0.2545799115603285,
        0.296195652173913,
        0.3008169149447381,
        0.3050022133687472,
        0.31005372217958554,
        0.3068017366136035,
        0.30619226821758466,
        0.30637488106565175,
        0.31580528846153844,
        0.32750072907553224,
        0.3168768446471693,
        0.3256997455470738,
        0.32992518703241897,
        0.3319366852886406,
        0.33927298645759085,
        0.331385837812573,
        0.3439429928741093,
        0.353829843625762,
        0.3755739210284665,
        0.3540790580319596,
        0.35046728971962615,
        0.3216704288939052,
        0.3695652173913043,
        0.34173669467787116,
        0.34710743801652894,
        0.32972972972972975,
        0.2857142857142857,
        0.37735849056603776,
        0.4,
        0.3953488372093023,
        0.3050847457627119,
        0.22058823529411764,
        0.3584905660377358,
        0.4406779661016949,
        0.5
    ]
}