{
    "Bins": [
        20.0,
        21.0,
        22.0,
        23.0,
        24.0,
        25.0,
        26.0,
        27.0,
        28.0,
        29.0,
        30.0,
        31.0,
        32.0,
        33.0,
        34.0,
        35.0,
        36.0,
        37.0,
        38.0,
        39.0,
        40.0,
        41.0,
        42.0,
        43.0,
        44.0,
        45.0,
        46.0,
        47.0,
        48.0,
        49.0,
        50.0,
        51.0,
        52.0,
        53.0,
        54.0,
        55.0,
        56.0,
        57.0,
        58.0,
        59.0,
        60.0
    ],
    "Efficiency": [
        0.8158567774936062,
        0.7949836423118866,
        0.7951356407857811,
        0.7607260726072608,
        0.7670537010159652,
        0.7858496525584333,
        0.783695652173913,
        0.7573282075925036,
        0.765825586542718,
        0.7356101304681504,
        0.743849493487699,
        0.7280191583989052,
        0.7446875991119569,
        0.7412860576923077,
        0.7255759696704579,
        0.7271263751006172,
        0.7251908396946565,
        0.71571072319202,
        0.7197392923649907,
        0.714896650035638,
        0.7104463659733583,
        0.6954869358669834,
        0.6983832494036576,
        0.6975818794000612,
        0.7060555088309504,
        0.6802403204272364,
        0.7009029345372461,
        0.7094861660079052,
        0.6918767507002801,
        0.7024793388429752,
        0.7405405405405405,
        0.706766917293233,
        0.6981132075471698,
        0.6888888888888889,
        0.6046511627906976,
        0.6101694915254238,
        0.6323529411764706,
        0.660377358490566,
        0.6779661016949152,
        0.6388888888888888
    ]
}