{
    "Bins": [
        20.0,
        21.0,
        22.0,
        23.0,
        24.0,
        25.0,
        26.0,
        27.0,
        28.0,
        29.0,
        30.0,
        31.0,
        32.0,
        33.0,
        34.0,
        35.0,
        36.0,
        37.0,
        38.0,
        39.0,
        40.0,
        41.0,
        42.0,
        43.0,
        44.0,
        45.0,
        46.0,
        47.0,
        48.0,
        49.0,
        50.0,
        51.0,
        52.0,
        53.0,
        54.0,
        55.0,
        56.0,
        57.0,
        58.0,
        59.0,
        60.0
    ],
    "Efficiency": [
        0.9782608695652174,
        0.9825517993456925,
        0.9822263797942001,
        0.9826732673267327,
        0.974600870827286,
        0.9734680985470625,
        0.9597826086956521,
        0.9625180201826046,
        0.9552899513058876,
        0.9570222563315426,
        0.9558610709117221,
        0.9483407458091002,
        0.956232159847764,
        0.9600360576923077,
        0.957713619130942,
        0.9565334048832841,
        0.9524173027989822,
        0.9558603491271821,
        0.9511173184357542,
        0.9510572582561179,
        0.9523253096517879,
        0.9491686460807601,
        0.9499072356215214,
        0.9393939393939394,
        0.9301934398654331,
        0.9078771695594126,
        0.9006772009029346,
        0.8557312252964426,
        0.8207282913165266,
        0.7479338842975206,
        0.7513513513513513,
        0.6240601503759399,
        0.6132075471698113,
        0.5222222222222223,
        0.5,
        0.423728813559322,
        0.35294117647058826,
        0.24528301886792453,
        0.2711864406779661,
        0.19444444444444445
    ]
}