{
    "Bins": [
        20.0,
        21.0,
        22.0,
        23.0,
        24.0,
        25.0,
        26.0,
        27.0,
        28.0,
        29.0,
        30.0,
        31.0,
        32.0,
        33.0,
        34.0,
        35.0,
        36.0,
        37.0,
        38.0,
        39.0,
        40.0,
        41.0,
        42.0,
        43.0,
        44.0,
        45.0,
        46.0,
        47.0,
        48.0,
        49.0,
        50.0,
        51.0,
        52.0,
        53.0,
        54.0,
        55.0,
        56.0,
        57.0,
        58.0,
        59.0,
        60.0
    ],
    "Efficiency": [
        0.47698209718670076,
        0.46892039258451473,
        0.4864359214218896,
        0.5181518151815182,
        0.5217706821480407,
        0.5198989260897031,
        0.5233695652173913,
        0.541566554541086,
        0.536963258078796,
        0.5533384497313891,
        0.5687409551374819,
        0.5689360246322271,
        0.5876942594354583,
        0.5913461538461539,
        0.5882181393992417,
        0.6012878991145694,
        0.6005089058524173,
        0.6336658354114714,
        0.6159217877094972,
        0.6286528866714184,
        0.6594998831502688,
        0.6560570071258908,
        0.6612774980121919,
        0.6789103152739516,
        0.6757779646761984,
        0.6662216288384513,
        0.6670428893905191,
        0.7292490118577075,
        0.6582633053221288,
        0.6694214876033058,
        0.6864864864864865,
        0.6992481203007519,
        0.6886792452830188,
        0.7777777777777778,
        0.686046511627907,
        0.6949152542372882,
        0.7058823529411765,
        0.7169811320754716,
        0.7288135593220338,
        0.7777777777777778
    ]
}