{
    "Bins": [
        20.0,
        21.0,
        22.0,
        23.0,
        24.0,
        25.0,
        26.0,
        27.0,
        28.0,
        29.0,
        30.0,
        31.0,
        32.0,
        33.0,
        34.0,
        35.0,
        36.0,
        37.0,
        38.0,
        39.0,
        40.0,
        41.0,
        42.0,
        43.0,
        44.0,
        45.0,
        46.0,
        47.0,
        48.0,
        49.0,
        50.0,
        51.0,
        52.0,
        53.0,
        54.0,
        55.0,
        56.0,
        57.0,
        58.0,
        59.0,
        60.0
    ],
    "Efficiency": [
        0.969309462915601,
        0.9781897491821155,
        0.9691300280636108,
        0.9653465346534653,
        0.9629898403483309,
        0.9513581806696146,
        0.9445652173913044,
        0.9375300336376742,
        0.9335989375830013,
        0.9313123561013047,
        0.9352387843704776,
        0.9315771467670202,
        0.9362511893434824,
        0.9347956730769231,
        0.9425488480606591,
        0.9423128521599141,
        0.9366412213740458,
        0.94214463840399,
        0.9408752327746741,
        0.9341886433832264,
        0.9383033419023136,
        0.93729216152019,
        0.9355950172276702,
        0.9228650137741047,
        0.9070647603027755,
        0.8825100133511349,
        0.8769751693002258,
        0.8300395256916996,
        0.7815126050420168,
        0.7355371900826446,
        0.6918918918918919,
        0.556390977443609,
        0.46226415094339623,
        0.43333333333333335,
        0.45348837209302323,
        0.423728813559322,
        0.2647058823529412,
        0.16981132075471697,
        0.2542372881355932,
        0.3333333333333333
    ]
}