{
    "Bins": [
        20.0,
        21.0,
        22.0,
        23.0,
        24.0,
        25.0,
        26.0,
        27.0,
        28.0,
        29.0,
        30.0,
        31.0,
        32.0,
        33.0,
        34.0,
        35.0,
        36.0,
        37.0,
        38.0,
        39.0,
        40.0,
        41.0,
        42.0,
        43.0,
        44.0,
        45.0,
        46.0,
        47.0,
        48.0,
        49.0,
        50.0,
        51.0,
        52.0,
        53.0,
        54.0,
        55.0,
        56.0,
        57.0,
        58.0,
        59.0,
        60.0
    ],
    "Efficiency": [
        0.9309462915601023,
        0.9432933478735005,
        0.9485500467726847,
        0.9645214521452146,
        0.9644412191582002,
        0.9576753000631711,
        0.9646739130434783,
        0.9654012493993273,
        0.9707835325365206,
        0.9635456638526477,
        0.9681620839363242,
        0.9654464591173452,
        0.9701871233745639,
        0.97265625,
        0.9670457859434237,
        0.9680708344513013,
        0.9638676844783715,
        0.9648379052369077,
        0.9562383612662942,
        0.95272036113091,
        0.9478850198644543,
        0.9482185273159145,
        0.9427511264245958,
        0.9390878481787572,
        0.9377628259041211,
        0.9459279038718291,
        0.9435665914221218,
        0.9604743083003953,
        0.9467787114845938,
        0.9090909090909091,
        0.9351351351351351,
        0.9323308270676691,
        0.9245283018867925,
        0.9222222222222223,
        0.8837209302325582,
        0.9152542372881356,
        0.8529411764705882,
        0.7924528301886793,
        0.7966101694915254,
        0.7777777777777778
    ]
}