{
    "Bins": [
        20.0,
        21.0,
        22.0,
        23.0,
        24.0,
        25.0,
        26.0,
        27.0,
        28.0,
        29.0,
        30.0,
        31.0,
        32.0,
        33.0,
        34.0,
        35.0,
        36.0,
        37.0,
        38.0,
        39.0,
        40.0,
        41.0,
        42.0,
        43.0,
        44.0,
        45.0,
        46.0,
        47.0,
        48.0,
        49.0,
        50.0,
        51.0,
        52.0,
        53.0,
        54.0,
        55.0,
        56.0,
        57.0,
        58.0,
        59.0,
        60.0
    ],
    "Efficiency": [
        0.5230179028132992,
        0.504907306434024,
        0.5191768007483629,
        0.5478547854785478,
        0.5007256894049347,
        0.4706253948199621,
        0.4771739130434783,
        0.4983181162902451,
        0.4754316069057105,
        0.4915579432079816,
        0.4916787264833575,
        0.4888812863496408,
        0.49730415477323187,
        0.5066105769230769,
        0.5173519976669583,
        0.5304534478132547,
        0.5312977099236641,
        0.5486284289276808,
        0.5488826815642458,
        0.5414587788073176,
        0.565786398691283,
        0.580522565320665,
        0.5748741054863504,
        0.5775941230486685,
        0.5765349032800673,
        0.5687583444592791,
        0.5756207674943566,
        0.6185770750988142,
        0.5602240896358543,
        0.5537190082644629,
        0.5567567567567567,
        0.5413533834586466,
        0.5943396226415094,
        0.4777777777777778,
        0.5581395348837209,
        0.5084745762711864,
        0.5294117647058824,
        0.39622641509433965,
        0.5254237288135594,
        0.5277777777777778
    ]
}