{
    "Bins": [
        20.0,
        21.0,
        22.0,
        23.0,
        24.0,
        25.0,
        26.0,
        27.0,
        28.0,
        29.0,
        30.0,
        31.0,
        32.0,
        33.0,
        34.0,
        35.0,
        36.0,
        37.0,
        38.0,
        39.0,
        40.0,
        41.0,
        42.0,
        43.0,
        44.0,
        45.0,
        46.0,
        47.0,
        48.0,
        49.0,
        50.0,
        51.0,
        52.0,
        53.0,
        54.0,
        55.0,
        56.0,
        57.0,
        58.0,
        59.0,
        60.0
    ],
    "Efficiency": [
        0.9782608695652174,
        0.9792802617230099,
        0.9784845650140318,
        0.9694719471947195,
        0.9586357039187228,
        0.952621604548326,
        0.9402173913043478,
        0.9293608841902932,
        0.9287295263390881,
        0.9251726784343822,
        0.9222141823444283,
        0.9240506329113924,
        0.9254678084364097,
        0.9350961538461539,
        0.9416739574219889,
        0.9361416689026026,
        0.9358778625954198,
        0.9423940149625936,
        0.9364525139664804,
        0.9372772630078403,
        0.9378359429773312,
        0.9401425178147268,
        0.9374503047972436,
        0.9274563820018366,
        0.9083263246425568,
        0.8691588785046729,
        0.8611738148984198,
        0.8142292490118577,
        0.742296918767507,
        0.7231404958677686,
        0.654054054054054,
        0.6165413533834586,
        0.5566037735849056,
        0.5555555555555556,
        0.4883720930232558,
        0.4406779661016949,
        0.3088235294117647,
        0.20754716981132076,
        0.22033898305084745,
        0.25
    ]
}