Classifier,Accuracy,TN,FP,FN,TP,Precision,Recall,F1,MSE
AdaBoostClassifier,0.9009864432932878,95627,11520,6447,67866,0.854886251983977,0.9132453271971257,0.8831026877208049,0.09901355670671222
