{
    "Precision": [
        0.40952827069326575,
        0.8703644029109268,
        1.0
    ],
    "Recall": [
        1.0,
        0.872296906328637,
        0.0
    ],
    "Precision-Recall AUC": 0.8974796681764885,
    "Chance Level": 0.40952827069326575
}