{
    "Bins": [
        20.0,
        21.0,
        22.0,
        23.0,
        24.0,
        25.0,
        26.0,
        27.0,
        28.0,
        29.0,
        30.0,
        31.0,
        32.0,
        33.0,
        34.0,
        35.0,
        36.0,
        37.0,
        38.0,
        39.0,
        40.0,
        41.0,
        42.0,
        43.0,
        44.0,
        45.0,
        46.0,
        47.0,
        48.0,
        49.0,
        50.0,
        51.0,
        52.0,
        53.0,
        54.0,
        55.0,
        56.0,
        57.0,
        58.0,
        59.0,
        60.0
    ],
    "Efficiency": [
        0.7375796178343949,
        0.7129533678756477,
        0.7593632958801498,
        0.7697536108751062,
        0.8248914616497829,
        0.8025439127801333,
        0.8260411175540326,
        0.8400184416781927,
        0.8354906054279749,
        0.8455123113582208,
        0.8663101604278075,
        0.8700464119957159,
        0.8791925465838509,
        0.8902513795217658,
        0.8905895691609977,
        0.8902305159165752,
        0.8995302713987474,
        0.9119666503187838,
        0.9115694642010431,
        0.9135773864689527,
        0.9226361031518625,
        0.9281781182666986,
        0.9318958716802525,
        0.9376710246275464,
        0.9430650684931506,
        0.9292158223455933,
        0.9414414414414415,
        0.9501039501039501,
        0.9302325581395349,
        0.94,
        0.9259259259259259,
        0.9527027027027027,
        0.9439252336448598,
        0.9550561797752809,
        0.9027777777777778,
        0.9661016949152542,
        0.9310344827586207,
        0.9795918367346939,
        0.92,
        0.9743589743589743
    ]
}