{
    "Bins": [
        20.0,
        21.0,
        22.0,
        23.0,
        24.0,
        25.0,
        26.0,
        27.0,
        28.0,
        29.0,
        30.0,
        31.0,
        32.0,
        33.0,
        34.0,
        35.0,
        36.0,
        37.0,
        38.0,
        39.0,
        40.0,
        41.0,
        42.0,
        43.0,
        44.0,
        45.0,
        46.0,
        47.0,
        48.0,
        49.0,
        50.0,
        51.0,
        52.0,
        53.0,
        54.0,
        55.0,
        56.0,
        57.0,
        58.0,
        59.0,
        60.0
    ],
    "Efficiency": [
        0.9949044585987261,
        0.9927461139896373,
        0.9915730337078652,
        0.9779099405267629,
        0.9782923299565847,
        0.9745608721986675,
        0.9662625197680548,
        0.9580451821115722,
        0.9703549060542798,
        0.9626687847498014,
        0.9639928698752228,
        0.9650124955373081,
        0.9757763975155279,
        0.9754751686082158,
        0.9733560090702947,
        0.9783205268935236,
        0.975991649269311,
        0.978175576262874,
        0.9788999525841631,
        0.9775254865616312,
        0.9844794651384909,
        0.9825233421115633,
        0.981067578227715,
        0.9762845849802372,
        0.9751712328767124,
        0.9659958362248439,
        0.972972972972973,
        0.9521829521829522,
        0.9244186046511628,
        0.94,
        0.8333333333333334,
        0.8581081081081081,
        0.8411214953271028,
        0.7865168539325843,
        0.7638888888888888,
        0.8135593220338984,
        0.7931034482758621,
        0.7551020408163265,
        0.78,
        0.717948717948718
    ]
}