{
    "Bins": [
        20.0,
        21.0,
        22.0,
        23.0,
        24.0,
        25.0,
        26.0,
        27.0,
        28.0,
        29.0,
        30.0,
        31.0,
        32.0,
        33.0,
        34.0,
        35.0,
        36.0,
        37.0,
        38.0,
        39.0,
        40.0,
        41.0,
        42.0,
        43.0,
        44.0,
        45.0,
        46.0,
        47.0,
        48.0,
        49.0,
        50.0,
        51.0,
        52.0,
        53.0,
        54.0,
        55.0,
        56.0,
        57.0,
        58.0,
        59.0,
        60.0
    ],
    "Efficiency": [
        0.9898089171974522,
        0.9803108808290155,
        0.9822097378277154,
        0.9668649107901445,
        0.9630969609261939,
        0.968503937007874,
        0.9620453347390617,
        0.9566620562471185,
        0.955741127348643,
        0.954328832406672,
        0.9568627450980393,
        0.9571581578007854,
        0.9649068322981367,
        0.9668914776210914,
        0.9693877551020408,
        0.9733809001097695,
        0.9702505219206681,
        0.969592937714566,
        0.9696538643907064,
        0.9645505097312326,
        0.9675262655205349,
        0.9643284654057936,
        0.9726531685511438,
        0.9641228336880511,
        0.9597602739726028,
        0.9514226231783484,
        0.9481981981981982,
        0.9438669438669439,
        0.9127906976744186,
        0.924,
        0.8395061728395061,
        0.8783783783783784,
        0.8411214953271028,
        0.8314606741573034,
        0.8194444444444444,
        0.8813559322033898,
        0.8620689655172413,
        0.8163265306122449,
        0.84,
        0.8461538461538461
    ]
}