{
    "Bins": [
        20.0,
        21.0,
        22.0,
        23.0,
        24.0,
        25.0,
        26.0,
        27.0,
        28.0,
        29.0,
        30.0,
        31.0,
        32.0,
        33.0,
        34.0,
        35.0,
        36.0,
        37.0,
        38.0,
        39.0,
        40.0,
        41.0,
        42.0,
        43.0,
        44.0,
        45.0,
        46.0,
        47.0,
        48.0,
        49.0,
        50.0,
        51.0,
        52.0,
        53.0,
        54.0,
        55.0,
        56.0,
        57.0,
        58.0,
        59.0,
        60.0
    ],
    "Efficiency": [
        0.9936305732484076,
        0.9927461139896373,
        0.9953183520599251,
        0.9974511469838573,
        0.9963820549927641,
        0.9975772259236826,
        0.996309963099631,
        0.9972337482710927,
        0.9958246346555324,
        0.9944400317712471,
        0.9971479500891266,
        0.9946447697250982,
        0.9956521739130435,
        0.9941753525444512,
        0.9934807256235828,
        0.9925905598243688,
        0.9916492693110647,
        0.9923982344286415,
        0.9931247036510195,
        0.9907321594068582,
        0.9914040114613181,
        0.9916207804644481,
        0.9921114909282146,
        0.9905746427485558,
        0.9931506849315068,
        0.9854267869535045,
        0.9887387387387387,
        0.9916839916839917,
        0.9738372093023255,
        0.976,
        0.9691358024691358,
        0.9864864864864865,
        0.9813084112149533,
        1.0,
        0.9722222222222222,
        0.9830508474576272,
        0.9482758620689655,
        0.9387755102040817,
        0.92,
        0.9743589743589743
    ]
}