{
    "Bins": [
        20.0,
        21.0,
        22.0,
        23.0,
        24.0,
        25.0,
        26.0,
        27.0,
        28.0,
        29.0,
        30.0,
        31.0,
        32.0,
        33.0,
        34.0,
        35.0,
        36.0,
        37.0,
        38.0,
        39.0,
        40.0,
        41.0,
        42.0,
        43.0,
        44.0,
        45.0,
        46.0,
        47.0,
        48.0,
        49.0,
        50.0,
        51.0,
        52.0,
        53.0,
        54.0,
        55.0,
        56.0,
        57.0,
        58.0,
        59.0,
        60.0
    ],
    "Efficiency": [
        0.889171974522293,
        0.8715025906735752,
        0.897003745318352,
        0.9124893797790994,
        0.9196816208393632,
        0.9242883101150817,
        0.9372693726937269,
        0.9409866297833103,
        0.9319415448851774,
        0.9344718030182685,
        0.9404634581105169,
        0.94109246697608,
        0.9496894409937888,
        0.9494175352544452,
        0.951530612244898,
        0.9486827661909989,
        0.9478079331941545,
        0.9553702795487984,
        0.9523470839260313,
        0.9555143651529193,
        0.9582139446036294,
        0.9559492458702418,
        0.961872206153037,
        0.9616904834296138,
        0.9696061643835616,
        0.9493407356002775,
        0.963963963963964,
        0.9646569646569647,
        0.9534883720930233,
        0.952,
        0.9444444444444444,
        0.9527027027027027,
        0.9532710280373832,
        0.9662921348314607,
        0.9583333333333334,
        0.9830508474576272,
        0.9827586206896551,
        0.9183673469387755,
        0.96,
        0.9743589743589743
    ]
}