{
    "Precision": [
        0.3804945649820276,
        0.3857603899097675,
        0.3904010665481613,
        0.39623749407168185,
        0.3993868960468521,
        0.5022491801375628,
        0.5122082424314874,
        0.5372332065507811,
        0.5591419473772415,
        0.5687860068022489,
        0.6091131896163657,
        0.6894357827029295,
        1.0
    ],
    "Recall": [
        1.0,
        0.9999430912815843,
        0.9998861825631686,
        0.9984634646027771,
        0.9935124061006146,
        0.9848622809014341,
        0.9753585249260187,
        0.972626906442067,
        0.9493512406100615,
        0.9326769861142727,
        0.6930343728659231,
        0.5611768722968359,
        0.0
    ],
    "Precision-Recall AUC": 0.7356749952143952,
    "Chance Level": 0.3804945649820276
}