{
    "Precision": [
        0.3804945649820276,
        0.8551086318261891,
        0.888208269525268,
        0.9041002872812745,
        0.9162133333333333,
        0.9273322422258592,
        0.9353847872221601,
        0.935381178441776,
        0.9430478053270437,
        0.9431530494821634,
        0.9432073191783187,
        0.9432040510990908,
        0.9432007826437244,
        0.95141065830721,
        0.951407728944354,
        0.9593618697478992,
        0.9593592016282582,
        0.9694319574989784,
        0.9695111982998201,
        0.9695087059592904,
        0.9695062132112492,
        0.9695037200555965,
        1.0
    ],
    "Recall": [
        1.0,
        0.9944798543136809,
        0.9902117004325063,
        0.9850330070566811,
        0.9776348736626451,
        0.9673343956294104,
        0.9531641247439108,
        0.9531072160254951,
        0.9329046209879354,
        0.9328477122695197,
        0.9328477122695197,
        0.932790803551104,
        0.9327338948326883,
        0.8981333940359663,
        0.8980764853175507,
        0.8316071022080582,
        0.8315501934896427,
        0.6749943091281584,
        0.6749943091281584,
        0.6749374004097428,
        0.6748804916913271,
        0.6748235829729115,
        0.0
    ],
    "Precision-Recall AUC": 0.9724571566007449,
    "Chance Level": 0.3804945649820276
}