{
    "Precision": [
        0.3804945649820276,
        0.922753845280663,
        1.0
    ],
    "Recall": [
        1.0,
        0.9252219440018211,
        0.0
    ],
    "Precision-Recall AUC": 0.9382142165848564,
    "Chance Level": 0.3804945649820276
}