{
    "Bins": [
        20.0,
        21.0,
        22.0,
        23.0,
        24.0,
        25.0,
        26.0,
        27.0,
        28.0,
        29.0,
        30.0,
        31.0,
        32.0,
        33.0,
        34.0,
        35.0,
        36.0,
        37.0,
        38.0,
        39.0,
        40.0,
        41.0,
        42.0,
        43.0,
        44.0,
        45.0,
        46.0,
        47.0,
        48.0,
        49.0,
        50.0,
        51.0,
        52.0,
        53.0,
        54.0,
        55.0,
        56.0,
        57.0,
        58.0,
        59.0,
        60.0
    ],
    "Efficiency": [
        0.6942675159235668,
        0.705699481865285,
        0.7097378277153558,
        0.7255734919286321,
        0.7510853835021708,
        0.7353119321623258,
        0.7617290458618872,
        0.7704011065006916,
        0.7549060542797494,
        0.7664813343923749,
        0.7843137254901961,
        0.7782934666190646,
        0.7956521739130434,
        0.7976701410177806,
        0.7859977324263039,
        0.8081778265642151,
        0.8006263048016702,
        0.8200098087297695,
        0.7984826932195354,
        0.8109360518999074,
        0.8259312320916905,
        0.8326550155614078,
        0.8380226137260058,
        0.8561872909698997,
        0.836472602739726,
        0.8341429562803608,
        0.8231981981981982,
        0.8357588357588358,
        0.8372093023255814,
        0.84,
        0.8641975308641975,
        0.8513513513513513,
        0.822429906542056,
        0.7303370786516854,
        0.8333333333333334,
        0.864406779661017,
        0.8103448275862069,
        0.8775510204081632,
        0.86,
        0.8717948717948718
    ]
}