{
    "Bins": [
        20.0,
        21.0,
        22.0,
        23.0,
        24.0,
        25.0,
        26.0,
        27.0,
        28.0,
        29.0,
        30.0,
        31.0,
        32.0,
        33.0,
        34.0,
        35.0,
        36.0,
        37.0,
        38.0,
        39.0,
        40.0,
        41.0,
        42.0,
        43.0,
        44.0,
        45.0,
        46.0,
        47.0,
        48.0,
        49.0,
        50.0,
        51.0,
        52.0,
        53.0,
        54.0,
        55.0,
        56.0,
        57.0,
        58.0,
        59.0,
        60.0
    ],
    "Efficiency": [
        0.9464968152866242,
        0.9430051813471503,
        0.9447565543071161,
        0.9396771452846219,
        0.8994211287988423,
        0.8946093276801939,
        0.8687401159725883,
        0.8741355463347165,
        0.8751565762004175,
        0.8542494042891183,
        0.859536541889483,
        0.8689753659407354,
        0.8683229813664596,
        0.8740036787247087,
        0.8835034013605442,
        0.8965422612513722,
        0.8940501043841336,
        0.8994605198626778,
        0.8987671882408724,
        0.8994439295644114,
        0.8999522445081184,
        0.8975341153938233,
        0.8908756245069682,
        0.8805107935542719,
        0.872431506849315,
        0.8459403192227619,
        0.8040540540540541,
        0.7692307692307693,
        0.7354651162790697,
        0.712,
        0.6049382716049383,
        0.5878378378378378,
        0.5046728971962616,
        0.5056179775280899,
        0.5555555555555556,
        0.4406779661016949,
        0.39655172413793105,
        0.5714285714285714,
        0.44,
        0.3076923076923077
    ]
}