{
    "Bins": [
        20.0,
        21.0,
        22.0,
        23.0,
        24.0,
        25.0,
        26.0,
        27.0,
        28.0,
        29.0,
        30.0,
        31.0,
        32.0,
        33.0,
        34.0,
        35.0,
        36.0,
        37.0,
        38.0,
        39.0,
        40.0,
        41.0,
        42.0,
        43.0,
        44.0,
        45.0,
        46.0,
        47.0,
        48.0,
        49.0,
        50.0,
        51.0,
        52.0,
        53.0,
        54.0,
        55.0,
        56.0,
        57.0,
        58.0,
        59.0,
        60.0
    ],
    "Efficiency": [
        0.9796178343949045,
        0.9720207253886011,
        0.9775280898876404,
        0.9770603228547153,
        0.9725036179450073,
        0.9709267110841914,
        0.9588824459673169,
        0.958967266021208,
        0.9578288100208768,
        0.9479745830023828,
        0.9632798573975044,
        0.9575151731524456,
        0.9549689440993789,
        0.9580012262415696,
        0.9589002267573696,
        0.9596597145993414,
        0.9574634655532359,
        0.9578224619911722,
        0.9582740635372214,
        0.9543558850787767,
        0.9517669531996179,
        0.9571462772324635,
        0.9526689455692874,
        0.9495287321374278,
        0.9409246575342466,
        0.9125607217210271,
        0.8975225225225225,
        0.8814968814968815,
        0.8255813953488372,
        0.776,
        0.7407407407407407,
        0.7094594594594594,
        0.6635514018691588,
        0.5168539325842697,
        0.4861111111111111,
        0.3728813559322034,
        0.46551724137931033,
        0.46938775510204084,
        0.3,
        0.3076923076923077
    ]
}