{
    "Bins": [
        20.0,
        21.0,
        22.0,
        23.0,
        24.0,
        25.0,
        26.0,
        27.0,
        28.0,
        29.0,
        30.0,
        31.0,
        32.0,
        33.0,
        34.0,
        35.0,
        36.0,
        37.0,
        38.0,
        39.0,
        40.0,
        41.0,
        42.0,
        43.0,
        44.0,
        45.0,
        46.0,
        47.0,
        48.0,
        49.0,
        50.0,
        51.0,
        52.0,
        53.0,
        54.0,
        55.0,
        56.0,
        57.0,
        58.0,
        59.0,
        60.0
    ],
    "Efficiency": [
        0.9617834394904459,
        0.950259067357513,
        0.9691011235955056,
        0.9617672047578589,
        0.9775687409551375,
        0.9781950333131435,
        0.9725882973115445,
        0.9783310281235592,
        0.969937369519833,
        0.9769658459094519,
        0.9739750445632799,
        0.9657265262406284,
        0.9667701863354037,
        0.9699570815450643,
        0.9603174603174603,
        0.955543358946213,
        0.9543319415448852,
        0.9507111329082883,
        0.9487908961593172,
        0.9432344763670065,
        0.9462750716332379,
        0.9454153698826909,
        0.9476728898238233,
        0.9495287321374278,
        0.9554794520547946,
        0.9500346981263011,
        0.9470720720720721,
        0.9563409563409564,
        0.9273255813953488,
        0.94,
        0.8827160493827161,
        0.9459459459459459,
        0.897196261682243,
        0.8764044943820225,
        0.8194444444444444,
        0.9152542372881356,
        0.7586206896551724,
        0.7142857142857143,
        0.82,
        0.7948717948717948
    ]
}