{
    "Bins": [
        20.0,
        21.0,
        22.0,
        23.0,
        24.0,
        25.0,
        26.0,
        27.0,
        28.0,
        29.0,
        30.0,
        31.0,
        32.0,
        33.0,
        34.0,
        35.0,
        36.0,
        37.0,
        38.0,
        39.0,
        40.0,
        41.0,
        42.0,
        43.0,
        44.0,
        45.0,
        46.0,
        47.0,
        48.0,
        49.0,
        50.0,
        51.0,
        52.0,
        53.0,
        54.0,
        55.0,
        56.0,
        57.0,
        58.0,
        59.0,
        60.0
    ],
    "Efficiency": [
        0.9821656050955414,
        0.9761658031088083,
        0.9831460674157303,
        0.9804587935429057,
        0.983357452966715,
        0.9812235009085403,
        0.974169741697417,
        0.9774089442139234,
        0.9724425887265136,
        0.9670373312152502,
        0.9761140819964349,
        0.9682256337022492,
        0.968944099378882,
        0.9684242795830779,
        0.9685374149659864,
        0.9651481888035126,
        0.9658141962421712,
        0.9681216282491417,
        0.9649122807017544,
        0.9668674698795181,
        0.9632282712511939,
        0.965286090495571,
        0.9576650013147515,
        0.9604743083003953,
        0.9464897260273972,
        0.922970159611381,
        0.902027027027027,
        0.8898128898128899,
        0.8546511627906976,
        0.824,
        0.7716049382716049,
        0.7364864864864865,
        0.7009345794392523,
        0.6067415730337079,
        0.5833333333333334,
        0.4745762711864407,
        0.4827586206896552,
        0.5102040816326531,
        0.34,
        0.38461538461538464
    ]
}