{
    "Bins": [
        20.0,
        21.0,
        22.0,
        23.0,
        24.0,
        25.0,
        26.0,
        27.0,
        28.0,
        29.0,
        30.0,
        31.0,
        32.0,
        33.0,
        34.0,
        35.0,
        36.0,
        37.0,
        38.0,
        39.0,
        40.0,
        41.0,
        42.0,
        43.0,
        44.0,
        45.0,
        46.0,
        47.0,
        48.0,
        49.0,
        50.0,
        51.0,
        52.0,
        53.0,
        54.0,
        55.0,
        56.0,
        57.0,
        58.0,
        59.0,
        60.0
    ],
    "Efficiency": [
        0.9885350318471338,
        0.9813471502590674,
        0.9831460674157303,
        0.9796091758708582,
        0.9782923299565847,
        0.9800121138703816,
        0.9588824459673169,
        0.9566620562471185,
        0.9549060542797495,
        0.943208895949166,
        0.9575757575757575,
        0.952873973580864,
        0.9543478260869566,
        0.9537093807480074,
        0.9577664399092971,
        0.955543358946213,
        0.9545929018789144,
        0.9561059342815106,
        0.9577999051683262,
        0.9564411492122336,
        0.9558261700095511,
        0.9595403399569069,
        0.9552984485932159,
        0.9550015202189115,
        0.9366438356164384,
        0.9188063844552394,
        0.8873873873873874,
        0.8669438669438669,
        0.813953488372093,
        0.808,
        0.7345679012345679,
        0.6959459459459459,
        0.5887850467289719,
        0.4943820224719101,
        0.5138888888888888,
        0.4067796610169492,
        0.4482758620689655,
        0.46938775510204084,
        0.3,
        0.28205128205128205
    ]
}