{
    "Bins": [
        20.0,
        21.0,
        22.0,
        23.0,
        24.0,
        25.0,
        26.0,
        27.0,
        28.0,
        29.0,
        30.0,
        31.0,
        32.0,
        33.0,
        34.0,
        35.0,
        36.0,
        37.0,
        38.0,
        39.0,
        40.0,
        41.0,
        42.0,
        43.0,
        44.0,
        45.0,
        46.0,
        47.0,
        48.0,
        49.0,
        50.0,
        51.0,
        52.0,
        53.0,
        54.0,
        55.0,
        56.0,
        57.0,
        58.0,
        59.0,
        60.0
    ],
    "Efficiency": [
        0.9796178343949045,
        0.9730569948186528,
        0.9784644194756554,
        0.9779099405267629,
        0.975397973950796,
        0.9806178073894609,
        0.9641539272535582,
        0.9649608114338405,
        0.9615866388308977,
        0.9511517077045274,
        0.9614973262032086,
        0.9607283113173867,
        0.962111801242236,
        0.9580012262415696,
        0.9600340136054422,
        0.9610318331503842,
        0.9585073068893528,
        0.9588033349681216,
        0.9608819345661451,
        0.9601482854494903,
        0.954632282712512,
        0.9619344026813502,
        0.9521430449645018,
        0.9531772575250836,
        0.9362157534246576,
        0.9132546842470507,
        0.8907657657657657,
        0.8752598752598753,
        0.813953488372093,
        0.768,
        0.7160493827160493,
        0.6621621621621622,
        0.6074766355140186,
        0.5280898876404494,
        0.5138888888888888,
        0.4067796610169492,
        0.3793103448275862,
        0.4489795918367347,
        0.3,
        0.3333333333333333
    ]
}