{
    "Bins": [
        20.0,
        21.0,
        22.0,
        23.0,
        24.0,
        25.0,
        26.0,
        27.0,
        28.0,
        29.0,
        30.0,
        31.0,
        32.0,
        33.0,
        34.0,
        35.0,
        36.0,
        37.0,
        38.0,
        39.0,
        40.0,
        41.0,
        42.0,
        43.0,
        44.0,
        45.0,
        46.0,
        47.0,
        48.0,
        49.0,
        50.0,
        51.0,
        52.0,
        53.0,
        54.0,
        55.0,
        56.0,
        57.0,
        58.0,
        59.0,
        60.0
    ],
    "Efficiency": [
        0.7885350318471338,
        0.7678756476683938,
        0.7294007490636704,
        0.7068819031435853,
        0.6519536903039074,
        0.6450635978195033,
        0.6109646810753822,
        0.5850622406639004,
        0.5995824634655532,
        0.5810166799046863,
        0.5593582887700534,
        0.5326669046769011,
        0.5394409937888198,
        0.5300429184549357,
        0.5059523809523809,
        0.5107025246981339,
        0.4906054279749478,
        0.48430603236880826,
        0.48316737790422,
        0.46686746987951805,
        0.45702005730659023,
        0.45774479291357434,
        0.4543781225348409,
        0.43478260869565216,
        0.4250856164383562,
        0.4302567661346287,
        0.42342342342342343,
        0.41995841995842,
        0.40988372093023256,
        0.44,
        0.4691358024691358,
        0.40540540540540543,
        0.32710280373831774,
        0.3707865168539326,
        0.4166666666666667,
        0.3389830508474576,
        0.3103448275862069,
        0.40816326530612246,
        0.34,
        0.3333333333333333
    ]
}