{
    "Bins": [
        20.0,
        21.0,
        22.0,
        23.0,
        24.0,
        25.0,
        26.0,
        27.0,
        28.0,
        29.0,
        30.0,
        31.0,
        32.0,
        33.0,
        34.0,
        35.0,
        36.0,
        37.0,
        38.0,
        39.0,
        40.0,
        41.0,
        42.0,
        43.0,
        44.0,
        45.0,
        46.0,
        47.0,
        48.0,
        49.0,
        50.0,
        51.0,
        52.0,
        53.0,
        54.0,
        55.0,
        56.0,
        57.0,
        58.0,
        59.0,
        60.0
    ],
    "Efficiency": [
        0.6777070063694267,
        0.6227979274611399,
        0.6095505617977528,
        0.6142735768903993,
        0.6005788712011577,
        0.6147789218655361,
        0.6157090142329995,
        0.5947441217150761,
        0.587473903966597,
        0.5976965845909452,
        0.5946524064171123,
        0.5590860406997501,
        0.5782608695652174,
        0.559779276517474,
        0.5501700680272109,
        0.5510428100987925,
        0.5474947807933194,
        0.5328592447278078,
        0.5343764817449028,
        0.5176088971269694,
        0.529847182425979,
        0.5207086425664352,
        0.5103865369445175,
        0.514442079659471,
        0.5055650684931506,
        0.4850798056904927,
        0.49774774774774777,
        0.5051975051975052,
        0.47093023255813954,
        0.472,
        0.5370370370370371,
        0.44594594594594594,
        0.3644859813084112,
        0.4044943820224719,
        0.4166666666666667,
        0.3559322033898305,
        0.3103448275862069,
        0.3877551020408163,
        0.36,
        0.38461538461538464
    ]
}