{
    "Bins": [
        20.0,
        21.0,
        22.0,
        23.0,
        24.0,
        25.0,
        26.0,
        27.0,
        28.0,
        29.0,
        30.0,
        31.0,
        32.0,
        33.0,
        34.0,
        35.0,
        36.0,
        37.0,
        38.0,
        39.0,
        40.0,
        41.0,
        42.0,
        43.0,
        44.0,
        45.0,
        46.0,
        47.0,
        48.0,
        49.0,
        50.0,
        51.0,
        52.0,
        53.0,
        54.0,
        55.0,
        56.0,
        57.0,
        58.0,
        59.0,
        60.0
    ],
    "Efficiency": [
        0.9847133757961783,
        0.9740932642487047,
        0.9887640449438202,
        0.9889549702633815,
        0.9898697539797395,
        0.9933373712901272,
        0.9862941486557723,
        0.9875518672199171,
        0.9845511482254697,
        0.9845115170770453,
        0.9818181818181818,
        0.9753659407354516,
        0.9757763975155279,
        0.9742489270386266,
        0.9702380952380952,
        0.9656970362239298,
        0.9600730688935282,
        0.9583128984796468,
        0.9535324798482693,
        0.9450880444856349,
        0.9412607449856734,
        0.9353603064400288,
        0.9271627662371812,
        0.9139556096077835,
        0.9011130136986302,
        0.8848022206800833,
        0.847972972972973,
        0.8378378378378378,
        0.7936046511627907,
        0.776,
        0.7345679012345679,
        0.6554054054054054,
        0.6915887850467289,
        0.5617977528089888,
        0.5972222222222222,
        0.4406779661016949,
        0.46551724137931033,
        0.46938775510204084,
        0.38,
        0.3076923076923077
    ]
}