{
    "Bins": [
        20.0,
        21.0,
        22.0,
        23.0,
        24.0,
        25.0,
        26.0,
        27.0,
        28.0,
        29.0,
        30.0,
        31.0,
        32.0,
        33.0,
        34.0,
        35.0,
        36.0,
        37.0,
        38.0,
        39.0,
        40.0,
        41.0,
        42.0,
        43.0,
        44.0,
        45.0,
        46.0,
        47.0,
        48.0,
        49.0,
        50.0,
        51.0,
        52.0,
        53.0,
        54.0,
        55.0,
        56.0,
        57.0,
        58.0,
        59.0,
        60.0
    ],
    "Efficiency": [
        0.975796178343949,
        0.9626943005181348,
        0.9756554307116105,
        0.9719626168224299,
        0.9703328509406657,
        0.9715324046032707,
        0.9636267791249341,
        0.9598893499308437,
        0.9569937369519833,
        0.9459888800635425,
        0.9575757575757575,
        0.9482327740092824,
        0.9521739130434783,
        0.9500306560392398,
        0.9492630385487528,
        0.9462129527991219,
        0.9436325678496869,
        0.9416380578715057,
        0.9416785206258891,
        0.9362835959221502,
        0.9309933142311366,
        0.9322480248982523,
        0.9200631080725743,
        0.9087868653086044,
        0.8976883561643836,
        0.8702290076335878,
        0.8412162162162162,
        0.8336798336798337,
        0.7674418604651163,
        0.732,
        0.6604938271604939,
        0.5945945945945946,
        0.5514018691588785,
        0.4606741573033708,
        0.4027777777777778,
        0.288135593220339,
        0.3275862068965517,
        0.40816326530612246,
        0.24,
        0.2564102564102564
    ]
}