{
    "Precision": [
        0.40952827069326575,
        0.7812713675213675,
        0.8351842326755822,
        0.8668608701158887,
        0.8925865485487819,
        0.9156889733674161,
        1.0
    ],
    "Recall": [
        1.0,
        0.9840404774400172,
        0.9614064833878325,
        0.9210097829451106,
        0.8243510556699366,
        0.5639928410910607,
        0.0
    ],
    "Precision-Recall AUC": 0.9228243237866315,
    "Chance Level": 0.40952827069326575
}