{
    "Precision": [
        0.40952827069326575,
        0.8462898957714533,
        0.845734484399429,
        1.0
    ],
    "Recall": [
        1.0,
        0.8434997914227659,
        0.8371079084413225,
        0.0
    ],
    "Precision-Recall AUC": 0.8762149803001192,
    "Chance Level": 0.40952827069326575
}