{
    "Precision": [
        0.40952827069326575,
        0.8407186270047391,
        0.8401272511592797,
        1.0
    ],
    "Recall": [
        1.0,
        0.8450742131255635,
        0.8386688735483697,
        0.0
    ],
    "Precision-Recall AUC": 0.8738596609775824,
    "Chance Level": 0.40952827069326575
}