{
    "False Positive Rate": [
        0.0,
        0.14410436527847467,
        0.14490717511289514,
        1.0
    ],
    "True Positive Rate": [
        0.0,
        0.8453413054309915,
        0.8527154957648231,
        1.0
    ],
    "ROC AUC": 0.8537121579739352
}