{
    "False Positive Rate": [
        0.0,
        0.03432012042147516,
        0.035122930255895635,
        0.06312092323130958,
        0.08720521826392373,
        0.08720521826392373,
        0.10516808830908178,
        0.1200200702458605,
        0.13878575012543903,
        0.1579528349222278,
        0.18173607626693428,
        0.21625689914701454,
        0.2818866031108881,
        1.0
    ],
    "True Positive Rate": [
        0.0,
        0.43168908819133034,
        0.4390632785251619,
        0.6762331838565022,
        0.8018933731938216,
        0.8019930244145491,
        0.874638764324863,
        0.9153961136023916,
        0.941405082212257,
        0.958943697060289,
        0.9723966118584952,
        0.9818634778276034,
        0.9904334828101644,
        1.0
    ],
    "ROC AUC": 0.941252875347723
}