{
    "False Positive Rate": [
        0.0,
        0.0008028098344204717,
        0.002709483191169092,
        0.002709483191169092,
        0.009031610637230306,
        0.015855494229804316,
        0.015955845459106874,
        0.024385348720521827,
        0.08590065228299047,
        0.08710486703462117,
        0.13587556447566482,
        0.21374811841445057,
        1.0
    ],
    "True Positive Rate": [
        0.0,
        0.007374190333831589,
        0.02471350274040857,
        0.024813153961136022,
        0.08081714000996512,
        0.1351270553064275,
        0.13582461385151967,
        0.15934230194319882,
        0.38325859491778774,
        0.38555057299451917,
        0.4694569008470354,
        0.5547583457897359,
        1.0
    ],
    "ROC AUC": 0.6914585503672421
}