{
    "False Positive Rate": [
        0.0,
        0.05408931259407928,
        0.09894631209232313,
        0.13025589563472154,
        0.16768690416457602,
        0.24686402408429503,
        1.0
    ],
    "True Positive Rate": [
        0.0,
        0.5930244145490782,
        0.8460388639760837,
        0.9312406576980568,
        0.966417538614848,
        0.9846537120079721,
        1.0
    ],
    "ROC AUC": 0.9362498990612635
}