{
    "False Positive Rate": [
        0.0,
        0.13707977922729553,
        0.137882589061716,
        1.0
    ],
    "True Positive Rate": [
        0.0,
        0.8525161933233683,
        0.8598903836571998,
        1.0
    ],
    "ROC AUC": 0.8608406752982724
}