{
    "Bins": [
        20.0,
        21.0,
        22.0,
        23.0,
        24.0,
        25.0,
        26.0,
        27.0,
        28.0,
        29.0,
        30.0,
        31.0,
        32.0,
        33.0,
        34.0,
        35.0,
        36.0,
        37.0,
        38.0,
        39.0,
        40.0,
        41.0,
        42.0,
        43.0,
        44.0,
        45.0,
        46.0,
        47.0,
        48.0,
        49.0,
        50.0,
        51.0,
        52.0,
        53.0,
        54.0,
        55.0,
        56.0,
        57.0,
        58.0,
        59.0,
        60.0
    ],
    "Efficiency": [
        0.9893617021276596,
        0.9338842975206612,
        0.953125,
        0.9426751592356688,
        0.9361702127659575,
        0.8883248730964467,
        0.9021739130434783,
        0.8858131487889274,
        0.8587570621468926,
        0.8683473389355743,
        0.8679706601466992,
        0.872,
        0.8660508083140878,
        0.9030023094688222,
        0.8874734607218684,
        0.8818737270875764,
        0.8773234200743495,
        0.8821362799263351,
        0.8844036697247707,
        0.9025974025974026,
        0.8589285714285714,
        0.8286713286713286,
        0.8591549295774648,
        0.8344671201814059,
        0.8253012048192772,
        0.7604790419161677,
        0.7583333333333333,
        0.6944444444444444,
        0.5581395348837209,
        0.6428571428571429,
        0.64,
        0.7857142857142857,
        0.3125,
        0.21052631578947367,
        0.125,
        0.3333333333333333,
        0.5714285714285714,
        0.3333333333333333,
        0.125,
        0.0
    ]
}