{
    "Bins": [
        20.0,
        21.0,
        22.0,
        23.0,
        24.0,
        25.0,
        26.0,
        27.0,
        28.0,
        29.0,
        30.0,
        31.0,
        32.0,
        33.0,
        34.0,
        35.0,
        36.0,
        37.0,
        38.0,
        39.0,
        40.0,
        41.0,
        42.0,
        43.0,
        44.0,
        45.0,
        46.0,
        47.0,
        48.0,
        49.0,
        50.0,
        51.0,
        52.0,
        53.0,
        54.0,
        55.0,
        56.0,
        57.0,
        58.0,
        59.0,
        60.0
    ],
    "Efficiency": [
        0.9468085106382979,
        0.9669421487603306,
        0.984375,
        0.9745222929936306,
        0.9893617021276596,
        0.9796954314720813,
        0.967391304347826,
        0.972318339100346,
        0.9491525423728814,
        0.9607843137254902,
        0.9535452322738386,
        0.968,
        0.9676674364896074,
        0.9722863741339491,
        0.9830148619957537,
        0.9674134419551935,
        0.9684014869888475,
        0.9576427255985267,
        0.9577981651376147,
        0.9642857142857143,
        0.9625,
        0.9440559440559441,
        0.9637826961770624,
        0.9297052154195011,
        0.8825301204819277,
        0.8922155688622755,
        0.825,
        0.6944444444444444,
        0.6976744186046512,
        0.6785714285714286,
        0.64,
        0.6428571428571429,
        0.3125,
        0.3157894736842105,
        0.125,
        0.0,
        0.2857142857142857,
        0.1111111111111111,
        0.0,
        0.0
    ]
}