{
    "Bins": [
        20.0,
        21.0,
        22.0,
        23.0,
        24.0,
        25.0,
        26.0,
        27.0,
        28.0,
        29.0,
        30.0,
        31.0,
        32.0,
        33.0,
        34.0,
        35.0,
        36.0,
        37.0,
        38.0,
        39.0,
        40.0,
        41.0,
        42.0,
        43.0,
        44.0,
        45.0,
        46.0,
        47.0,
        48.0,
        49.0,
        50.0,
        51.0,
        52.0,
        53.0,
        54.0,
        55.0,
        56.0,
        57.0,
        58.0,
        59.0,
        60.0
    ],
    "Efficiency": [
        1.0,
        0.9917355371900827,
        0.9921875,
        1.0,
        1.0,
        1.0,
        0.9927536231884058,
        1.0,
        0.9915254237288136,
        0.9915966386554622,
        0.9853300733496333,
        0.992,
        0.9838337182448037,
        0.9953810623556582,
        0.9978768577494692,
        0.9877800407331976,
        0.983271375464684,
        0.9797421731123389,
        0.9798165137614679,
        0.987012987012987,
        0.975,
        0.965034965034965,
        0.971830985915493,
        0.9591836734693877,
        0.9337349397590361,
        0.9401197604790419,
        0.9,
        0.8055555555555556,
        0.9302325581395349,
        0.8571428571428571,
        0.88,
        0.7857142857142857,
        0.75,
        0.5263157894736842,
        0.625,
        0.2222222222222222,
        0.42857142857142855,
        0.4444444444444444,
        0.125,
        0.16666666666666666
    ]
}