{
    "Bins": [
        20.0,
        21.0,
        22.0,
        23.0,
        24.0,
        25.0,
        26.0,
        27.0,
        28.0,
        29.0,
        30.0,
        31.0,
        32.0,
        33.0,
        34.0,
        35.0,
        36.0,
        37.0,
        38.0,
        39.0,
        40.0,
        41.0,
        42.0,
        43.0,
        44.0,
        45.0,
        46.0,
        47.0,
        48.0,
        49.0,
        50.0,
        51.0,
        52.0,
        53.0,
        54.0,
        55.0,
        56.0,
        57.0,
        58.0,
        59.0,
        60.0
    ],
    "Efficiency": [
        0.9893617021276596,
        0.9752066115702479,
        0.984375,
        0.9872611464968153,
        0.9946808510638298,
        0.9898477157360406,
        0.9963768115942029,
        1.0,
        0.9915254237288136,
        0.9831932773109243,
        0.9755501222493888,
        0.992,
        0.9815242494226328,
        0.9884526558891455,
        0.9957537154989384,
        0.9816700610997964,
        0.9758364312267658,
        0.9742173112338858,
        0.9688073394495413,
        0.9837662337662337,
        0.9678571428571429,
        0.9475524475524476,
        0.9577464788732394,
        0.9342403628117913,
        0.8855421686746988,
        0.8922155688622755,
        0.8583333333333333,
        0.7916666666666666,
        0.8837209302325582,
        0.75,
        0.8,
        0.7857142857142857,
        0.5625,
        0.47368421052631576,
        0.625,
        0.1111111111111111,
        0.42857142857142855,
        0.3333333333333333,
        0.125,
        0.16666666666666666
    ]
}