{
    "Bins": [
        20.0,
        21.0,
        22.0,
        23.0,
        24.0,
        25.0,
        26.0,
        27.0,
        28.0,
        29.0,
        30.0,
        31.0,
        32.0,
        33.0,
        34.0,
        35.0,
        36.0,
        37.0,
        38.0,
        39.0,
        40.0,
        41.0,
        42.0,
        43.0,
        44.0,
        45.0,
        46.0,
        47.0,
        48.0,
        49.0,
        50.0,
        51.0,
        52.0,
        53.0,
        54.0,
        55.0,
        56.0,
        57.0,
        58.0,
        59.0,
        60.0
    ],
    "Efficiency": [
        0.9893617021276596,
        0.9752066115702479,
        0.984375,
        0.9872611464968153,
        0.9946808510638298,
        0.9898477157360406,
        0.9963768115942029,
        1.0,
        0.9887005649717514,
        0.9831932773109243,
        0.9755501222493888,
        0.992,
        0.9792147806004619,
        0.9861431870669746,
        0.9936305732484076,
        0.9796334012219959,
        0.9721189591078067,
        0.9705340699815838,
        0.9614678899082569,
        0.9805194805194806,
        0.9607142857142857,
        0.9458041958041958,
        0.9476861167002012,
        0.9229024943310657,
        0.8765060240963856,
        0.8802395209580839,
        0.8416666666666667,
        0.7638888888888888,
        0.813953488372093,
        0.7142857142857143,
        0.8,
        0.7857142857142857,
        0.5625,
        0.47368421052631576,
        0.5,
        0.1111111111111111,
        0.42857142857142855,
        0.3333333333333333,
        0.125,
        0.0
    ]
}