{
    "Bins": [
        20.0,
        21.0,
        22.0,
        23.0,
        24.0,
        25.0,
        26.0,
        27.0,
        28.0,
        29.0,
        30.0,
        31.0,
        32.0,
        33.0,
        34.0,
        35.0,
        36.0,
        37.0,
        38.0,
        39.0,
        40.0,
        41.0,
        42.0,
        43.0,
        44.0,
        45.0,
        46.0,
        47.0,
        48.0,
        49.0,
        50.0,
        51.0,
        52.0,
        53.0,
        54.0,
        55.0,
        56.0,
        57.0,
        58.0,
        59.0,
        60.0
    ],
    "Efficiency": [
        1.0,
        0.9917355371900827,
        0.9921875,
        0.9936305732484076,
        0.9893617021276596,
        0.9898477157360406,
        0.9855072463768116,
        0.986159169550173,
        0.96045197740113,
        0.969187675070028,
        0.960880195599022,
        0.976,
        0.9745958429561201,
        0.9722863741339491,
        0.9808917197452229,
        0.9694501018329938,
        0.9684014869888475,
        0.9650092081031307,
        0.9651376146788991,
        0.9772727272727273,
        0.9660714285714286,
        0.9562937062937062,
        0.959758551307847,
        0.9342403628117913,
        0.8855421686746988,
        0.8862275449101796,
        0.8416666666666667,
        0.75,
        0.7441860465116279,
        0.6428571428571429,
        0.72,
        0.6428571428571429,
        0.3125,
        0.21052631578947367,
        0.125,
        0.0,
        0.14285714285714285,
        0.2222222222222222,
        0.0,
        0.0
    ]
}