{
    "Bins": [
        20.0,
        21.0,
        22.0,
        23.0,
        24.0,
        25.0,
        26.0,
        27.0,
        28.0,
        29.0,
        30.0,
        31.0,
        32.0,
        33.0,
        34.0,
        35.0,
        36.0,
        37.0,
        38.0,
        39.0,
        40.0,
        41.0,
        42.0,
        43.0,
        44.0,
        45.0,
        46.0,
        47.0,
        48.0,
        49.0,
        50.0,
        51.0,
        52.0,
        53.0,
        54.0,
        55.0,
        56.0,
        57.0,
        58.0,
        59.0,
        60.0
    ],
    "Efficiency": [
        1.0,
        0.9834710743801653,
        0.96875,
        0.9808917197452229,
        0.973404255319149,
        0.9796954314720813,
        0.967391304347826,
        0.9584775086505191,
        0.9265536723163842,
        0.9495798319327731,
        0.9462102689486552,
        0.936,
        0.9260969976905312,
        0.9584295612009238,
        0.970276008492569,
        0.9368635437881874,
        0.9535315985130112,
        0.9447513812154696,
        0.9321100917431193,
        0.9383116883116883,
        0.9339285714285714,
        0.9125874125874126,
        0.9094567404426559,
        0.8752834467120182,
        0.8433734939759037,
        0.7904191616766467,
        0.7583333333333333,
        0.6805555555555556,
        0.6046511627906976,
        0.6428571428571429,
        0.72,
        0.5,
        0.4375,
        0.42105263157894735,
        0.0,
        0.1111111111111111,
        0.2857142857142857,
        0.1111111111111111,
        0.125,
        0.0
    ]
}