{
    "Bins": [
        20.0,
        21.0,
        22.0,
        23.0,
        24.0,
        25.0,
        26.0,
        27.0,
        28.0,
        29.0,
        30.0,
        31.0,
        32.0,
        33.0,
        34.0,
        35.0,
        36.0,
        37.0,
        38.0,
        39.0,
        40.0,
        41.0,
        42.0,
        43.0,
        44.0,
        45.0,
        46.0,
        47.0,
        48.0,
        49.0,
        50.0,
        51.0,
        52.0,
        53.0,
        54.0,
        55.0,
        56.0,
        57.0,
        58.0,
        59.0,
        60.0
    ],
    "Efficiency": [
        0.9148936170212766,
        0.8842975206611571,
        0.875,
        0.9044585987261147,
        0.9095744680851063,
        0.9137055837563451,
        0.9094202898550725,
        0.889273356401384,
        0.903954802259887,
        0.9243697478991597,
        0.9070904645476773,
        0.928,
        0.9168591224018475,
        0.9076212471131639,
        0.9363057324840764,
        0.890020366598778,
        0.9089219330855018,
        0.9208103130755064,
        0.9229357798165138,
        0.9253246753246753,
        0.9107142857142857,
        0.9003496503496503,
        0.9074446680080482,
        0.8979591836734694,
        0.8945783132530121,
        0.9161676646706587,
        0.875,
        0.8472222222222222,
        0.9534883720930233,
        0.9285714285714286,
        0.88,
        0.9285714285714286,
        1.0,
        0.8421052631578947,
        0.875,
        0.7777777777777778,
        0.8571428571428571,
        0.8888888888888888,
        0.75,
        0.8333333333333334
    ]
}