{
    "Bins": [
        20.0,
        21.0,
        22.0,
        23.0,
        24.0,
        25.0,
        26.0,
        27.0,
        28.0,
        29.0,
        30.0,
        31.0,
        32.0,
        33.0,
        34.0,
        35.0,
        36.0,
        37.0,
        38.0,
        39.0,
        40.0,
        41.0,
        42.0,
        43.0,
        44.0,
        45.0,
        46.0,
        47.0,
        48.0,
        49.0,
        50.0,
        51.0,
        52.0,
        53.0,
        54.0,
        55.0,
        56.0,
        57.0,
        58.0,
        59.0,
        60.0
    ],
    "Efficiency": [
        1.0,
        0.9917355371900827,
        0.9921875,
        1.0,
        0.9946808510638298,
        0.9898477157360406,
        0.9963768115942029,
        1.0,
        0.9971751412429378,
        1.0,
        0.9877750611246944,
        0.9973333333333333,
        0.9953810623556582,
        0.9884526558891455,
        1.0,
        0.9938900203665988,
        0.9925650557620818,
        0.9871086556169429,
        0.9853211009174312,
        0.9967532467532467,
        0.9857142857142858,
        0.9912587412587412,
        0.9899396378269618,
        0.9977324263038548,
        0.9698795180722891,
        0.9880239520958084,
        0.975,
        0.9444444444444444,
        1.0,
        1.0,
        0.96,
        1.0,
        1.0,
        0.9473684210526315,
        1.0,
        0.8888888888888888,
        1.0,
        0.8888888888888888,
        0.5,
        1.0
    ]
}