{
    "Bins": [
        20.0,
        21.0,
        22.0,
        23.0,
        24.0,
        25.0,
        26.0,
        27.0,
        28.0,
        29.0,
        30.0,
        31.0,
        32.0,
        33.0,
        34.0,
        35.0,
        36.0,
        37.0,
        38.0,
        39.0,
        40.0,
        41.0,
        42.0,
        43.0,
        44.0,
        45.0,
        46.0,
        47.0,
        48.0,
        49.0,
        50.0,
        51.0,
        52.0,
        53.0,
        54.0,
        55.0,
        56.0,
        57.0,
        58.0,
        59.0,
        60.0
    ],
    "Efficiency": [
        0.9893617021276596,
        0.9917355371900827,
        0.9765625,
        1.0,
        0.9840425531914894,
        1.0,
        0.9855072463768116,
        0.9896193771626297,
        0.96045197740113,
        0.969187675070028,
        0.9633251833740831,
        0.9653333333333334,
        0.9630484988452656,
        0.976905311778291,
        0.9808917197452229,
        0.9572301425661914,
        0.9702602230483272,
        0.9576427255985267,
        0.9614678899082569,
        0.974025974025974,
        0.9535714285714286,
        0.9388111888111889,
        0.9637826961770624,
        0.9229024943310657,
        0.8855421686746988,
        0.8502994011976048,
        0.8083333333333333,
        0.6388888888888888,
        0.7441860465116279,
        0.6071428571428571,
        0.6,
        0.5714285714285714,
        0.3125,
        0.3684210526315789,
        0.125,
        0.1111111111111111,
        0.2857142857142857,
        0.1111111111111111,
        0.0,
        0.0
    ]
}