{
    "Bins": [
        20.0,
        21.0,
        22.0,
        23.0,
        24.0,
        25.0,
        26.0,
        27.0,
        28.0,
        29.0,
        30.0,
        31.0,
        32.0,
        33.0,
        34.0,
        35.0,
        36.0,
        37.0,
        38.0,
        39.0,
        40.0,
        41.0,
        42.0,
        43.0,
        44.0,
        45.0,
        46.0,
        47.0,
        48.0,
        49.0,
        50.0,
        51.0,
        52.0,
        53.0,
        54.0,
        55.0,
        56.0,
        57.0,
        58.0,
        59.0,
        60.0
    ],
    "Efficiency": [
        0.010638297872340425,
        0.024793388429752067,
        0.0,
        0.006369426751592357,
        0.02127659574468085,
        0.02030456852791878,
        0.007246376811594203,
        0.010380622837370242,
        0.005649717514124294,
        0.0196078431372549,
        0.007334963325183374,
        0.010666666666666666,
        0.006928406466512702,
        0.013856812933025405,
        0.01910828025477707,
        0.008146639511201629,
        0.0055762081784386614,
        0.0,
        0.007339449541284404,
        0.00487012987012987,
        0.008928571428571428,
        0.0017482517482517483,
        0.004024144869215292,
        0.009070294784580499,
        0.009036144578313253,
        0.005988023952095809,
        0.008333333333333333,
        0.0,
        0.0,
        0.0,
        0.0,
        0.0,
        0.0,
        0.0,
        0.0,
        0.0,
        0.0,
        0.0,
        0.0,
        0.0
    ]
}