{
    "Bins": [
        20.0,
        21.0,
        22.0,
        23.0,
        24.0,
        25.0,
        26.0,
        27.0,
        28.0,
        29.0,
        30.0,
        31.0,
        32.0,
        33.0,
        34.0,
        35.0,
        36.0,
        37.0,
        38.0,
        39.0,
        40.0,
        41.0,
        42.0,
        43.0,
        44.0,
        45.0,
        46.0,
        47.0,
        48.0,
        49.0,
        50.0,
        51.0,
        52.0,
        53.0,
        54.0,
        55.0,
        56.0,
        57.0,
        58.0,
        59.0,
        60.0
    ],
    "Efficiency": [
        0.48936170212765956,
        0.5537190082644629,
        0.5234375,
        0.5414012738853503,
        0.6170212765957447,
        0.5228426395939086,
        0.605072463768116,
        0.49480968858131485,
        0.5932203389830508,
        0.5490196078431373,
        0.5452322738386308,
        0.5733333333333334,
        0.5450346420323325,
        0.5473441108545035,
        0.5711252653927813,
        0.5213849287169042,
        0.5669144981412639,
        0.5911602209944752,
        0.5743119266055046,
        0.6152597402597403,
        0.5553571428571429,
        0.5751748251748252,
        0.5694164989939637,
        0.5736961451247166,
        0.5843373493975904,
        0.49700598802395207,
        0.5833333333333334,
        0.5138888888888888,
        0.6976744186046512,
        0.5357142857142857,
        0.6,
        0.6428571428571429,
        0.6875,
        0.42105263157894735,
        0.75,
        0.4444444444444444,
        0.7142857142857143,
        0.6666666666666666,
        0.25,
        0.5
    ]
}