{
    "Bins": [
        20.0,
        21.0,
        22.0,
        23.0,
        24.0,
        25.0,
        26.0,
        27.0,
        28.0,
        29.0,
        30.0,
        31.0,
        32.0,
        33.0,
        34.0,
        35.0,
        36.0,
        37.0,
        38.0,
        39.0,
        40.0,
        41.0,
        42.0,
        43.0,
        44.0,
        45.0,
        46.0,
        47.0,
        48.0,
        49.0,
        50.0,
        51.0,
        52.0,
        53.0,
        54.0,
        55.0,
        56.0,
        57.0,
        58.0,
        59.0,
        60.0
    ],
    "Efficiency": [
        0.9574468085106383,
        0.9338842975206612,
        0.96875,
        0.9745222929936306,
        0.9680851063829787,
        0.9695431472081218,
        0.9637681159420289,
        0.9688581314878892,
        0.9661016949152542,
        0.9635854341736695,
        0.9584352078239609,
        0.976,
        0.976905311778291,
        0.9676674364896074,
        0.9681528662420382,
        0.9755600814663951,
        0.9684014869888475,
        0.9650092081031307,
        0.9614678899082569,
        0.9853896103896104,
        0.9660714285714286,
        0.9807692307692307,
        0.9798792756539235,
        0.963718820861678,
        0.9578313253012049,
        0.9640718562874252,
        0.9666666666666667,
        0.9444444444444444,
        1.0,
        1.0,
        0.92,
        1.0,
        0.9375,
        0.8947368421052632,
        1.0,
        0.8888888888888888,
        1.0,
        0.8888888888888888,
        0.5,
        0.8333333333333334
    ]
}