{
    "Bins": [
        20.0,
        21.0,
        22.0,
        23.0,
        24.0,
        25.0,
        26.0,
        27.0,
        28.0,
        29.0,
        30.0,
        31.0,
        32.0,
        33.0,
        34.0,
        35.0,
        36.0,
        37.0,
        38.0,
        39.0,
        40.0,
        41.0,
        42.0,
        43.0,
        44.0,
        45.0,
        46.0,
        47.0,
        48.0,
        49.0,
        50.0,
        51.0,
        52.0,
        53.0,
        54.0,
        55.0,
        56.0,
        57.0,
        58.0,
        59.0,
        60.0
    ],
    "Efficiency": [
        1.0,
        0.9917355371900827,
        0.9921875,
        1.0,
        0.9946808510638298,
        0.9898477157360406,
        1.0,
        1.0,
        1.0,
        1.0,
        0.9926650366748166,
        1.0,
        0.9953810623556582,
        0.9884526558891455,
        1.0,
        0.9979633401221996,
        0.9962825278810409,
        0.988950276243094,
        0.9908256880733946,
        0.9983766233766234,
        0.9892857142857143,
        0.993006993006993,
        0.9959758551307847,
        0.9977324263038548,
        0.9819277108433735,
        0.9880239520958084,
        0.9833333333333333,
        0.9722222222222222,
        1.0,
        1.0,
        0.96,
        1.0,
        1.0,
        0.9473684210526315,
        1.0,
        0.8888888888888888,
        1.0,
        0.8888888888888888,
        0.625,
        1.0
    ]
}