{
    "Bins": [
        20.0,
        21.0,
        22.0,
        23.0,
        24.0,
        25.0,
        26.0,
        27.0,
        28.0,
        29.0,
        30.0,
        31.0,
        32.0,
        33.0,
        34.0,
        35.0,
        36.0,
        37.0,
        38.0,
        39.0,
        40.0,
        41.0,
        42.0,
        43.0,
        44.0,
        45.0,
        46.0,
        47.0,
        48.0,
        49.0,
        50.0,
        51.0,
        52.0,
        53.0,
        54.0,
        55.0,
        56.0,
        57.0,
        58.0,
        59.0,
        60.0
    ],
    "Efficiency": [
        0.9893617021276596,
        0.9917355371900827,
        0.984375,
        0.9936305732484076,
        0.9946808510638298,
        0.9898477157360406,
        0.9746376811594203,
        0.9688581314878892,
        0.9491525423728814,
        0.969187675070028,
        0.960880195599022,
        0.9413333333333334,
        0.9468822170900693,
        0.953810623556582,
        0.9745222929936306,
        0.9490835030549898,
        0.9628252788104089,
        0.9631675874769797,
        0.944954128440367,
        0.9561688311688312,
        0.9446428571428571,
        0.916083916083916,
        0.9456740442655935,
        0.9047619047619048,
        0.8614457831325302,
        0.8502994011976048,
        0.8166666666666667,
        0.7222222222222222,
        0.7674418604651163,
        0.6785714285714286,
        0.64,
        0.6428571428571429,
        0.4375,
        0.2631578947368421,
        0.25,
        0.0,
        0.42857142857142855,
        0.2222222222222222,
        0.0,
        0.0
    ]
}