{
    "Bins": [
        20.0,
        21.0,
        22.0,
        23.0,
        24.0,
        25.0,
        26.0,
        27.0,
        28.0,
        29.0,
        30.0,
        31.0,
        32.0,
        33.0,
        34.0,
        35.0,
        36.0,
        37.0,
        38.0,
        39.0,
        40.0,
        41.0,
        42.0,
        43.0,
        44.0,
        45.0,
        46.0,
        47.0,
        48.0,
        49.0,
        50.0,
        51.0,
        52.0,
        53.0,
        54.0,
        55.0,
        56.0,
        57.0,
        58.0,
        59.0,
        60.0
    ],
    "Efficiency": [
        0.9893617021276596,
        0.9917355371900827,
        0.9765625,
        0.9936305732484076,
        0.9893617021276596,
        0.9898477157360406,
        0.9818840579710145,
        0.9826989619377162,
        0.9548022598870056,
        0.969187675070028,
        0.9584352078239609,
        0.9626666666666667,
        0.9630484988452656,
        0.9722863741339491,
        0.970276008492569,
        0.955193482688391,
        0.9628252788104089,
        0.9502762430939227,
        0.9541284403669725,
        0.9675324675324676,
        0.9553571428571429,
        0.9335664335664335,
        0.9517102615694165,
        0.9251700680272109,
        0.8734939759036144,
        0.8682634730538922,
        0.8333333333333334,
        0.7083333333333334,
        0.7674418604651163,
        0.6428571428571429,
        0.6,
        0.6428571428571429,
        0.4375,
        0.3157894736842105,
        0.25,
        0.1111111111111111,
        0.2857142857142857,
        0.2222222222222222,
        0.0,
        0.0
    ]
}