{
    "Bins": [
        20.0,
        21.0,
        22.0,
        23.0,
        24.0,
        25.0,
        26.0,
        27.0,
        28.0,
        29.0,
        30.0,
        31.0,
        32.0,
        33.0,
        34.0,
        35.0,
        36.0,
        37.0,
        38.0,
        39.0,
        40.0,
        41.0,
        42.0,
        43.0,
        44.0,
        45.0,
        46.0,
        47.0,
        48.0,
        49.0,
        50.0,
        51.0,
        52.0,
        53.0,
        54.0,
        55.0,
        56.0,
        57.0,
        58.0,
        59.0,
        60.0
    ],
    "Efficiency": [
        1.0,
        0.9917355371900827,
        0.9921875,
        0.9936305732484076,
        0.9946808510638298,
        0.9847715736040609,
        0.9855072463768116,
        0.9930795847750865,
        0.9661016949152542,
        0.9719887955182073,
        0.9657701711491442,
        0.976,
        0.976905311778291,
        0.9815242494226328,
        0.9872611464968153,
        0.9735234215885947,
        0.9758364312267658,
        0.9723756906077348,
        0.9706422018348624,
        0.9853896103896104,
        0.9625,
        0.9615384615384616,
        0.9637826961770624,
        0.9433106575963719,
        0.8885542168674698,
        0.9161676646706587,
        0.8583333333333333,
        0.75,
        0.8372093023255814,
        0.75,
        0.76,
        0.7142857142857143,
        0.3125,
        0.3684210526315789,
        0.25,
        0.0,
        0.2857142857142857,
        0.2222222222222222,
        0.0,
        0.0
    ]
}