{
    "Bins": [
        20.0,
        21.0,
        22.0,
        23.0,
        24.0,
        25.0,
        26.0,
        27.0,
        28.0,
        29.0,
        30.0,
        31.0,
        32.0,
        33.0,
        34.0,
        35.0,
        36.0,
        37.0,
        38.0,
        39.0,
        40.0,
        41.0,
        42.0,
        43.0,
        44.0,
        45.0,
        46.0,
        47.0,
        48.0,
        49.0,
        50.0,
        51.0,
        52.0,
        53.0,
        54.0,
        55.0,
        56.0,
        57.0,
        58.0,
        59.0,
        60.0
    ],
    "Efficiency": [
        0.44680851063829785,
        0.6611570247933884,
        0.578125,
        0.5923566878980892,
        0.601063829787234,
        0.5482233502538071,
        0.5615942028985508,
        0.5467128027681661,
        0.5819209039548022,
        0.5378151260504201,
        0.5623471882640587,
        0.5226666666666666,
        0.5450346420323325,
        0.5727482678983834,
        0.6199575371549894,
        0.5254582484725051,
        0.5390334572490706,
        0.5598526703499079,
        0.5284403669724771,
        0.547077922077922,
        0.5553571428571429,
        0.5454545454545454,
        0.5372233400402414,
        0.5510204081632653,
        0.5421686746987951,
        0.5508982035928144,
        0.625,
        0.4722222222222222,
        0.5813953488372093,
        0.5714285714285714,
        0.72,
        0.8571428571428571,
        0.8125,
        0.5263157894736842,
        0.75,
        0.3333333333333333,
        0.8571428571428571,
        0.7777777777777778,
        0.375,
        0.3333333333333333
    ]
}