{
    "Bins": [
        20.0,
        21.0,
        22.0,
        23.0,
        24.0,
        25.0,
        26.0,
        27.0,
        28.0,
        29.0,
        30.0,
        31.0,
        32.0,
        33.0,
        34.0,
        35.0,
        36.0,
        37.0,
        38.0,
        39.0,
        40.0,
        41.0,
        42.0,
        43.0,
        44.0,
        45.0,
        46.0,
        47.0,
        48.0,
        49.0,
        50.0,
        51.0,
        52.0,
        53.0,
        54.0,
        55.0,
        56.0,
        57.0,
        58.0,
        59.0,
        60.0
    ],
    "Efficiency": [
        0.9574468085106383,
        0.9338842975206612,
        0.96875,
        0.9745222929936306,
        0.9680851063829787,
        0.9695431472081218,
        0.967391304347826,
        0.9688581314878892,
        0.963276836158192,
        0.9635854341736695,
        0.9559902200488998,
        0.9786666666666667,
        0.9745958429561201,
        0.9676674364896074,
        0.9660297239915074,
        0.9735234215885947,
        0.9684014869888475,
        0.9686924493554327,
        0.963302752293578,
        0.9837662337662337,
        0.9696428571428571,
        0.9737762237762237,
        0.9798792756539235,
        0.9682539682539683,
        0.9548192771084337,
        0.9640718562874252,
        0.975,
        0.9444444444444444,
        1.0,
        1.0,
        0.96,
        1.0,
        1.0,
        0.8947368421052632,
        1.0,
        0.8888888888888888,
        1.0,
        0.8888888888888888,
        0.5,
        1.0
    ]
}