{
    "Bins": [
        20.0,
        21.0,
        22.0,
        23.0,
        24.0,
        25.0,
        26.0,
        27.0,
        28.0,
        29.0,
        30.0,
        31.0,
        32.0,
        33.0,
        34.0,
        35.0,
        36.0,
        37.0,
        38.0,
        39.0,
        40.0,
        41.0,
        42.0,
        43.0,
        44.0,
        45.0,
        46.0,
        47.0,
        48.0,
        49.0,
        50.0,
        51.0,
        52.0,
        53.0,
        54.0,
        55.0,
        56.0,
        57.0,
        58.0,
        59.0,
        60.0
    ],
    "Efficiency": [
        0.9893617021276596,
        0.9917355371900827,
        0.9921875,
        1.0,
        0.9893617021276596,
        0.9847715736040609,
        0.9782608695652174,
        0.9896193771626297,
        0.963276836158192,
        0.9607843137254902,
        0.9657701711491442,
        0.976,
        0.9745958429561201,
        0.976905311778291,
        0.9830148619957537,
        0.9714867617107943,
        0.9702602230483272,
        0.9668508287292817,
        0.9724770642201835,
        0.9788961038961039,
        0.9607142857142857,
        0.958041958041958,
        0.9617706237424547,
        0.9342403628117913,
        0.8945783132530121,
        0.8982035928143712,
        0.8416666666666667,
        0.7638888888888888,
        0.8372093023255814,
        0.6785714285714286,
        0.72,
        0.7857142857142857,
        0.375,
        0.3684210526315789,
        0.125,
        0.0,
        0.2857142857142857,
        0.0,
        0.0,
        0.0
    ]
}