{
    "Bins": [
        20.0,
        21.0,
        22.0,
        23.0,
        24.0,
        25.0,
        26.0,
        27.0,
        28.0,
        29.0,
        30.0,
        31.0,
        32.0,
        33.0,
        34.0,
        35.0,
        36.0,
        37.0,
        38.0,
        39.0,
        40.0,
        41.0,
        42.0,
        43.0,
        44.0,
        45.0,
        46.0,
        47.0,
        48.0,
        49.0,
        50.0,
        51.0,
        52.0,
        53.0,
        54.0,
        55.0,
        56.0,
        57.0,
        58.0,
        59.0,
        60.0
    ],
    "Efficiency": [
        0.30851063829787234,
        0.371900826446281,
        0.3671875,
        0.37579617834394907,
        0.3882978723404255,
        0.3299492385786802,
        0.37681159420289856,
        0.31833910034602075,
        0.3587570621468927,
        0.3389355742296919,
        0.3154034229828851,
        0.344,
        0.3302540415704388,
        0.3163972286374134,
        0.3333333333333333,
        0.28105906313645623,
        0.32899628252788105,
        0.32228360957642727,
        0.29541284403669726,
        0.3003246753246753,
        0.2732142857142857,
        0.27972027972027974,
        0.2857142857142857,
        0.2766439909297052,
        0.2891566265060241,
        0.2275449101796407,
        0.3,
        0.2638888888888889,
        0.32558139534883723,
        0.21428571428571427,
        0.24,
        0.14285714285714285,
        0.1875,
        0.15789473684210525,
        0.375,
        0.2222222222222222,
        0.14285714285714285,
        0.2222222222222222,
        0.125,
        0.3333333333333333
    ]
}