{
    "Bins": [
        20.0,
        21.0,
        22.0,
        23.0,
        24.0,
        25.0,
        26.0,
        27.0,
        28.0,
        29.0,
        30.0,
        31.0,
        32.0,
        33.0,
        34.0,
        35.0,
        36.0,
        37.0,
        38.0,
        39.0,
        40.0,
        41.0,
        42.0,
        43.0,
        44.0,
        45.0,
        46.0,
        47.0,
        48.0,
        49.0,
        50.0,
        51.0,
        52.0,
        53.0,
        54.0,
        55.0,
        56.0,
        57.0,
        58.0,
        59.0,
        60.0
    ],
    "Efficiency": [
        1.0,
        0.9917355371900827,
        0.9921875,
        1.0,
        0.9946808510638298,
        0.9898477157360406,
        1.0,
        1.0,
        0.9971751412429378,
        0.9971988795518207,
        0.9951100244498777,
        1.0,
        0.9976905311778291,
        0.9930715935334873,
        0.9978768577494692,
        0.9938900203665988,
        0.9962825278810409,
        0.992633517495396,
        0.9926605504587156,
        1.0,
        0.9964285714285714,
        0.9965034965034965,
        0.9959758551307847,
        0.9977324263038548,
        0.9909638554216867,
        0.9760479041916168,
        0.9833333333333333,
        0.9583333333333334,
        1.0,
        1.0,
        0.96,
        1.0,
        0.9375,
        0.6842105263157895,
        0.875,
        0.6666666666666666,
        0.8571428571428571,
        0.5555555555555556,
        0.375,
        0.8333333333333334
    ]
}