{
    "Bins": [
        20.0,
        21.0,
        22.0,
        23.0,
        24.0,
        25.0,
        26.0,
        27.0,
        28.0,
        29.0,
        30.0,
        31.0,
        32.0,
        33.0,
        34.0,
        35.0,
        36.0,
        37.0,
        38.0,
        39.0,
        40.0,
        41.0,
        42.0,
        43.0,
        44.0,
        45.0,
        46.0,
        47.0,
        48.0,
        49.0,
        50.0,
        51.0,
        52.0,
        53.0,
        54.0,
        55.0,
        56.0,
        57.0,
        58.0,
        59.0,
        60.0
    ],
    "Efficiency": [
        0.9361702127659575,
        0.9586776859504132,
        0.921875,
        0.9171974522292994,
        0.9042553191489362,
        0.9086294416243654,
        0.8659420289855072,
        0.889273356401384,
        0.8418079096045198,
        0.865546218487395,
        0.8508557457212714,
        0.8613333333333333,
        0.8729792147806005,
        0.8845265588914549,
        0.9023354564755839,
        0.8716904276985743,
        0.8773234200743495,
        0.8876611418047882,
        0.8660550458715597,
        0.8912337662337663,
        0.8357142857142857,
        0.8496503496503497,
        0.8631790744466801,
        0.8253968253968254,
        0.7771084337349398,
        0.7664670658682635,
        0.6833333333333333,
        0.7083333333333334,
        0.6976744186046512,
        0.7142857142857143,
        0.52,
        0.7142857142857143,
        0.625,
        0.21052631578947367,
        0.375,
        0.3333333333333333,
        0.5714285714285714,
        0.2222222222222222,
        0.25,
        0.16666666666666666
    ]
}