{
    "Bins": [
        20.0,
        21.0,
        22.0,
        23.0,
        24.0,
        25.0,
        26.0,
        27.0,
        28.0,
        29.0,
        30.0,
        31.0,
        32.0,
        33.0,
        34.0,
        35.0,
        36.0,
        37.0,
        38.0,
        39.0,
        40.0,
        41.0,
        42.0,
        43.0,
        44.0,
        45.0,
        46.0,
        47.0,
        48.0,
        49.0,
        50.0,
        51.0,
        52.0,
        53.0,
        54.0,
        55.0,
        56.0,
        57.0,
        58.0,
        59.0,
        60.0
    ],
    "Efficiency": [
        0.9787234042553191,
        0.9752066115702479,
        0.96875,
        0.9872611464968153,
        0.9840425531914894,
        0.9847715736040609,
        0.9818840579710145,
        0.986159169550173,
        0.9576271186440678,
        0.9607843137254902,
        0.9486552567237164,
        0.9653333333333334,
        0.9584295612009238,
        0.9653579676674365,
        0.9766454352441614,
        0.9490835030549898,
        0.9591078066914498,
        0.9558011049723757,
        0.9577981651376147,
        0.9707792207792207,
        0.9464285714285714,
        0.9265734265734266,
        0.9436619718309859,
        0.9070294784580499,
        0.8554216867469879,
        0.8203592814371258,
        0.8,
        0.6805555555555556,
        0.7674418604651163,
        0.6071428571428571,
        0.64,
        0.5,
        0.3125,
        0.42105263157894735,
        0.125,
        0.0,
        0.2857142857142857,
        0.2222222222222222,
        0.0,
        0.0
    ]
}