{
    "Bins": [
        20.0,
        21.0,
        22.0,
        23.0,
        24.0,
        25.0,
        26.0,
        27.0,
        28.0,
        29.0,
        30.0,
        31.0,
        32.0,
        33.0,
        34.0,
        35.0,
        36.0,
        37.0,
        38.0,
        39.0,
        40.0,
        41.0,
        42.0,
        43.0,
        44.0,
        45.0,
        46.0,
        47.0,
        48.0,
        49.0,
        50.0,
        51.0,
        52.0,
        53.0,
        54.0,
        55.0,
        56.0,
        57.0,
        58.0,
        59.0,
        60.0
    ],
    "Efficiency": [
        0.9361702127659575,
        0.9338842975206612,
        0.9453125,
        0.9171974522292994,
        0.9414893617021277,
        0.949238578680203,
        0.927536231884058,
        0.9446366782006921,
        0.903954802259887,
        0.927170868347339,
        0.9095354523227384,
        0.92,
        0.9122401847575058,
        0.8983833718244804,
        0.921443736730361,
        0.8778004073319755,
        0.8810408921933085,
        0.8692449355432781,
        0.8513761467889909,
        0.8522727272727273,
        0.8196428571428571,
        0.7937062937062938,
        0.7484909456740443,
        0.7346938775510204,
        0.6957831325301205,
        0.6526946107784432,
        0.65,
        0.5138888888888888,
        0.627906976744186,
        0.42857142857142855,
        0.48,
        0.35714285714285715,
        0.375,
        0.21052631578947367,
        0.25,
        0.0,
        0.2857142857142857,
        0.1111111111111111,
        0.125,
        0.16666666666666666
    ]
}