Classifier,Accuracy,TN,FP,FN,TP,Precision,Recall,F1,MSE,Rate
HistGradientBoostingClassifier,0.9279,8861.0,1104.0,338.0,9697.0,0.8977872419220443,0.9663178873941206,0.9307928585141102,0.0721,62.06604550602285
MLPClassifier,0.92725,8884.0,1081.0,374.0,9661.0,0.8993669707689443,0.9627304434479322,0.9299706406122156,0.07275,59.8488623494286
XGBClassifier,0.927,8878.0,1087.0,373.0,9662.0,0.8988743138896641,0.9628300946686597,0.9297536566589684,0.073,61.824719448162256
GradientBoostingClassifier,0.92575,8817.0,1148.0,337.0,9698.0,0.8941545270145675,0.966417538614848,0.9288827163450026,0.07425,63.40842170287244
ExtraTreesClassifier,0.9251,8894.0,1071.0,427.0,9608.0,0.8997097106470643,0.9574489287493771,0.9276817611277396,0.0749,60.12035416452177
SVC,0.9234,8633.0,1332.0,200.0,9835.0,0.8807199785081042,0.9800697558545092,0.9277426657862464,0.0766,76.48527746319365
VotingClassifier,0.92085,8943.0,1022.0,561.0,9474.0,0.9026295731707316,0.9440956651718984,0.9228970824606691,0.07915,58.50648615257902
