Classifier,Accuracy,TN,FP,FN,TP,Precision,Recall,F1,MSE
MLPClassifier,0.9466934861677504,99763.0,7384.0,2289.0,72024.0,0.9070118879709852,0.9691978523273184,0.9370743099511452,0.0533065138322495
ExtraTreesClassifier,0.9429405929681473,98772.0,8375.0,1979.0,72334.0,0.8962321426358895,0.9733693970099444,0.933209479944782,0.0570594070318527
XGBClassifier,0.9409566846687976,98351.0,8796.0,1918.0,72395.0,0.8916628690372086,0.9741902493507192,0.9311014507665396,0.0590433153312024
BernoulliNB,0.8906866527058305,88412.0,18735.0,1101.0,73212.0,0.796241312930275,0.985184288078802,0.8806928906531938,0.1093133472941695
