Classifier,Accuracy,TN,FP,FN,TP,Precision,Recall,F1,MSE
AdaBoostClassifier,0.9017248980491568,95036,12111,5722,68591,0.849929369780179,0.9230013591161708,0.8849595200464471,0.09827510195084316
BaggingClassifier,0.9285958337925714,99499,7648,5309,69004,0.9002243907530136,0.928558933161089,0.9141721591097274,0.07140416620742863
