{
    "False Positive Rate": [
        0.0,
        0.015632728867817112,
        0.029240202712161798,
        0.04084108747795085,
        0.05171400039198484,
        0.06308156084631394,
        0.0757277385274436,
        0.08954053776587305,
        0.10722652057453778,
        0.13027896254678153,
        0.16917879175338554,
        1.0
    ],
    "True Positive Rate": [
        0.0,
        0.5197475542637223,
        0.7376367526543135,
        0.8425847429117382,
        0.8988063999569389,
        0.9329054135884703,
        0.9552029927468949,
        0.9707319042428646,
        0.9814837242474399,
        0.9893423761656777,
        0.9948595804233445,
        1.0
    ],
    "ROC AUC": 0.9741594150498619
}