{
    "False Positive Rate": [
        0.0,
        0.07470111155701979,
        1.0
    ],
    "True Positive Rate": [
        0.0,
        0.8822144173966869,
        1.0
    ],
    "ROC AUC": 0.9037566529198336
}