{
    "False Positive Rate": [
        0.0,
        0.12413447064726543,
        0.1249372804816859,
        1.0
    ],
    "True Positive Rate": [
        0.0,
        0.8655705032386647,
        0.8729446935724963,
        1.0
    ],
    "ROC AUC": 0.8738934551948261
}