{
    "False Positive Rate": [
        0.0,
        0.04897139989964877,
        0.08640240842950327,
        0.12032112393376819,
        0.15855494229804315,
        0.22047165077772202,
        1.0
    ],
    "True Positive Rate": [
        0.0,
        0.6314897857498755,
        0.876631788739412,
        0.9480817140009965,
        0.9766816143497757,
        0.9900348779272546,
        1.0
    ],
    "ROC AUC": 0.947959827507887
}