{
    "False Positive Rate": [
        0.0,
        0.03682890115403914,
        0.03682890115403914,
        0.03763171098845961,
        0.05950827897641746,
        0.07787255393878575,
        0.09172102358253889,
        0.09172102358253889,
        0.10847967887606623,
        0.12413447064726543,
        0.1405920722528851,
        0.16507777220270947,
        0.19739086803813347,
        0.2595082789764175,
        1.0
    ],
    "True Positive Rate": [
        0.0,
        0.5219730941704036,
        0.522072745391131,
        0.5294469357249626,
        0.7262580966616841,
        0.8253114100647733,
        0.8849028400597907,
        0.8850024912805182,
        0.9208769307424016,
        0.9441953163926258,
        0.9599402092675635,
        0.971898355754858,
        0.9815645241654211,
        0.9880418535127056,
        1.0
    ],
    "ROC AUC": 0.9477074244159491
}