{
    "False Positive Rate": [
        0.0,
        0.13517310587054693,
        0.1359759157049674,
        1.0
    ],
    "True Positive Rate": [
        0.0,
        0.8667663178873941,
        0.8741405082212257,
        1.0
    ],
    "ROC AUC": 0.8689318244148491
}