Classifier,Accuracy,TN,FP,FN,TP,Precision,Recall,F1,MSE,Rate
HistGradientBoostingClassifier,0.92325,1761.0,220.0,87.0,1932.0,0.8977695167286245,0.9569093610698366,0.9263965475905058,0.07675,64.01173684752393
XGBClassifier,0.923,1756.0,225.0,83.0,1936.0,0.895881536325775,0.9588905398712234,0.9263157894736842,0.077,64.56980335632657
RandomForestClassifier,0.92075,1763.0,218.0,99.0,1920.0,0.8980355472404116,0.950965824665676,0.9237430839547752,0.07925,65.67085349531555
VotingClassifier,0.919,1795.0,186.0,138.0,1881.0,0.9100145137880988,0.9316493313521546,0.920704845814978,0.081,61.58339339030165
GradientBoostingClassifier,0.914,1688.0,293.0,51.0,1968.0,0.8704113224237063,0.974739970282318,0.9196261682242992,0.086,85.59533614743127
SVC,0.90225,1626.0,355.0,36.0,1983.0,0.8481608212147135,0.9821693907875184,0.9102593527656644,0.09775,101.49269020899824
ExtraTreesClassifier,0.9205,1758.0,-223.0,-95.0,1924.0,0.896134140661388,0.9529470034670628,0.9236677868458952,-0.0795,68.71759497580562
