Classifier,Accuracy,TN,FP,FN,TP,Precision,Recall,F1,MSE,Rate
XGBClassifier,0.9243,8769.0,1196.0,318.0,9717.0,0.8904059378722624,0.9683109118086696,0.9277257972121444,0.0757,63.9363224544425
HistGradientBoostingClassifier,0.9222,8777.0,1188.0,368.0,9667.0,0.890557346844772,0.963328350772297,0.9255146002872188,0.0778,63.90615669720992
RandomForestClassifier,0.92015,8803.0,1162.0,435.0,9600.0,0.8920275041813789,0.9566517189835576,0.9232100783766888,0.07985,62.68444352929064
MLPClassifier,0.919,8859.0,1106.0,514.0,9521.0,0.8959254728521691,0.9487792725460888,0.9215951989158844,0.081,59.57737053433543
VotingClassifier,0.9118,8892.0,1073.0,691.0,9344.0,0.8969952961505232,0.9311410064773292,0.913749266575396,0.0882,59.20029856892824
SVC,0.9105,8338.0,1627.0,163.0,9872.0,0.8585094356030959,0.983756851021425,0.9168756385251232,0.0895,87.9633480901884
GradientBoostingClassifier,0.9051,8361.0,1604.0,294.0,9741.0,0.8586161304539445,0.9707025411061284,0.9112254443405052,0.0949,85.7009162977453
