Classifier,Accuracy,TN,FP,FN,TP,Precision,Recall,F1,MSE
AdaBoostClassifier,0.9568230046338401,27334,1276,718,16854,0.9296194153337011,0.9591395401775552,0.9441487871827908,0.04317699536615997
BaggingClassifier,0.9571261530466415,27453,1157,823,16749,0.9353847872221601,0.9531641247439108,0.9441907661085743,0.04287384695335845
