{
    "Bins": [
        20.0,
        21.0,
        22.0,
        23.0,
        24.0,
        25.0,
        26.0,
        27.0,
        28.0,
        29.0,
        30.0,
        31.0,
        32.0,
        33.0,
        34.0,
        35.0,
        36.0,
        37.0,
        38.0,
        39.0,
        40.0,
        41.0,
        42.0,
        43.0,
        44.0,
        45.0,
        46.0,
        47.0,
        48.0,
        49.0,
        50.0,
        51.0,
        52.0,
        53.0,
        54.0,
        55.0,
        56.0,
        57.0,
        58.0,
        59.0,
        60.0
    ],
    "Efficiency": [
        0.6214953271028038,
        0.659919028340081,
        0.8109965635738832,
        0.8679867986798679,
        0.8771498771498771,
        0.8981042654028436,
        0.9172413793103448,
        0.9555555555555556,
        0.9313893653516295,
        0.9649122807017544,
        0.9630177514792899,
        0.972183588317107,
        0.9702702702702702,
        0.9748344370860927,
        0.9671931956257594,
        0.9679334916864608,
        0.9862857142857143,
        0.9825819672131147,
        0.9800629590766002,
        0.976313079299691,
        0.9726027397260274,
        0.9789251844046365,
        0.9748633879781421,
        0.9712041884816754,
        0.972875226039783,
        0.9619047619047619,
        0.9763313609467456,
        0.9618320610687023,
        0.987012987012987,
        0.9814814814814815,
        0.9375,
        0.9696969696969697,
        0.9285714285714286,
        0.9444444444444444,
        0.8947368421052632,
        1.0,
        0.8666666666666667,
        1.0,
        0.875,
        1.0
    ]
}