Classifier,Accuracy,TN,FP,FN,TP,Precision,Recall,F1,MSE
ExtraTreesClassifier,0.969382010307046,27475.0,1135.0,279.0,17293.0,0.9384089429129584,0.9841224675620304,0.9607222222222224,0.0306179896929539
MLPClassifier,0.9682776839461262,27617.0,993.0,472.0,17100.0,0.9451168960371414,0.973139084907808,0.9589233141735596,0.0317223160538738
RandomForestClassifier,0.96816941665584,27532.0,1078.0,392.0,17180.0,0.9409573885420088,0.9776917823810608,0.958972927714206,0.03183058334416
VotingClassifier,0.9563249750985232,27804.0,806.0,1211.0,16361.0,0.9530494553503815,0.9310835419986342,0.9419384553383804,0.0436750249014767
XGBClassifier,0.967411545623836,27530.0,-1080.0,-425.0,17147.0,0.9407472431008944,0.975813794673344,0.9579597195452388,-0.0325884543761638
HistGradientBoostingClassifier,0.967238317959378,27499.0,-1111.0,-402.0,17170.0,0.9392265193370166,0.9771226951969042,0.9577999051683262,-0.0327616820406218
SVC,0.9651812394439392,27345.0,-1265.0,-343.0,17229.0,0.9315994376554558,0.980480309583428,0.9554150723673266,-0.0348187605560608
