Classifier,Accuracy,TN,FP,FN,TP,Precision,Recall,F1,MSE,EventCount,Rate
HistGradientBoostingClassifier,0.9221,8869.0,1096.0,462.0,9573.0,0.8972724716468272,0.9539611360239164,0.9247488408037094,0.0779,4542.0,68.5064346751776
XGBClassifier,0.92125,8851.0,1114.0,461.0,9574.0,0.8957709580838323,0.9540607872446436,0.9239974907108044,0.07875,4531.0,68.34052301039844
SVC,0.92025,8673.0,1292.0,303.0,9732.0,0.8828011611030478,0.9698056801195816,0.9242604112256042,0.07975,5236.0,78.97395243488108
RandomForestClassifier,0.9165,8886.0,1079.0,591.0,9444.0,0.8974627007507365,0.9411061285500748,0.918766416966631,0.0835,4399.0,66.34958303304849
ExtraTreesClassifier,0.91645,8882.0,1083.0,588.0,9447.0,0.8971509971509971,0.941405082212257,0.9187454412837344,0.08355,4420.0,66.66632348399052
GradientBoostingClassifier,0.9161,8923.0,1042.0,636.0,9399.0,0.9002011301599464,0.9366218236173394,0.9180504004688416,0.0839,4186.0,63.13692988777927
VotingClassifier,0.9142,9020.0,945.0,771.0,9264.0,0.9074346165148398,0.923168908819133,0.915234143449911,0.0858,4007.0,60.43709461546381
