{
    "Bins": [
        20.0,
        21.0,
        22.0,
        23.0,
        24.0,
        25.0,
        26.0,
        27.0,
        28.0,
        29.0,
        30.0,
        31.0,
        32.0,
        33.0,
        34.0,
        35.0,
        36.0,
        37.0,
        38.0,
        39.0,
        40.0,
        41.0,
        42.0,
        43.0,
        44.0,
        45.0,
        46.0,
        47.0,
        48.0,
        49.0,
        50.0,
        51.0,
        52.0,
        53.0,
        54.0,
        55.0,
        56.0,
        57.0,
        58.0,
        59.0,
        60.0
    ],
    "Efficiency": [
        0.9764705882352941,
        0.9664053751399776,
        0.9737582005623243,
        0.9640610961365679,
        0.9783065080475857,
        0.9861027190332327,
        0.9811512990320937,
        0.9827021972884525,
        0.9874739039665971,
        0.9865718799368088,
        0.9846771251368114,
        0.9877800407331976,
        0.9928617780661908,
        0.9905100830367735,
        0.9932735426008968,
        0.9918522542096686,
        0.9923116350589442,
        0.994034302759135,
        0.994540707334441,
        0.9950272318257163,
        0.9962130177514793,
        0.9951267056530214,
        0.9961200206932229,
        0.9972222222222222,
        0.9979053204859657,
        0.9973315543695798,
        0.9966592427616926,
        0.996031746031746,
        0.9939759036144579,
        1.0,
        1.0,
        0.9923076923076923,
        1.0,
        1.0,
        0.9830508474576272,
        1.0,
        1.0,
        1.0,
        0.9787234042553191,
        1.0
    ]
}