{
    "Bins": [
        20.0,
        21.0,
        22.0,
        23.0,
        24.0,
        25.0,
        26.0,
        27.0,
        28.0,
        29.0,
        30.0,
        31.0,
        32.0,
        33.0,
        34.0,
        35.0,
        36.0,
        37.0,
        38.0,
        39.0,
        40.0,
        41.0,
        42.0,
        43.0,
        44.0,
        45.0,
        46.0,
        47.0,
        48.0,
        49.0,
        50.0,
        51.0,
        52.0,
        53.0,
        54.0,
        55.0,
        56.0,
        57.0,
        58.0,
        59.0,
        60.0
    ],
    "Efficiency": [
        0.9529411764705882,
        0.9272116461366181,
        0.9484536082474226,
        0.9478885893980233,
        0.9517144856543037,
        0.9474320241691843,
        0.9434538970962812,
        0.9448340345956054,
        0.9302713987473904,
        0.9229857819905213,
        0.9266690988690259,
        0.9127630685675492,
        0.9237508111615834,
        0.92497034400949,
        0.9142376681614349,
        0.9147202607278653,
        0.9182470527934392,
        0.9269202087994034,
        0.9276050320436744,
        0.9367748046412503,
        0.9370414201183432,
        0.9388401559454191,
        0.9526642524573202,
        0.9496913580246914,
        0.9518223711772099,
        0.9506337558372249,
        0.9643652561247216,
        0.9464285714285714,
        0.9397590361445783,
        0.9669421487603306,
        0.9493670886075949,
        0.9615384615384616,
        0.9746835443037974,
        0.9333333333333333,
        0.9491525423728814,
        0.9285714285714286,
        0.9523809523809523,
        1.0,
        0.9148936170212766,
        0.9574468085106383
    ]
}