{
    "Bins": [
        20.0,
        21.0,
        22.0,
        23.0,
        24.0,
        25.0,
        26.0,
        27.0,
        28.0,
        29.0,
        30.0,
        31.0,
        32.0,
        33.0,
        34.0,
        35.0,
        36.0,
        37.0,
        38.0,
        39.0,
        40.0,
        41.0,
        42.0,
        43.0,
        44.0,
        45.0,
        46.0,
        47.0,
        48.0,
        49.0,
        50.0,
        51.0,
        52.0,
        53.0,
        54.0,
        55.0,
        56.0,
        57.0,
        58.0,
        59.0,
        60.0
    ],
    "Efficiency": [
        1.0,
        0.9921612541993281,
        1.0,
        0.9964061096136568,
        0.9986004198740378,
        0.997583081570997,
        0.9964340295466123,
        0.9967274427302478,
        0.9991649269311065,
        0.9976303317535545,
        0.996716526815031,
        0.9969450101832994,
        0.9957819597663855,
        0.9961447212336892,
        0.9960762331838565,
        0.9951113525258012,
        0.996155817529472,
        0.9942828734775043,
        0.9947780678851175,
        0.997632015155103,
        0.9959763313609468,
        0.9948830409356725,
        0.9961200206932229,
        0.995679012345679,
        0.9945538332635107,
        0.9913275517011341,
        0.9933184855233853,
        0.9861111111111112,
        0.9789156626506024,
        0.9752066115702479,
        0.9746835443037974,
        0.9846153846153847,
        0.9620253164556962,
        0.9333333333333333,
        0.9152542372881356,
        0.9285714285714286,
        0.8888888888888888,
        0.9,
        0.851063829787234,
        0.8936170212765957
    ]
}