{
    "Bins": [
        20.0,
        21.0,
        22.0,
        23.0,
        24.0,
        25.0,
        26.0,
        27.0,
        28.0,
        29.0,
        30.0,
        31.0,
        32.0,
        33.0,
        34.0,
        35.0,
        36.0,
        37.0,
        38.0,
        39.0,
        40.0,
        41.0,
        42.0,
        43.0,
        44.0,
        45.0,
        46.0,
        47.0,
        48.0,
        49.0,
        50.0,
        51.0,
        52.0,
        53.0,
        54.0,
        55.0,
        56.0,
        57.0,
        58.0,
        59.0,
        60.0
    ],
    "Efficiency": [
        0.9372549019607843,
        0.9227323628219485,
        0.9409559512652296,
        0.9236298292902066,
        0.9391182645206438,
        0.9498489425981873,
        0.9505858380030565,
        0.9565217391304348,
        0.9586638830897704,
        0.9616903633491312,
        0.9657059467347683,
        0.9636795655125594,
        0.9675535366645036,
        0.9736061684460261,
        0.9756165919282511,
        0.9758283541553504,
        0.977703741670938,
        0.9786229182202336,
        0.9850462853073819,
        0.9841345015391901,
        0.9855621301775148,
        0.9831871345029239,
        0.9888773926539058,
        0.9895061728395061,
        0.9920402178466695,
        0.9879919946631087,
        0.9910913140311804,
        0.9861111111111112,
        0.9819277108433735,
        0.9958677685950413,
        1.0,
        0.9846153846153847,
        1.0,
        0.9777777777777777,
        0.9661016949152542,
        0.9857142857142858,
        0.9841269841269841,
        1.0,
        0.9787234042553191,
        0.9787234042553191
    ]
}