{
    "Bins": [
        20.0,
        21.0,
        22.0,
        23.0,
        24.0,
        25.0,
        26.0,
        27.0,
        28.0,
        29.0,
        30.0,
        31.0,
        32.0,
        33.0,
        34.0,
        35.0,
        36.0,
        37.0,
        38.0,
        39.0,
        40.0,
        41.0,
        42.0,
        43.0,
        44.0,
        45.0,
        46.0,
        47.0,
        48.0,
        49.0,
        50.0,
        51.0,
        52.0,
        53.0,
        54.0,
        55.0,
        56.0,
        57.0,
        58.0,
        59.0,
        60.0
    ],
    "Efficiency": [
        0.9738562091503268,
        0.9686450167973124,
        0.9746954076850984,
        0.967654986522911,
        0.979706088173548,
        0.9830815709969789,
        0.9836984207845135,
        0.9845722300140253,
        0.9862212943632568,
        0.9877567140600316,
        0.986866107260124,
        0.988458927359131,
        0.9928617780661908,
        0.9919928825622776,
        0.9929932735426009,
        0.9921238457360131,
        0.9946181445412609,
        0.9942828734775043,
        0.994540707334441,
        0.995264030310206,
        0.9957396449704142,
        0.9948830409356725,
        0.9974133471288154,
        0.9975308641975309,
        0.9974863845831587,
        0.9959973315543695,
        0.9966592427616926,
        0.998015873015873,
        0.9939759036144579,
        1.0,
        1.0,
        0.9923076923076923,
        1.0,
        1.0,
        0.9830508474576272,
        1.0,
        1.0,
        1.0,
        0.9787234042553191,
        1.0
    ]
}