{
    "Bins": [
        20.0,
        21.0,
        22.0,
        23.0,
        24.0,
        25.0,
        26.0,
        27.0,
        28.0,
        29.0,
        30.0,
        31.0,
        32.0,
        33.0,
        34.0,
        35.0,
        36.0,
        37.0,
        38.0,
        39.0,
        40.0,
        41.0,
        42.0,
        43.0,
        44.0,
        45.0,
        46.0,
        47.0,
        48.0,
        49.0,
        50.0,
        51.0,
        52.0,
        53.0,
        54.0,
        55.0,
        56.0,
        57.0,
        58.0,
        59.0,
        60.0
    ],
    "Efficiency": [
        1.0,
        0.9955207166853304,
        1.0,
        0.9964061096136568,
        0.9986004198740378,
        0.9969788519637462,
        0.9964340295466123,
        0.9957924263674615,
        0.9995824634655532,
        0.9972353870458136,
        0.9978110178766874,
        0.9969450101832994,
        0.9954574951330305,
        0.9973309608540926,
        0.9960762331838565,
        0.9967409016838674,
        0.9969246540235777,
        0.9945314441958737,
        0.9950154284357939,
        0.9971584181861236,
        0.9957396449704142,
        0.996588693957115,
        0.9971546818416969,
        0.9953703703703703,
        0.9920402178466695,
        0.9926617745163442,
        0.9922048997772829,
        0.9841269841269841,
        0.9819277108433735,
        0.9752066115702479,
        0.9556962025316456,
        0.9769230769230769,
        0.9620253164556962,
        0.9333333333333333,
        0.9322033898305084,
        0.9285714285714286,
        0.8888888888888888,
        0.8666666666666667,
        0.8723404255319149,
        0.8936170212765957
    ]
}