{
    "Bins": [
        20.0,
        21.0,
        22.0,
        23.0,
        24.0,
        25.0,
        26.0,
        27.0,
        28.0,
        29.0,
        30.0,
        31.0,
        32.0,
        33.0,
        34.0,
        35.0,
        36.0,
        37.0,
        38.0,
        39.0,
        40.0,
        41.0,
        42.0,
        43.0,
        44.0,
        45.0,
        46.0,
        47.0,
        48.0,
        49.0,
        50.0,
        51.0,
        52.0,
        53.0,
        54.0,
        55.0,
        56.0,
        57.0,
        58.0,
        59.0,
        60.0
    ],
    "Efficiency": [
        0.9986928104575163,
        0.9932810750279956,
        0.9971883786316776,
        0.9946091644204852,
        0.9986004198740378,
        0.9981873111782478,
        0.9979623025980642,
        0.9976624590930341,
        0.9974947807933194,
        0.9984202211690363,
        0.9970813571689164,
        0.9979633401221996,
        0.9964308890330954,
        0.998220640569395,
        0.9974775784753364,
        0.9980988593155894,
        0.9976934905176832,
        0.998011434253045,
        0.9981011155945881,
        0.996921619701634,
        0.9976331360946745,
        0.9973196881091618,
        0.9984480082772892,
        0.9975308641975309,
        0.9962295768747381,
        0.9959973315543695,
        0.9977728285077951,
        0.9940476190476191,
        0.9939759036144579,
        0.9917355371900827,
        0.9873417721518988,
        0.9923076923076923,
        1.0,
        0.9888888888888889,
        0.9661016949152542,
        0.9714285714285714,
        0.9682539682539683,
        1.0,
        0.9574468085106383,
        0.9361702127659575
    ]
}