{
    "Bins": [
        20.0,
        21.0,
        22.0,
        23.0,
        24.0,
        25.0,
        26.0,
        27.0,
        28.0,
        29.0,
        30.0,
        31.0,
        32.0,
        33.0,
        34.0,
        35.0,
        36.0,
        37.0,
        38.0,
        39.0,
        40.0,
        41.0,
        42.0,
        43.0,
        44.0,
        45.0,
        46.0,
        47.0,
        48.0,
        49.0,
        50.0,
        51.0,
        52.0,
        53.0,
        54.0,
        55.0,
        56.0,
        57.0,
        58.0,
        59.0,
        60.0
    ],
    "Efficiency": [
        0.9725490196078431,
        0.9630459126539753,
        0.9709465791940018,
        0.9622641509433962,
        0.9762071378586424,
        0.9794561933534743,
        0.9801324503311258,
        0.9822346891070594,
        0.9853862212943633,
        0.9842022116903634,
        0.9861364465523531,
        0.9850644942294636,
        0.991239454899416,
        0.9905100830367735,
        0.992152466367713,
        0.9907658881042911,
        0.9930804715530497,
        0.9930400198856575,
        0.9940659862330881,
        0.9936064409187781,
        0.9952662721893492,
        0.9948830409356725,
        0.9956026901189861,
        0.9969135802469136,
        0.9970674486803519,
        0.9959973315543695,
        0.9966592427616926,
        0.996031746031746,
        0.9939759036144579,
        1.0,
        1.0,
        0.9923076923076923,
        1.0,
        1.0,
        0.9830508474576272,
        1.0,
        1.0,
        1.0,
        0.9787234042553191,
        1.0
    ]
}