{
    "Bins": [
        20.0,
        21.0,
        22.0,
        23.0,
        24.0,
        25.0,
        26.0,
        27.0,
        28.0,
        29.0,
        30.0,
        31.0,
        32.0,
        33.0,
        34.0,
        35.0,
        36.0,
        37.0,
        38.0,
        39.0,
        40.0,
        41.0,
        42.0,
        43.0,
        44.0,
        45.0,
        46.0,
        47.0,
        48.0,
        49.0,
        50.0,
        51.0,
        52.0,
        53.0,
        54.0,
        55.0,
        56.0,
        57.0,
        58.0,
        59.0,
        60.0
    ],
    "Efficiency": [
        0.9947712418300654,
        0.9910414333706606,
        0.9896907216494846,
        0.9829290206648698,
        0.9825052484254724,
        0.9764350453172206,
        0.9740193581253184,
        0.9742870500233755,
        0.9782881002087682,
        0.9707740916271722,
        0.9693542502736228,
        0.9725050916496945,
        0.9743672939649578,
        0.9736061684460261,
        0.9786995515695067,
        0.9793590439978272,
        0.9789851358277806,
        0.9793686303753418,
        0.9805364348445288,
        0.9824769121477622,
        0.978224852071006,
        0.9788011695906432,
        0.979048111743404,
        0.9777777777777777,
        0.9752827817343946,
        0.9733155436957972,
        0.967706013363029,
        0.9623015873015873,
        0.9397590361445783,
        0.9173553719008265,
        0.8987341772151899,
        0.9307692307692308,
        0.8860759493670886,
        0.8222222222222222,
        0.8135593220338984,
        0.8285714285714286,
        0.8095238095238095,
        0.8833333333333333,
        0.7872340425531915,
        0.8723404255319149
    ]
}