{
    "Bins": [
        20.0,
        21.0,
        22.0,
        23.0,
        24.0,
        25.0,
        26.0,
        27.0,
        28.0,
        29.0,
        30.0,
        31.0,
        32.0,
        33.0,
        34.0,
        35.0,
        36.0,
        37.0,
        38.0,
        39.0,
        40.0,
        41.0,
        42.0,
        43.0,
        44.0,
        45.0,
        46.0,
        47.0,
        48.0,
        49.0,
        50.0,
        51.0,
        52.0,
        53.0,
        54.0,
        55.0,
        56.0,
        57.0,
        58.0,
        59.0,
        60.0
    ],
    "Efficiency": [
        1.0,
        0.9966405375139977,
        0.9990627928772259,
        0.9982030548068284,
        1.0,
        0.9969788519637462,
        0.9964340295466123,
        0.9981299672744273,
        0.9987473903966597,
        0.9960505529225908,
        0.9959868661072602,
        0.9962661235573659,
        0.9957819597663855,
        0.99644128113879,
        0.9946748878923767,
        0.9942965779467681,
        0.9930804715530497,
        0.9905543127019637,
        0.9924044623783527,
        0.9943168363722472,
        0.9919526627218935,
        0.9929337231968811,
        0.992240041386446,
        0.991358024691358,
        0.9916212819438626,
        0.9886591060707138,
        0.9899777282850779,
        0.9801587301587301,
        0.9728915662650602,
        0.9752066115702479,
        0.9746835443037974,
        0.9923076923076923,
        0.9746835443037974,
        0.9555555555555556,
        0.9322033898305084,
        0.9714285714285714,
        0.9841269841269841,
        0.95,
        0.9361702127659575,
        0.9361702127659575
    ]
}