{
    "Bins": [
        20.0,
        21.0,
        22.0,
        23.0,
        24.0,
        25.0,
        26.0,
        27.0,
        28.0,
        29.0,
        30.0,
        31.0,
        32.0,
        33.0,
        34.0,
        35.0,
        36.0,
        37.0,
        38.0,
        39.0,
        40.0,
        41.0,
        42.0,
        43.0,
        44.0,
        45.0,
        46.0,
        47.0,
        48.0,
        49.0,
        50.0,
        51.0,
        52.0,
        53.0,
        54.0,
        55.0,
        56.0,
        57.0,
        58.0,
        59.0,
        60.0
    ],
    "Efficiency": [
        1.0,
        0.9988801791713325,
        0.9990627928772259,
        0.9991015274034142,
        1.0,
        0.9993957703927493,
        0.999490575649516,
        1.0,
        0.9991649269311065,
        0.9996050552922591,
        0.9996351696461145,
        0.9996605566870332,
        0.999675535366645,
        0.9994068801897983,
        0.9997197309417041,
        0.9994568169473113,
        0.9994874423372629,
        0.9995028585632613,
        0.9995252788986471,
        0.9990528060620412,
        0.9997633136094675,
        1.0,
        0.9997413347128815,
        0.9996913580246913,
        0.9995810640971932,
        0.9993328885923949,
        0.9988864142538976,
        1.0,
        1.0,
        1.0,
        1.0,
        1.0,
        1.0,
        1.0,
        1.0,
        1.0,
        1.0,
        1.0,
        0.9574468085106383,
        1.0
    ]
}