{
    "Bins": [
        20.0,
        21.0,
        22.0,
        23.0,
        24.0,
        25.0,
        26.0,
        27.0,
        28.0,
        29.0,
        30.0,
        31.0,
        32.0,
        33.0,
        34.0,
        35.0,
        36.0,
        37.0,
        38.0,
        39.0,
        40.0,
        41.0,
        42.0,
        43.0,
        44.0,
        45.0,
        46.0,
        47.0,
        48.0,
        49.0,
        50.0,
        51.0,
        52.0,
        53.0,
        54.0,
        55.0,
        56.0,
        57.0,
        58.0,
        59.0,
        60.0
    ],
    "Efficiency": [
        1.0,
        0.9966405375139977,
        1.0,
        0.9973045822102425,
        0.9986004198740378,
        0.997583081570997,
        0.9954151808456444,
        0.9971949509116409,
        0.9995824634655532,
        0.9968404423380727,
        0.996716526815031,
        0.9969450101832994,
        0.9964308890330954,
        0.9967378410438908,
        0.9966367713004485,
        0.9956545355784899,
        0.9964120963608406,
        0.9945314441958737,
        0.9940659862330881,
        0.9971584181861236,
        0.9962130177514793,
        0.9958576998050682,
        0.9976720124159337,
        0.9962962962962963,
        0.9962295768747381,
        0.9946631087391594,
        0.9955456570155902,
        0.9861111111111112,
        0.9849397590361446,
        0.9793388429752066,
        0.9810126582278481,
        0.9846153846153847,
        0.9746835443037974,
        0.9222222222222223,
        0.9322033898305084,
        0.9428571428571428,
        0.9047619047619048,
        0.9,
        0.9148936170212766,
        0.8936170212765957
    ]
}