{
    "Bins": [
        20.0,
        21.0,
        22.0,
        23.0,
        24.0,
        25.0,
        26.0,
        27.0,
        28.0,
        29.0,
        30.0,
        31.0,
        32.0,
        33.0,
        34.0,
        35.0,
        36.0,
        37.0,
        38.0,
        39.0,
        40.0,
        41.0,
        42.0,
        43.0,
        44.0,
        45.0,
        46.0,
        47.0,
        48.0,
        49.0,
        50.0,
        51.0,
        52.0,
        53.0,
        54.0,
        55.0,
        56.0,
        57.0,
        58.0,
        59.0,
        60.0
    ],
    "Efficiency": [
        0.9986928104575163,
        0.9921612541993281,
        0.9971883786316776,
        0.9937106918238994,
        0.9972008397480756,
        0.9963746223564954,
        0.9974528782475802,
        0.9971949509116409,
        0.9970772442588727,
        0.9972353870458136,
        0.9959868661072602,
        0.9969450101832994,
        0.9961064243997404,
        0.9976275207591934,
        0.9960762331838565,
        0.997827267789245,
        0.996155817529472,
        0.9962714392244594,
        0.9962022311891764,
        0.9959744257636751,
        0.9962130177514793,
        0.9948830409356725,
        0.9961200206932229,
        0.9959876543209877,
        0.9962295768747381,
        0.9933288859239493,
        0.9977728285077951,
        0.9880952380952381,
        0.9819277108433735,
        0.9917355371900827,
        0.9810126582278481,
        0.9846153846153847,
        1.0,
        0.9777777777777777,
        0.9661016949152542,
        0.9571428571428572,
        0.9682539682539683,
        1.0,
        0.9361702127659575,
        0.9361702127659575
    ]
}