{
    "Bins": [
        20.0,
        21.0,
        22.0,
        23.0,
        24.0,
        25.0,
        26.0,
        27.0,
        28.0,
        29.0,
        30.0,
        31.0,
        32.0,
        33.0,
        34.0,
        35.0,
        36.0,
        37.0,
        38.0,
        39.0,
        40.0,
        41.0,
        42.0,
        43.0,
        44.0,
        45.0,
        46.0,
        47.0,
        48.0,
        49.0,
        50.0,
        51.0,
        52.0,
        53.0,
        54.0,
        55.0,
        56.0,
        57.0,
        58.0,
        59.0,
        60.0
    ],
    "Efficiency": [
        1.0,
        0.9932810750279956,
        1.0,
        0.9973045822102425,
        0.9986004198740378,
        0.997583081570997,
        0.9959246051961284,
        0.9971949509116409,
        0.9995824634655532,
        0.9972353870458136,
        0.9978110178766874,
        0.9972844534962662,
        0.9970798182998053,
        0.998220640569395,
        0.9952354260089686,
        0.9967409016838674,
        0.9964120963608406,
        0.9955257270693513,
        0.9954901495371469,
        0.997632015155103,
        0.9955029585798817,
        0.9961013645224172,
        0.9968960165545784,
        0.9953703703703703,
        0.993715961457897,
        0.9919946631087392,
        0.9910913140311804,
        0.9821428571428571,
        0.9819277108433735,
        0.9752066115702479,
        0.9683544303797469,
        0.9769230769230769,
        0.9620253164556962,
        0.9333333333333333,
        0.9322033898305084,
        0.9142857142857143,
        0.873015873015873,
        0.8666666666666667,
        0.851063829787234,
        0.851063829787234
    ]
}