{
    "Bins": [
        20.0,
        21.0,
        22.0,
        23.0,
        24.0,
        25.0,
        26.0,
        27.0,
        28.0,
        29.0,
        30.0,
        31.0,
        32.0,
        33.0,
        34.0,
        35.0,
        36.0,
        37.0,
        38.0,
        39.0,
        40.0,
        41.0,
        42.0,
        43.0,
        44.0,
        45.0,
        46.0,
        47.0,
        48.0,
        49.0,
        50.0,
        51.0,
        52.0,
        53.0,
        54.0,
        55.0,
        56.0,
        57.0,
        58.0,
        59.0,
        60.0
    ],
    "Efficiency": [
        0.9908496732026144,
        0.9820828667413214,
        0.9850046860356139,
        0.9820305480682839,
        0.9853044086773968,
        0.9716012084592145,
        0.9740193581253184,
        0.9770920991117344,
        0.9724425887265136,
        0.9766982622432859,
        0.9668004377964247,
        0.9742023082145281,
        0.9776119402985075,
        0.9756820877817319,
        0.975896860986547,
        0.9752851711026616,
        0.9751409533572527,
        0.976882923191648,
        0.9805364348445288,
        0.9808193227563343,
        0.9805917159763313,
        0.9819688109161794,
        0.9798241076047595,
        0.9762345679012345,
        0.9702555509007121,
        0.9693128752501667,
        0.9621380846325167,
        0.9603174603174603,
        0.9427710843373494,
        0.9421487603305785,
        0.8924050632911392,
        0.9153846153846154,
        0.9493670886075949,
        0.8777777777777778,
        0.9491525423728814,
        0.7428571428571429,
        0.9047619047619048,
        0.8833333333333333,
        0.8085106382978723,
        0.851063829787234
    ]
}