{
    "Bins": [
        20.0,
        21.0,
        22.0,
        23.0,
        24.0,
        25.0,
        26.0,
        27.0,
        28.0,
        29.0,
        30.0,
        31.0,
        32.0,
        33.0,
        34.0,
        35.0,
        36.0,
        37.0,
        38.0,
        39.0,
        40.0,
        41.0,
        42.0,
        43.0,
        44.0,
        45.0,
        46.0,
        47.0,
        48.0,
        49.0,
        50.0,
        51.0,
        52.0,
        53.0,
        54.0,
        55.0,
        56.0,
        57.0,
        58.0,
        59.0,
        60.0
    ],
    "Efficiency": [
        0.9986928104575163,
        0.9921612541993281,
        0.9981255857544518,
        0.9973045822102425,
        0.9986004198740378,
        0.9969788519637462,
        0.9964340295466123,
        0.9962599345488546,
        0.9974947807933194,
        0.9972353870458136,
        0.996716526815031,
        0.9966055668703326,
        0.9961064243997404,
        0.998220640569395,
        0.9966367713004485,
        0.9972840847365562,
        0.9976934905176832,
        0.9962714392244594,
        0.9969143128412058,
        0.9973952166706133,
        0.997396449704142,
        0.9980506822612085,
        0.9976720124159337,
        0.9959876543209877,
        0.9949727691663176,
        0.9933288859239493,
        0.9966592427616926,
        0.9861111111111112,
        0.9879518072289156,
        0.9834710743801653,
        0.9810126582278481,
        0.9923076923076923,
        0.9746835443037974,
        0.9444444444444444,
        0.9322033898305084,
        0.9285714285714286,
        0.9523809523809523,
        0.9,
        0.8723404255319149,
        0.9148936170212766
    ]
}