{
    "Bins": [
        20.0,
        21.0,
        22.0,
        23.0,
        24.0,
        25.0,
        26.0,
        27.0,
        28.0,
        29.0,
        30.0,
        31.0,
        32.0,
        33.0,
        34.0,
        35.0,
        36.0,
        37.0,
        38.0,
        39.0,
        40.0,
        41.0,
        42.0,
        43.0,
        44.0,
        45.0,
        46.0,
        47.0,
        48.0,
        49.0,
        50.0,
        51.0,
        52.0,
        53.0,
        54.0,
        55.0,
        56.0,
        57.0,
        58.0,
        59.0,
        60.0
    ],
    "Efficiency": [
        0.9973856209150327,
        0.9910414333706606,
        0.9962511715089035,
        0.9964061096136568,
        0.9937018894331701,
        0.9969788519637462,
        0.9923586347427407,
        0.9962599345488546,
        0.9966597077244259,
        0.9948657187993681,
        0.990879241152864,
        0.9932111337406653,
        0.9941596365996106,
        0.9916963226571768,
        0.9943946188340808,
        0.9929386203150462,
        0.9943618657098924,
        0.9917971662938105,
        0.9924044623783527,
        0.9950272318257163,
        0.9924260355029586,
        0.9929337231968811,
        0.9932747025349198,
        0.9935185185185185,
        0.9878508588186008,
        0.9859906604402935,
        0.9832962138084632,
        0.9761904761904762,
        0.9668674698795181,
        0.9586776859504132,
        0.9556962025316456,
        0.9769230769230769,
        0.9493670886075949,
        0.9333333333333333,
        0.8983050847457628,
        0.8857142857142857,
        0.873015873015873,
        0.8666666666666667,
        0.851063829787234,
        0.8936170212765957
    ]
}