{
    "Bins": [
        20.0,
        21.0,
        22.0,
        23.0,
        24.0,
        25.0,
        26.0,
        27.0,
        28.0,
        29.0,
        30.0,
        31.0,
        32.0,
        33.0,
        34.0,
        35.0,
        36.0,
        37.0,
        38.0,
        39.0,
        40.0,
        41.0,
        42.0,
        43.0,
        44.0,
        45.0,
        46.0,
        47.0,
        48.0,
        49.0,
        50.0,
        51.0,
        52.0,
        53.0,
        54.0,
        55.0,
        56.0,
        57.0,
        58.0,
        59.0,
        60.0
    ],
    "Efficiency": [
        0.9686274509803922,
        0.9585666293393057,
        0.9728209934395501,
        0.963162623539982,
        0.9748075577326802,
        0.9764350453172206,
        0.9775853285787061,
        0.9756895745675549,
        0.9766179540709812,
        0.9759083728278041,
        0.9751915359357899,
        0.9775967413441955,
        0.9811810512654121,
        0.9783511269276394,
        0.975896860986547,
        0.9731124388919066,
        0.9728344438749359,
        0.9711657966691524,
        0.9684310467600284,
        0.9673218091404215,
        0.9628402366863905,
        0.9615009746588694,
        0.9635281945162959,
        0.957716049382716,
        0.9555927943024717,
        0.95263509006004,
        0.9632516703786191,
        0.9484126984126984,
        0.9397590361445783,
        0.9669421487603306,
        0.9493670886075949,
        0.9615384615384616,
        0.9746835443037974,
        0.9111111111111111,
        0.9152542372881356,
        0.9142857142857143,
        0.9206349206349206,
        0.9833333333333333,
        0.8936170212765957,
        0.9361702127659575
    ]
}