{
    "Bins": [
        20.0,
        21.0,
        22.0,
        23.0,
        24.0,
        25.0,
        26.0,
        27.0,
        28.0,
        29.0,
        30.0,
        31.0,
        32.0,
        33.0,
        34.0,
        35.0,
        36.0,
        37.0,
        38.0,
        39.0,
        40.0,
        41.0,
        42.0,
        43.0,
        44.0,
        45.0,
        46.0,
        47.0,
        48.0,
        49.0,
        50.0,
        51.0,
        52.0,
        53.0,
        54.0,
        55.0,
        56.0,
        57.0,
        58.0,
        59.0,
        60.0
    ],
    "Efficiency": [
        0.9986928104575163,
        0.9966405375139977,
        1.0,
        0.9973045822102425,
        0.9993002099370188,
        0.997583081570997,
        0.9943963321446765,
        0.9971949509116409,
        0.998329853862213,
        0.9960505529225908,
        0.9959868661072602,
        0.9959266802443992,
        0.9957819597663855,
        0.9961447212336892,
        0.9960762331838565,
        0.9956545355784899,
        0.9964120963608406,
        0.994034302759135,
        0.9943033467837645,
        0.9971584181861236,
        0.9955029585798817,
        0.9939083820662769,
        0.9968960165545784,
        0.9959876543209877,
        0.9970674486803519,
        0.9939959973315544,
        0.9933184855233853,
        0.9861111111111112,
        0.9728915662650602,
        0.9793388429752066,
        0.9683544303797469,
        0.9846153846153847,
        0.9746835443037974,
        0.9444444444444444,
        0.9152542372881356,
        0.9285714285714286,
        0.9523809523809523,
        0.9166666666666666,
        0.8936170212765957,
        0.8936170212765957
    ]
}