{
    "Bins": [
        20.0,
        21.0,
        22.0,
        23.0,
        24.0,
        25.0,
        26.0,
        27.0,
        28.0,
        29.0,
        30.0,
        31.0,
        32.0,
        33.0,
        34.0,
        35.0,
        36.0,
        37.0,
        38.0,
        39.0,
        40.0,
        41.0,
        42.0,
        43.0,
        44.0,
        45.0,
        46.0,
        47.0,
        48.0,
        49.0,
        50.0,
        51.0,
        52.0,
        53.0,
        54.0,
        55.0,
        56.0,
        57.0,
        58.0,
        59.0,
        60.0
    ],
    "Efficiency": [
        0.9856209150326798,
        0.9798432250839866,
        0.9831302717900656,
        0.977538185085355,
        0.9818054583624912,
        0.9722054380664653,
        0.9770759042282221,
        0.9738195418419823,
        0.9665970772442589,
        0.9561611374407583,
        0.9547610361182051,
        0.9433129667345553,
        0.9432186891628812,
        0.9383155397390273,
        0.9251681614349776,
        0.9133623030961434,
        0.902614044079959,
        0.8970917225950783,
        0.8884405411820555,
        0.883495145631068,
        0.8740828402366864,
        0.8645224171539961,
        0.8561821003621314,
        0.8280864197530864,
        0.8056137410976121,
        0.7545030020013342,
        0.7160356347438753,
        0.6448412698412699,
        0.5090361445783133,
        0.47520661157024796,
        0.4177215189873418,
        0.25384615384615383,
        0.21518987341772153,
        0.08888888888888889,
        0.0847457627118644,
        0.02857142857142857,
        0.031746031746031744,
        0.0,
        0.02127659574468085,
        0.0
    ]
}