{
    "Bins": [
        20.0,
        21.0,
        22.0,
        23.0,
        24.0,
        25.0,
        26.0,
        27.0,
        28.0,
        29.0,
        30.0,
        31.0,
        32.0,
        33.0,
        34.0,
        35.0,
        36.0,
        37.0,
        38.0,
        39.0,
        40.0,
        41.0,
        42.0,
        43.0,
        44.0,
        45.0,
        46.0,
        47.0,
        48.0,
        49.0,
        50.0,
        51.0,
        52.0,
        53.0,
        54.0,
        55.0,
        56.0,
        57.0,
        58.0,
        59.0,
        60.0
    ],
    "Efficiency": [
        1.0,
        0.9944008958566629,
        0.9990627928772259,
        0.9973045822102425,
        0.9986004198740378,
        0.997583081570997,
        0.9959246051961284,
        0.9981299672744273,
        0.9991649269311065,
        0.9968404423380727,
        0.996716526815031,
        0.9976238968092329,
        0.9967553536664504,
        0.9976275207591934,
        0.9952354260089686,
        0.9967409016838674,
        0.996155817529472,
        0.9955257270693513,
        0.9950154284357939,
        0.9981056121240824,
        0.9959763313609468,
        0.996832358674464,
        0.9974133471288154,
        0.9959876543209877,
        0.9958106409719313,
        0.9946631087391594,
        0.9933184855233853,
        0.9900793650793651,
        0.9879518072289156,
        0.9834710743801653,
        0.9810126582278481,
        1.0,
        0.9746835443037974,
        0.9444444444444444,
        0.9322033898305084,
        0.9,
        0.8888888888888888,
        0.8666666666666667,
        0.851063829787234,
        0.9148936170212766
    ]
}