{
    "Precision": [
        0.3804945649820276,
        0.7880043227665706,
        0.8437136768694304,
        0.8789278643585969,
        0.9015636478119425,
        0.9215091066782307,
        0.9215590610939448,
        0.9355163727959698,
        0.947910005232254,
        0.9578183606960585,
        0.9664578702768236,
        0.9737017310252996,
        0.9736973530880639,
        0.973774040462909,
        1.0
    ],
    "Recall": [
        1.0,
        0.9959025722740724,
        0.9914067835192352,
        0.9853175506487594,
        0.9778055998178921,
        0.9674482130662417,
        0.9674482130662417,
        0.951115410880947,
        0.9278966537673572,
        0.8864671067607558,
        0.8165832005463237,
        0.665832005463237,
        0.6657181880264057,
        0.6656043705895743,
        0.0
    ],
    "Precision-Recall AUC": 0.9745196387313777,
    "Chance Level": 0.3804945649820276
}