{
    "Bins": [
        20.0,
        21.0,
        22.0,
        23.0,
        24.0,
        25.0,
        26.0,
        27.0,
        28.0,
        29.0,
        30.0,
        31.0,
        32.0,
        33.0,
        34.0,
        35.0,
        36.0,
        37.0,
        38.0,
        39.0,
        40.0,
        41.0,
        42.0,
        43.0,
        44.0,
        45.0,
        46.0,
        47.0,
        48.0,
        49.0,
        50.0,
        51.0,
        52.0,
        53.0,
        54.0,
        55.0,
        56.0,
        57.0,
        58.0,
        59.0,
        60.0
    ],
    "Efficiency": [
        0.9592356687898089,
        0.9419689119170984,
        0.947565543071161,
        0.9362786745964317,
        0.9073806078147613,
        0.887946698970321,
        0.8792830785450712,
        0.871830336560627,
        0.8697286012526096,
        0.863780778395552,
        0.8659536541889483,
        0.8629061049625134,
        0.8779503105590062,
        0.8767627222562845,
        0.8809523809523809,
        0.8792535675082327,
        0.8804801670146137,
        0.8862187346738597,
        0.8885727833096254,
        0.8857738646895273,
        0.8985195797516714,
        0.9035192722049318,
        0.8858795687615041,
        0.8723016114320462,
        0.8548801369863014,
        0.835530881332408,
        0.7725225225225225,
        0.738045738045738,
        0.7122093023255814,
        0.644,
        0.6790123456790124,
        0.5608108108108109,
        0.4766355140186916,
        0.449438202247191,
        0.5138888888888888,
        0.5423728813559322,
        0.41379310344827586,
        0.3673469387755102,
        0.32,
        0.3333333333333333
    ]
}