{
    "Bins": [
        20.0,
        21.0,
        22.0,
        23.0,
        24.0,
        25.0,
        26.0,
        27.0,
        28.0,
        29.0,
        30.0,
        31.0,
        32.0,
        33.0,
        34.0,
        35.0,
        36.0,
        37.0,
        38.0,
        39.0,
        40.0,
        41.0,
        42.0,
        43.0,
        44.0,
        45.0,
        46.0,
        47.0,
        48.0,
        49.0,
        50.0,
        51.0,
        52.0,
        53.0,
        54.0,
        55.0,
        56.0,
        57.0,
        58.0,
        59.0,
        60.0
    ],
    "Efficiency": [
        0.9796178343949045,
        0.9626943005181348,
        0.9784644194756554,
        0.9711129991503823,
        0.9652677279305355,
        0.9606299212598425,
        0.9504480759093306,
        0.9515905947441217,
        0.9465553235908142,
        0.938046068308181,
        0.9493761140819964,
        0.9464476972509818,
        0.9472049689440993,
        0.9463519313304721,
        0.9452947845804989,
        0.9453896816684961,
        0.9454592901878914,
        0.9482589504659147,
        0.9471313418681839,
        0.9481000926784059,
        0.941738299904489,
        0.948288245152023,
        0.9387325795424665,
        0.9276375798114929,
        0.9203767123287672,
        0.8882720333102012,
        0.8355855855855856,
        0.8336798336798337,
        0.7412790697674418,
        0.692,
        0.6666666666666666,
        0.5675675675675675,
        0.45794392523364486,
        0.33707865168539325,
        0.4166666666666667,
        0.2033898305084746,
        0.27586206896551724,
        0.24489795918367346,
        0.26,
        0.1282051282051282
    ]
}