{
    "Bins": [
        20.0,
        21.0,
        22.0,
        23.0,
        24.0,
        25.0,
        26.0,
        27.0,
        28.0,
        29.0,
        30.0,
        31.0,
        32.0,
        33.0,
        34.0,
        35.0,
        36.0,
        37.0,
        38.0,
        39.0,
        40.0,
        41.0,
        42.0,
        43.0,
        44.0,
        45.0,
        46.0,
        47.0,
        48.0,
        49.0,
        50.0,
        51.0,
        52.0,
        53.0,
        54.0,
        55.0,
        56.0,
        57.0,
        58.0,
        59.0,
        60.0
    ],
    "Efficiency": [
        0.9337579617834395,
        0.910880829015544,
        0.9166666666666666,
        0.9243840271877655,
        0.9384949348769899,
        0.9236826165960024,
        0.9214549288350027,
        0.9313047487321346,
        0.9173277661795407,
        0.9253375694996029,
        0.9240641711229947,
        0.9093181006783292,
        0.9167701863354037,
        0.9193746167995095,
        0.909297052154195,
        0.9077936333699231,
        0.9204070981210856,
        0.9195684158901423,
        0.9227121858700806,
        0.9256255792400371,
        0.9319484240687679,
        0.937036150347139,
        0.9410991322640021,
        0.9425357251444207,
        0.946917808219178,
        0.9424011103400416,
        0.9324324324324325,
        0.9438669438669439,
        0.9302325581395349,
        0.96,
        0.9259259259259259,
        0.9527027027027027,
        0.9626168224299065,
        0.9662921348314607,
        0.9305555555555556,
        0.9661016949152542,
        0.896551724137931,
        0.9591836734693877,
        0.88,
        0.9743589743589743
    ]
}