{
    "Bins": [
        20.0,
        21.0,
        22.0,
        23.0,
        24.0,
        25.0,
        26.0,
        27.0,
        28.0,
        29.0,
        30.0,
        31.0,
        32.0,
        33.0,
        34.0,
        35.0,
        36.0,
        37.0,
        38.0,
        39.0,
        40.0,
        41.0,
        42.0,
        43.0,
        44.0,
        45.0,
        46.0,
        47.0,
        48.0,
        49.0,
        50.0,
        51.0,
        52.0,
        53.0,
        54.0,
        55.0,
        56.0,
        57.0,
        58.0,
        59.0,
        60.0
    ],
    "Efficiency": [
        0.9171974522292994,
        0.9088082901554404,
        0.9101123595505618,
        0.9014443500424809,
        0.9088277858176556,
        0.8927922471229558,
        0.8719030047443331,
        0.8704472106961734,
        0.8730688935281837,
        0.8538522637013503,
        0.875222816399287,
        0.8650481970724742,
        0.8590062111801242,
        0.8749233599019006,
        0.8738662131519275,
        0.8833699231613611,
        0.8859603340292276,
        0.8921039725355566,
        0.8907064959696539,
        0.8908711770157554,
        0.8896848137535817,
        0.8929853962173809,
        0.8885090717854326,
        0.8802067497719671,
        0.865582191780822,
        0.8223455933379598,
        0.7961711711711712,
        0.7505197505197505,
        0.6947674418604651,
        0.676,
        0.5987654320987654,
        0.5135135135135135,
        0.4672897196261682,
        0.48314606741573035,
        0.4722222222222222,
        0.4067796610169492,
        0.3448275862068966,
        0.3673469387755102,
        0.38,
        0.23076923076923078
    ]
}