{
    "Bins": [
        20.0,
        21.0,
        22.0,
        23.0,
        24.0,
        25.0,
        26.0,
        27.0,
        28.0,
        29.0,
        30.0,
        31.0,
        32.0,
        33.0,
        34.0,
        35.0,
        36.0,
        37.0,
        38.0,
        39.0,
        40.0,
        41.0,
        42.0,
        43.0,
        44.0,
        45.0,
        46.0,
        47.0,
        48.0,
        49.0,
        50.0,
        51.0,
        52.0,
        53.0,
        54.0,
        55.0,
        56.0,
        57.0,
        58.0,
        59.0,
        60.0
    ],
    "Efficiency": [
        0.4878980891719745,
        0.45284974093264246,
        0.48314606741573035,
        0.5063721325403568,
        0.5477568740955138,
        0.5172622652937614,
        0.5498154981549815,
        0.5444905486399262,
        0.5519832985386222,
        0.5579825258141382,
        0.562210338680927,
        0.5687254551945734,
        0.5881987577639751,
        0.5833844267320663,
        0.5793650793650794,
        0.5826015367727772,
        0.5991649269311065,
        0.6061794997547818,
        0.6062114746325272,
        0.6024096385542169,
        0.6138968481375359,
        0.6270050275317214,
        0.6323954772547988,
        0.6442687747035574,
        0.6485445205479452,
        0.6141568355308813,
        0.6463963963963963,
        0.6403326403326404,
        0.6424418604651163,
        0.664,
        0.6358024691358025,
        0.6418918918918919,
        0.6261682242990654,
        0.5730337078651685,
        0.6388888888888888,
        0.6271186440677966,
        0.6206896551724138,
        0.6530612244897959,
        0.7,
        0.6666666666666666
    ]
}