{
    "Bins": [
        20.0,
        21.0,
        22.0,
        23.0,
        24.0,
        25.0,
        26.0,
        27.0,
        28.0,
        29.0,
        30.0,
        31.0,
        32.0,
        33.0,
        34.0,
        35.0,
        36.0,
        37.0,
        38.0,
        39.0,
        40.0,
        41.0,
        42.0,
        43.0,
        44.0,
        45.0,
        46.0,
        47.0,
        48.0,
        49.0,
        50.0,
        51.0,
        52.0,
        53.0,
        54.0,
        55.0,
        56.0,
        57.0,
        58.0,
        59.0,
        60.0
    ],
    "Efficiency": [
        0.8292993630573249,
        0.8010362694300518,
        0.8230337078651685,
        0.8232795242141037,
        0.8675832127351665,
        0.8497880072683223,
        0.8539799683711122,
        0.8621484555094514,
        0.8597077244258873,
        0.869340746624305,
        0.879144385026738,
        0.8775437343805783,
        0.8819875776397516,
        0.8920907418761496,
        0.8937074829931972,
        0.8869374313940724,
        0.8992693110647182,
        0.9068170671897989,
        0.9063537221431959,
        0.9089434661723819,
        0.919054441260745,
        0.9276993057218099,
        0.9279516171443597,
        0.9306780176345394,
        0.942208904109589,
        0.9340735600277585,
        0.9313063063063063,
        0.9501039501039501,
        0.9302325581395349,
        0.948,
        0.9135802469135802,
        0.9527027027027027,
        0.9439252336448598,
        0.9662921348314607,
        0.9027777777777778,
        0.9491525423728814,
        0.9137931034482759,
        0.9183673469387755,
        0.9,
        0.9487179487179487
    ]
}