{
    "Bins": [
        20.0,
        21.0,
        22.0,
        23.0,
        24.0,
        25.0,
        26.0,
        27.0,
        28.0,
        29.0,
        30.0,
        31.0,
        32.0,
        33.0,
        34.0,
        35.0,
        36.0,
        37.0,
        38.0,
        39.0,
        40.0,
        41.0,
        42.0,
        43.0,
        44.0,
        45.0,
        46.0,
        47.0,
        48.0,
        49.0,
        50.0,
        51.0,
        52.0,
        53.0,
        54.0,
        55.0,
        56.0,
        57.0,
        58.0,
        59.0,
        60.0
    ],
    "Efficiency": [
        0.9847133757961783,
        0.9803108808290155,
        0.9859550561797753,
        0.9855564995751912,
        0.9848046309696092,
        0.9836462749848577,
        0.9810226673695308,
        0.9741816505301982,
        0.9757828810020877,
        0.9575059571088165,
        0.9607843137254902,
        0.9553730810424849,
        0.9462732919254658,
        0.9405272838749233,
        0.9280045351473923,
        0.9163007683863886,
        0.9068371607515657,
        0.9021579205492889,
        0.8843053579895686,
        0.8725671918443003,
        0.8624641833810889,
        0.8522863299018434,
        0.8390744149355772,
        0.8111888111888111,
        0.7829623287671232,
        0.7383761276891048,
        0.7252252252252253,
        0.6465696465696466,
        0.6453488372093024,
        0.552,
        0.5432098765432098,
        0.4527027027027027,
        0.4205607476635514,
        0.29213483146067415,
        0.3055555555555556,
        0.2542372881355932,
        0.2413793103448276,
        0.12244897959183673,
        0.1,
        0.02564102564102564
    ]
}