{
    "Bins": [
        20.0,
        21.0,
        22.0,
        23.0,
        24.0,
        25.0,
        26.0,
        27.0,
        28.0,
        29.0,
        30.0,
        31.0,
        32.0,
        33.0,
        34.0,
        35.0,
        36.0,
        37.0,
        38.0,
        39.0,
        40.0,
        41.0,
        42.0,
        43.0,
        44.0,
        45.0,
        46.0,
        47.0,
        48.0,
        49.0,
        50.0,
        51.0,
        52.0,
        53.0,
        54.0,
        55.0,
        56.0,
        57.0,
        58.0,
        59.0,
        60.0
    ],
    "Efficiency": [
        0.8726114649681529,
        0.8787564766839379,
        0.8913857677902621,
        0.8988954970263382,
        0.9283646888567294,
        0.917625681405209,
        0.9204006325777544,
        0.9313047487321346,
        0.9377870563674322,
        0.9384432088959491,
        0.9518716577540107,
        0.94109246697608,
        0.9524844720496894,
        0.9610668301655426,
        0.9569160997732427,
        0.9615806805708014,
        0.9626826722338204,
        0.9664051005394801,
        0.9689426268373637,
        0.9724281742354032,
        0.9720630372492837,
        0.9782140292075653,
        0.9792269261109651,
        0.9796290665855883,
        0.9863013698630136,
        0.9770992366412213,
        0.9797297297297297,
        0.9812889812889813,
        0.9709302325581395,
        0.992,
        0.9691358024691358,
        0.9864864864864865,
        0.9719626168224299,
        1.0,
        0.9722222222222222,
        0.9661016949152542,
        0.9655172413793104,
        1.0,
        0.96,
        1.0
    ]
}