{
    "Bins": [
        20.0,
        21.0,
        22.0,
        23.0,
        24.0,
        25.0,
        26.0,
        27.0,
        28.0,
        29.0,
        30.0,
        31.0,
        32.0,
        33.0,
        34.0,
        35.0,
        36.0,
        37.0,
        38.0,
        39.0,
        40.0,
        41.0,
        42.0,
        43.0,
        44.0,
        45.0,
        46.0,
        47.0,
        48.0,
        49.0,
        50.0,
        51.0,
        52.0,
        53.0,
        54.0,
        55.0,
        56.0,
        57.0,
        58.0,
        59.0,
        60.0
    ],
    "Efficiency": [
        0.9859872611464968,
        0.9751295336787564,
        0.9887640449438202,
        0.9906542056074766,
        0.992040520984081,
        0.9933373712901272,
        0.9857670005271482,
        0.9852466574458276,
        0.9853862212943633,
        0.9864972200158856,
        0.984313725490196,
        0.976436986790432,
        0.9782608695652174,
        0.9782342121397916,
        0.9764739229024944,
        0.9720087815587267,
        0.9692066805845512,
        0.9661598822952427,
        0.9642010431484116,
        0.9550509731232623,
        0.9543935052531041,
        0.9502034953315777,
        0.9445174861951091,
        0.9355427181514138,
        0.9289383561643836,
        0.9090909090909091,
        0.884009009009009,
        0.8877338877338877,
        0.8488372093023255,
        0.848,
        0.8148148148148148,
        0.7432432432432432,
        0.719626168224299,
        0.6067415730337079,
        0.6944444444444444,
        0.4745762711864407,
        0.4482758620689655,
        0.3877551020408163,
        0.22,
        0.20512820512820512
    ]
}