{
    "Bins": [
        20.0,
        21.0,
        22.0,
        23.0,
        24.0,
        25.0,
        26.0,
        27.0,
        28.0,
        29.0,
        30.0,
        31.0,
        32.0,
        33.0,
        34.0,
        35.0,
        36.0,
        37.0,
        38.0,
        39.0,
        40.0,
        41.0,
        42.0,
        43.0,
        44.0,
        45.0,
        46.0,
        47.0,
        48.0,
        49.0,
        50.0,
        51.0,
        52.0,
        53.0,
        54.0,
        55.0,
        56.0,
        57.0,
        58.0,
        59.0,
        60.0
    ],
    "Efficiency": [
        0.4089171974522293,
        0.3616580310880829,
        0.36891385767790263,
        0.37128292268479185,
        0.38133140376266283,
        0.3361599030890369,
        0.3463363205060622,
        0.3144306131857999,
        0.3077244258872651,
        0.2930897537728356,
        0.27807486631016043,
        0.27632988218493393,
        0.2670807453416149,
        0.26456161863887184,
        0.22874149659863946,
        0.2247530186608123,
        0.2176409185803758,
        0.20720941638057871,
        0.19274537695590327,
        0.18999073215940684,
        0.1876790830945559,
        0.18410342350969594,
        0.16697344201945832,
        0.164183642444512,
        0.16481164383561644,
        0.13601665510062458,
        0.13513513513513514,
        0.1288981288981289,
        0.10465116279069768,
        0.14,
        0.08641975308641975,
        0.06756756756756757,
        0.11214953271028037,
        0.0898876404494382,
        0.08333333333333333,
        0.0847457627118644,
        0.08620689655172414,
        0.02040816326530612,
        0.06,
        0.07692307692307693
    ]
}