{
    "Bins": [
        20.0,
        21.0,
        22.0,
        23.0,
        24.0,
        25.0,
        26.0,
        27.0,
        28.0,
        29.0,
        30.0,
        31.0,
        32.0,
        33.0,
        34.0,
        35.0,
        36.0,
        37.0,
        38.0,
        39.0,
        40.0,
        41.0,
        42.0,
        43.0,
        44.0,
        45.0,
        46.0,
        47.0,
        48.0,
        49.0,
        50.0,
        51.0,
        52.0,
        53.0,
        54.0,
        55.0,
        56.0,
        57.0,
        58.0,
        59.0,
        60.0
    ],
    "Efficiency": [
        0.7031847133757961,
        0.6994818652849741,
        0.7088014981273408,
        0.7264231096006797,
        0.7264833574529667,
        0.7116898849182314,
        0.7301001581444386,
        0.7431996311664362,
        0.7240083507306889,
        0.7343129467831613,
        0.7415329768270945,
        0.7554444841128168,
        0.7546583850931677,
        0.7562844880441447,
        0.7508503401360545,
        0.7711306256860593,
        0.7664405010438413,
        0.7790583619421285,
        0.7607871028923661,
        0.7669138090824837,
        0.7803247373447947,
        0.7874072300694278,
        0.7906915592952932,
        0.806932198236546,
        0.7923801369863014,
        0.7793199167244969,
        0.7792792792792793,
        0.7775467775467776,
        0.7819767441860465,
        0.812,
        0.8209876543209876,
        0.8175675675675675,
        0.7570093457943925,
        0.7303370786516854,
        0.8055555555555556,
        0.7627118644067796,
        0.8103448275862069,
        0.8979591836734694,
        0.8,
        0.7948717948717948
    ]
}