{
    "Bins": [
        20.0,
        21.0,
        22.0,
        23.0,
        24.0,
        25.0,
        26.0,
        27.0,
        28.0,
        29.0,
        30.0,
        31.0,
        32.0,
        33.0,
        34.0,
        35.0,
        36.0,
        37.0,
        38.0,
        39.0,
        40.0,
        41.0,
        42.0,
        43.0,
        44.0,
        45.0,
        46.0,
        47.0,
        48.0,
        49.0,
        50.0,
        51.0,
        52.0,
        53.0,
        54.0,
        55.0,
        56.0,
        57.0,
        58.0,
        59.0,
        60.0
    ],
    "Efficiency": [
        0.9859872611464968,
        0.9751295336787564,
        0.9878277153558053,
        0.9889549702633815,
        0.9905933429811867,
        0.9933373712901272,
        0.9841855561412757,
        0.9843245735361917,
        0.9849686847599165,
        0.9853057982525815,
        0.9832442067736186,
        0.9753659407354516,
        0.9773291925465839,
        0.976701410177805,
        0.9750566893424036,
        0.9689901207464325,
        0.9673799582463466,
        0.9634624816086317,
        0.9630156472261735,
        0.9520389249304912,
        0.9512893982808023,
        0.9456547761551353,
        0.9403102813568236,
        0.930982061416844,
        0.9225171232876712,
        0.9077029840388618,
        0.8783783783783784,
        0.8731808731808732,
        0.8372093023255814,
        0.828,
        0.8024691358024691,
        0.7094594594594594,
        0.719626168224299,
        0.5617977528089888,
        0.5972222222222222,
        0.4576271186440678,
        0.3793103448275862,
        0.32653061224489793,
        0.2,
        0.10256410256410256
    ]
}