{
    "Bins": [
        20.0,
        21.0,
        22.0,
        23.0,
        24.0,
        25.0,
        26.0,
        27.0,
        28.0,
        29.0,
        30.0,
        31.0,
        32.0,
        33.0,
        34.0,
        35.0,
        36.0,
        37.0,
        38.0,
        39.0,
        40.0,
        41.0,
        42.0,
        43.0,
        44.0,
        45.0,
        46.0,
        47.0,
        48.0,
        49.0,
        50.0,
        51.0,
        52.0,
        53.0,
        54.0,
        55.0,
        56.0,
        57.0,
        58.0,
        59.0,
        60.0
    ],
    "Efficiency": [
        0.9834394904458599,
        0.9782383419689119,
        0.9859550561797753,
        0.983857264231096,
        0.9848046309696092,
        0.982434887946699,
        0.9710068529256721,
        0.9769479022591055,
        0.9728601252609603,
        0.9678316123907863,
        0.9714795008912656,
        0.97036772581221,
        0.9692546583850932,
        0.9690374003678724,
        0.971655328798186,
        0.9676180021953897,
        0.9671189979123174,
        0.971554683668465,
        0.9653864390706496,
        0.9647822057460612,
        0.9634670487106017,
        0.96744074694757,
        0.9608204049434657,
        0.9559136515658255,
        0.9529109589041096,
        0.9271339347675226,
        0.9009009009009009,
        0.8794178794178794,
        0.8459302325581395,
        0.836,
        0.7654320987654321,
        0.6891891891891891,
        0.616822429906542,
        0.48314606741573035,
        0.5833333333333334,
        0.423728813559322,
        0.41379310344827586,
        0.3469387755102041,
        0.22,
        0.2564102564102564
    ]
}