{
    "Bins": [
        20.0,
        21.0,
        22.0,
        23.0,
        24.0,
        25.0,
        26.0,
        27.0,
        28.0,
        29.0,
        30.0,
        31.0,
        32.0,
        33.0,
        34.0,
        35.0,
        36.0,
        37.0,
        38.0,
        39.0,
        40.0,
        41.0,
        42.0,
        43.0,
        44.0,
        45.0,
        46.0,
        47.0,
        48.0,
        49.0,
        50.0,
        51.0,
        52.0,
        53.0,
        54.0,
        55.0,
        56.0,
        57.0,
        58.0,
        59.0,
        60.0
    ],
    "Efficiency": [
        0.978343949044586,
        0.9658031088082901,
        0.9728464419475655,
        0.9728122344944775,
        0.9782923299565847,
        0.9794064203513022,
        0.9715340010542962,
        0.9695712309820194,
        0.9703549060542798,
        0.9606830818109611,
        0.9689839572192513,
        0.9653695108889683,
        0.9645962732919254,
        0.960453709380748,
        0.9620181405895691,
        0.9613062568605928,
        0.9618997912317327,
        0.9602746444335458,
        0.9575628259838787,
        0.9578313253012049,
        0.9548710601719198,
        0.9616949964089059,
        0.953457796476466,
        0.951048951048951,
        0.947345890410959,
        0.9181124219292158,
        0.8963963963963963,
        0.893970893970894,
        0.8459302325581395,
        0.796,
        0.7530864197530864,
        0.7162162162162162,
        0.5794392523364486,
        0.5280898876404494,
        0.4583333333333333,
        0.4576271186440678,
        0.27586206896551724,
        0.2857142857142857,
        0.2,
        0.1282051282051282
    ]
}