{
    "Bins": [
        20.0,
        21.0,
        22.0,
        23.0,
        24.0,
        25.0,
        26.0,
        27.0,
        28.0,
        29.0,
        30.0,
        31.0,
        32.0,
        33.0,
        34.0,
        35.0,
        36.0,
        37.0,
        38.0,
        39.0,
        40.0,
        41.0,
        42.0,
        43.0,
        44.0,
        45.0,
        46.0,
        47.0,
        48.0,
        49.0,
        50.0,
        51.0,
        52.0,
        53.0,
        54.0,
        55.0,
        56.0,
        57.0,
        58.0,
        59.0,
        60.0
    ],
    "Efficiency": [
        0.9452229299363057,
        0.9295336787564766,
        0.951310861423221,
        0.9430756159728122,
        0.9638205499276411,
        0.9563900666262871,
        0.9515023721665788,
        0.9626556016597511,
        0.955741127348643,
        0.9638602065131057,
        0.9600713012477718,
        0.9539450196358443,
        0.9527950310559006,
        0.9583077866339669,
        0.9501133786848073,
        0.9503293084522503,
        0.956419624217119,
        0.9492398234428642,
        0.9509246088193457,
        0.9476367006487488,
        0.9500955109837631,
        0.949006463969356,
        0.9510912437549304,
        0.9477044694435999,
        0.9486301369863014,
        0.9424011103400416,
        0.9369369369369369,
        0.9459459459459459,
        0.9302325581395349,
        0.956,
        0.9259259259259259,
        0.9527027027027027,
        0.9439252336448598,
        0.9550561797752809,
        0.9305555555555556,
        0.9661016949152542,
        0.896551724137931,
        0.9183673469387755,
        0.84,
        0.9743589743589743
    ]
}