{
    "Bins": [
        20.0,
        21.0,
        22.0,
        23.0,
        24.0,
        25.0,
        26.0,
        27.0,
        28.0,
        29.0,
        30.0,
        31.0,
        32.0,
        33.0,
        34.0,
        35.0,
        36.0,
        37.0,
        38.0,
        39.0,
        40.0,
        41.0,
        42.0,
        43.0,
        44.0,
        45.0,
        46.0,
        47.0,
        48.0,
        49.0,
        50.0,
        51.0,
        52.0,
        53.0,
        54.0,
        55.0,
        56.0,
        57.0,
        58.0,
        59.0,
        60.0
    ],
    "Efficiency": [
        0.9745222929936306,
        0.9585492227979274,
        0.9719101123595506,
        0.973661852166525,
        0.9768451519536903,
        0.9757722592368262,
        0.9662625197680548,
        0.9658828953434763,
        0.9607515657620042,
        0.9539316918189039,
        0.9618538324420678,
        0.9546590503391645,
        0.9559006211180124,
        0.9524831391784182,
        0.9549319727891157,
        0.9514270032930845,
        0.9485908141962421,
        0.9460519862677783,
        0.9416785206258891,
        0.9355885078776645,
        0.936007640878701,
        0.9367967440746947,
        0.9266368656323954,
        0.9194283976892672,
        0.910958904109589,
        0.8771686328938237,
        0.8490990990990991,
        0.8503118503118503,
        0.7790697674418605,
        0.756,
        0.691358024691358,
        0.6216216216216216,
        0.5700934579439252,
        0.4606741573033708,
        0.4305555555555556,
        0.3050847457627119,
        0.25862068965517243,
        0.24489795918367346,
        0.18,
        0.05128205128205128
    ]
}