{
    "Bins": [
        20.0,
        21.0,
        22.0,
        23.0,
        24.0,
        25.0,
        26.0,
        27.0,
        28.0,
        29.0,
        30.0,
        31.0,
        32.0,
        33.0,
        34.0,
        35.0,
        36.0,
        37.0,
        38.0,
        39.0,
        40.0,
        41.0,
        42.0,
        43.0,
        44.0,
        45.0,
        46.0,
        47.0,
        48.0,
        49.0,
        50.0,
        51.0,
        52.0,
        53.0,
        54.0,
        55.0,
        56.0,
        57.0,
        58.0,
        59.0,
        60.0
    ],
    "Efficiency": [
        0.9923566878980892,
        0.9896373056994818,
        0.9971910112359551,
        0.9974511469838573,
        0.9963820549927641,
        0.9957601453664445,
        0.9947285187137586,
        0.9967727063162748,
        0.9937369519832986,
        0.9948371723590151,
        0.9942959001782531,
        0.9907176008568368,
        0.9940993788819876,
        0.9904966278356836,
        0.9900793650793651,
        0.9892974753018661,
        0.9874739039665971,
        0.9865129965669446,
        0.9848269321953532,
        0.9823911028730306,
        0.9828080229226361,
        0.9827627483840077,
        0.9776492242966079,
        0.9750684098510185,
        0.978595890410959,
        0.9680777238029147,
        0.9650900900900901,
        0.9667359667359667,
        0.9534883720930233,
        0.964,
        0.9382716049382716,
        0.9594594594594594,
        0.9626168224299065,
        0.9662921348314607,
        0.9305555555555556,
        0.9661016949152542,
        0.896551724137931,
        0.9795918367346939,
        0.92,
        1.0
    ]
}