{
    "Bins": [
        20.0,
        21.0,
        22.0,
        23.0,
        24.0,
        25.0,
        26.0,
        27.0,
        28.0,
        29.0,
        30.0,
        31.0,
        32.0,
        33.0,
        34.0,
        35.0,
        36.0,
        37.0,
        38.0,
        39.0,
        40.0,
        41.0,
        42.0,
        43.0,
        44.0,
        45.0,
        46.0,
        47.0,
        48.0,
        49.0,
        50.0,
        51.0,
        52.0,
        53.0,
        54.0,
        55.0,
        56.0,
        57.0,
        58.0,
        59.0,
        60.0
    ],
    "Efficiency": [
        0.9808917197452229,
        0.9626943005181348,
        0.9765917602996255,
        0.9779099405267629,
        0.9768451519536903,
        0.9757722592368262,
        0.9731154454401687,
        0.9677270631627478,
        0.9657620041753654,
        0.9555202541699762,
        0.9672014260249554,
        0.9642984648339878,
        0.9661490683229814,
        0.9647455548743102,
        0.9617346938775511,
        0.9585620197585072,
        0.9585073068893528,
        0.9612555174104953,
        0.957325746799431,
        0.9564411492122336,
        0.9551098376313276,
        0.9624132152262389,
        0.9545095976860374,
        0.9474004256612952,
        0.9434931506849316,
        0.9139486467730743,
        0.8862612612612613,
        0.8669438669438669,
        0.8284883720930233,
        0.808,
        0.7222222222222222,
        0.6351351351351351,
        0.6074766355140186,
        0.43820224719101125,
        0.3888888888888889,
        0.3050847457627119,
        0.29310344827586204,
        0.20408163265306123,
        0.06,
        0.02564102564102564
    ]
}