{
    "Bins": [
        20.0,
        21.0,
        22.0,
        23.0,
        24.0,
        25.0,
        26.0,
        27.0,
        28.0,
        29.0,
        30.0,
        31.0,
        32.0,
        33.0,
        34.0,
        35.0,
        36.0,
        37.0,
        38.0,
        39.0,
        40.0,
        41.0,
        42.0,
        43.0,
        44.0,
        45.0,
        46.0,
        47.0,
        48.0,
        49.0,
        50.0,
        51.0,
        52.0,
        53.0,
        54.0,
        55.0,
        56.0,
        57.0,
        58.0,
        59.0,
        60.0
    ],
    "Efficiency": [
        0.9872611464968153,
        0.9772020725388602,
        0.9859550561797753,
        0.9804587935429057,
        0.9768451519536903,
        0.9794064203513022,
        0.9704797047970479,
        0.9672660212079299,
        0.9590814196242171,
        0.9551231135822081,
        0.9557932263814617,
        0.9603712959657266,
        0.9590062111801242,
        0.9619865113427345,
        0.9603174603174603,
        0.9637760702524698,
        0.9616388308977035,
        0.9627268268759196,
        0.9608819345661451,
        0.9629286376274329,
        0.9565425023877746,
        0.9648072779506823,
        0.948198790428609,
        0.9501368197020371,
        0.9426369863013698,
        0.9208882720333103,
        0.8952702702702703,
        0.8586278586278586,
        0.813953488372093,
        0.768,
        0.7283950617283951,
        0.668918918918919,
        0.5233644859813084,
        0.5393258426966292,
        0.5416666666666666,
        0.4915254237288136,
        0.3103448275862069,
        0.3469387755102041,
        0.28,
        0.23076923076923078
    ]
}