{
    "Precision": [
        0.40952827069326575,
        1.0
    ],
    "Recall": [
        1.0,
        0.0
    ],
    "Precision-Recall AUC": 0.7047641353466328,
    "Chance Level": 0.40952827069326575
}