{
    "Precision": [
        0.40952827069326575,
        0.8442439454582457,
        0.843669303602902,
        1.0
    ],
    "Recall": [
        1.0,
        0.8373366705690795,
        0.8309313309918857,
        0.0
    ],
    "Precision-Recall AUC": 0.873358504457956,
    "Chance Level": 0.40952827069326575
}