{
    "Precision": [
        0.40952827069326575,
        0.7709794259481543,
        0.8288011104042565,
        0.8618514291447706,
        0.8864526910222427,
        0.9086650538816802,
        1.0
    ],
    "Recall": [
        1.0,
        0.9853323106320563,
        0.9642189118996676,
        0.9247103467764725,
        0.8280381629055481,
        0.5559861666195686,
        0.0
    ],
    "Precision-Recall AUC": 0.9182282453017899,
    "Chance Level": 0.40952827069326575
}