{
    "False Positive Rate": [
        0.0,
        0.08187816737752807,
        0.15842720748131073,
        0.21849421822356202,
        0.2742493956900333,
        0.35131174927902786,
        1.0
    ],
    "True Positive Rate": [
        0.0,
        0.6243322164358861,
        0.9044447135763595,
        0.9764375008410372,
        0.9928141778692826,
        0.9981429897864438,
        1.0
    ],
    "ROC AUC": 0.9202601296060477
}