{
    "Bins": [
        20.0,
        21.0,
        22.0,
        23.0,
        24.0,
        25.0,
        26.0,
        27.0,
        28.0,
        29.0,
        30.0,
        31.0,
        32.0,
        33.0,
        34.0,
        35.0,
        36.0,
        37.0,
        38.0,
        39.0,
        40.0,
        41.0,
        42.0,
        43.0,
        44.0,
        45.0,
        46.0,
        47.0,
        48.0,
        49.0,
        50.0,
        51.0,
        52.0,
        53.0,
        54.0,
        55.0,
        56.0,
        57.0,
        58.0,
        59.0,
        60.0
    ],
    "Efficiency": [
        0.602803738317757,
        0.6153846153846154,
        0.6872852233676976,
        0.7491749174917491,
        0.7592137592137592,
        0.7985781990521327,
        0.8183908045977012,
        0.8404040404040404,
        0.8336192109777015,
        0.8803827751196173,
        0.8890532544378699,
        0.913769123783032,
        0.9027027027027027,
        0.9152317880794701,
        0.9064398541919806,
        0.9038004750593824,
        0.9325714285714286,
        0.9344262295081968,
        0.9328436516264428,
        0.9351184346035015,
        0.9494204425711275,
        0.9399367755532139,
        0.946448087431694,
        0.943717277486911,
        0.9276672694394213,
        0.9333333333333333,
        0.9289940828402367,
        0.916030534351145,
        0.9090909090909091,
        0.9444444444444444,
        0.9583333333333334,
        0.9090909090909091,
        0.8571428571428571,
        0.9444444444444444,
        0.9473684210526315,
        0.8333333333333334,
        0.8,
        1.0,
        0.875,
        1.0
    ]
}