{
    "Bins": [
        20.0,
        21.0,
        22.0,
        23.0,
        24.0,
        25.0,
        26.0,
        27.0,
        28.0,
        29.0,
        30.0,
        31.0,
        32.0,
        33.0,
        34.0,
        35.0,
        36.0,
        37.0,
        38.0,
        39.0,
        40.0,
        41.0,
        42.0,
        43.0,
        44.0,
        45.0,
        46.0,
        47.0,
        48.0,
        49.0,
        50.0,
        51.0,
        52.0,
        53.0,
        54.0,
        55.0,
        56.0,
        57.0,
        58.0,
        59.0,
        60.0
    ],
    "Efficiency": [
        0.9171974522292994,
        0.9119170984455959,
        0.9194756554307116,
        0.9303313508920985,
        0.9298118668596237,
        0.9345850999394306,
        0.9430680021085925,
        0.9372982941447672,
        0.939874739039666,
        0.9305003971405877,
        0.9365418894830659,
        0.9289539450196358,
        0.9422360248447205,
        0.9435928877988964,
        0.9370748299319728,
        0.9344127332601537,
        0.9308455114822547,
        0.9386954389406572,
        0.9378852536747273,
        0.9318813716404077,
        0.9383954154727794,
        0.9396696193440268,
        0.9463581383118591,
        0.9425357251444207,
        0.9477739726027398,
        0.9368494101318529,
        0.9391891891891891,
        0.9501039501039501,
        0.936046511627907,
        0.924,
        0.9629629629629629,
        0.9324324324324325,
        0.9626168224299065,
        0.9550561797752809,
        0.9166666666666666,
        0.9491525423728814,
        0.896551724137931,
        0.8571428571428571,
        0.92,
        0.9230769230769231
    ]
}