{
    "Bins": [
        20.0,
        21.0,
        22.0,
        23.0,
        24.0,
        25.0,
        26.0,
        27.0,
        28.0,
        29.0,
        30.0,
        31.0,
        32.0,
        33.0,
        34.0,
        35.0,
        36.0,
        37.0,
        38.0,
        39.0,
        40.0,
        41.0,
        42.0,
        43.0,
        44.0,
        45.0,
        46.0,
        47.0,
        48.0,
        49.0,
        50.0,
        51.0,
        52.0,
        53.0,
        54.0,
        55.0,
        56.0,
        57.0,
        58.0,
        59.0,
        60.0
    ],
    "Efficiency": [
        0.9949044585987261,
        0.9948186528497409,
        0.9915730337078652,
        0.9855564995751912,
        0.9855282199710564,
        0.9775893397940641,
        0.9673168160253031,
        0.9598893499308437,
        0.9653444676409186,
        0.9646544876886418,
        0.9668449197860962,
        0.9671545876472688,
        0.9791925465838509,
        0.977621091354997,
        0.9776077097505669,
        0.9783205268935236,
        0.9830375782881002,
        0.9840608141245709,
        0.98316737790422,
        0.9849397590361446,
        0.9851957975167144,
        0.9892267177400048,
        0.9823823297396792,
        0.9847978108847674,
        0.980736301369863,
        0.9687716863289383,
        0.9718468468468469,
        0.9771309771309772,
        0.9505813953488372,
        0.936,
        0.8765432098765432,
        0.8716216216216216,
        0.8504672897196262,
        0.7640449438202247,
        0.8333333333333334,
        0.7966101694915254,
        0.7586206896551724,
        0.8571428571428571,
        0.78,
        0.5897435897435898
    ]
}