{
    "Bins": [
        20.0,
        21.0,
        22.0,
        23.0,
        24.0,
        25.0,
        26.0,
        27.0,
        28.0,
        29.0,
        30.0,
        31.0,
        32.0,
        33.0,
        34.0,
        35.0,
        36.0,
        37.0,
        38.0,
        39.0,
        40.0,
        41.0,
        42.0,
        43.0,
        44.0,
        45.0,
        46.0,
        47.0,
        48.0,
        49.0,
        50.0,
        51.0,
        52.0,
        53.0,
        54.0,
        55.0,
        56.0,
        57.0,
        58.0,
        59.0,
        60.0
    ],
    "Efficiency": [
        0.9605095541401274,
        0.9295336787564766,
        0.950374531835206,
        0.9617672047578589,
        0.9558610709117221,
        0.9630526953361599,
        0.974169741697417,
        0.9658828953434763,
        0.9711899791231733,
        0.9662430500397141,
        0.9639928698752228,
        0.9632274187790075,
        0.9664596273291925,
        0.9687308399754752,
        0.9631519274376418,
        0.9684412733260154,
        0.9637265135699373,
        0.9686120647376165,
        0.96633475580844,
        0.9684893419833179,
        0.9653772683858644,
        0.9679195594924587,
        0.9721272679463582,
        0.965947096381879,
        0.9700342465753424,
        0.9562803608605135,
        0.9740990990990991,
        0.975051975051975,
        0.9534883720930233,
        0.956,
        0.9506172839506173,
        0.972972972972973,
        0.9532710280373832,
        0.9775280898876404,
        0.9861111111111112,
        0.9661016949152542,
        0.9655172413793104,
        0.9591836734693877,
        0.96,
        0.9743589743589743
    ]
}