{
    "Bins": [
        20.0,
        21.0,
        22.0,
        23.0,
        24.0,
        25.0,
        26.0,
        27.0,
        28.0,
        29.0,
        30.0,
        31.0,
        32.0,
        33.0,
        34.0,
        35.0,
        36.0,
        37.0,
        38.0,
        39.0,
        40.0,
        41.0,
        42.0,
        43.0,
        44.0,
        45.0,
        46.0,
        47.0,
        48.0,
        49.0,
        50.0,
        51.0,
        52.0,
        53.0,
        54.0,
        55.0,
        56.0,
        57.0,
        58.0,
        59.0,
        60.0
    ],
    "Efficiency": [
        0.8764331210191083,
        0.8528497409326425,
        0.8773408239700374,
        0.8836023789294817,
        0.9008683068017366,
        0.9091459721380981,
        0.9214549288350027,
        0.9280774550484094,
        0.9156576200417537,
        0.9209690230341541,
        0.9265597147950089,
        0.9275258836129954,
        0.9366459627329192,
        0.9347026364193746,
        0.9356575963718821,
        0.9390779363336992,
        0.9384133611691023,
        0.9462972045120157,
        0.9459459459459459,
        0.9455514365152919,
        0.9496179560649475,
        0.9509217141489107,
        0.9545095976860374,
        0.9537853450896929,
        0.9653253424657534,
        0.9437890353920888,
        0.9605855855855856,
        0.9563409563409564,
        0.9534883720930233,
        0.944,
        0.9382716049382716,
        0.9459459459459459,
        0.9626168224299065,
        0.9438202247191011,
        0.9444444444444444,
        0.9830508474576272,
        0.9482758620689655,
        0.9183673469387755,
        0.94,
        0.9743589743589743
    ]
}