{
    "Bins": [
        20.0,
        21.0,
        22.0,
        23.0,
        24.0,
        25.0,
        26.0,
        27.0,
        28.0,
        29.0,
        30.0,
        31.0,
        32.0,
        33.0,
        34.0,
        35.0,
        36.0,
        37.0,
        38.0,
        39.0,
        40.0,
        41.0,
        42.0,
        43.0,
        44.0,
        45.0,
        46.0,
        47.0,
        48.0,
        49.0,
        50.0,
        51.0,
        52.0,
        53.0,
        54.0,
        55.0,
        56.0,
        57.0,
        58.0,
        59.0,
        60.0
    ],
    "Efficiency": [
        0.8101910828025478,
        0.8,
        0.8286516853932584,
        0.8453695836873407,
        0.8567293777134588,
        0.87038158691702,
        0.8903531892461781,
        0.8981097279852467,
        0.8855949895615867,
        0.8895949166004765,
        0.8998217468805704,
        0.9003927168868261,
        0.9139751552795031,
        0.9181483752299203,
        0.9169501133786848,
        0.9206915477497256,
        0.9149269311064718,
        0.9276606179499755,
        0.9262683736367947,
        0.9253938832252085,
        0.9319484240687679,
        0.9351209001675844,
        0.939521430449645,
        0.9428397689267255,
        0.9507705479452054,
        0.9292158223455933,
        0.9470720720720721,
        0.9521829521829522,
        0.936046511627907,
        0.928,
        0.9074074074074074,
        0.9391891891891891,
        0.9345794392523364,
        0.9438202247191011,
        0.9444444444444444,
        0.9830508474576272,
        0.9310344827586207,
        0.9183673469387755,
        0.94,
        0.9743589743589743
    ]
}