{
    "Bins": [
        20.0,
        21.0,
        22.0,
        23.0,
        24.0,
        25.0,
        26.0,
        27.0,
        28.0,
        29.0,
        30.0,
        31.0,
        32.0,
        33.0,
        34.0,
        35.0,
        36.0,
        37.0,
        38.0,
        39.0,
        40.0,
        41.0,
        42.0,
        43.0,
        44.0,
        45.0,
        46.0,
        47.0,
        48.0,
        49.0,
        50.0,
        51.0,
        52.0,
        53.0,
        54.0,
        55.0,
        56.0,
        57.0,
        58.0,
        59.0,
        60.0
    ],
    "Efficiency": [
        0.9707006369426752,
        0.9585492227979274,
        0.9681647940074907,
        0.9685641461342396,
        0.975397973950796,
        0.9794064203513022,
        0.9768054823405377,
        0.9718764407561088,
        0.978705636743215,
        0.9789515488482923,
        0.9807486631016042,
        0.9778650481970724,
        0.9819875776397515,
        0.9770079705702023,
        0.9767573696145124,
        0.9783205268935236,
        0.9767745302713987,
        0.9779303580186366,
        0.9758179231863442,
        0.9749768303985171,
        0.975883476599809,
        0.9798898731146756,
        0.9765974230870366,
        0.9714198844633627,
        0.9743150684931506,
        0.9680777238029147,
        0.9797297297297297,
        0.9708939708939709,
        0.9622093023255814,
        0.944,
        0.9506172839506173,
        0.972972972972973,
        0.9439252336448598,
        0.9213483146067416,
        0.8888888888888888,
        0.9661016949152542,
        0.9310344827586207,
        0.9183673469387755,
        0.88,
        1.0
    ]
}