{
    "Bins": [
        20.0,
        21.0,
        22.0,
        23.0,
        24.0,
        25.0,
        26.0,
        27.0,
        28.0,
        29.0,
        30.0,
        31.0,
        32.0,
        33.0,
        34.0,
        35.0,
        36.0,
        37.0,
        38.0,
        39.0,
        40.0,
        41.0,
        42.0,
        43.0,
        44.0,
        45.0,
        46.0,
        47.0,
        48.0,
        49.0,
        50.0,
        51.0,
        52.0,
        53.0,
        54.0,
        55.0,
        56.0,
        57.0,
        58.0,
        59.0,
        60.0
    ],
    "Efficiency": [
        0.9121019108280255,
        0.9191709844559586,
        0.9194756554307116,
        0.9082412914188616,
        0.9196816208393632,
        0.9109630526953362,
        0.9161834475487612,
        0.9077916090364223,
        0.911482254697286,
        0.9078633836378078,
        0.8987522281639929,
        0.9014637629418065,
        0.9062111801242236,
        0.9107909258123851,
        0.8962585034013606,
        0.9025795828759605,
        0.8940501043841336,
        0.9048553212359,
        0.8935514461830252,
        0.8936515291936978,
        0.897803247373448,
        0.9018434282978214,
        0.8992900341835394,
        0.8981453329279416,
        0.8886986301369864,
        0.9007633587786259,
        0.8952702702702703,
        0.9043659043659044,
        0.9040697674418605,
        0.896,
        0.8703703703703703,
        0.8986486486486487,
        0.8130841121495327,
        0.7865168539325843,
        0.8888888888888888,
        0.864406779661017,
        0.896551724137931,
        0.9183673469387755,
        0.94,
        0.9230769230769231
    ]
}