{
    "Bins": [
        20.0,
        21.0,
        22.0,
        23.0,
        24.0,
        25.0,
        26.0,
        27.0,
        28.0,
        29.0,
        30.0,
        31.0,
        32.0,
        33.0,
        34.0,
        35.0,
        36.0,
        37.0,
        38.0,
        39.0,
        40.0,
        41.0,
        42.0,
        43.0,
        44.0,
        45.0,
        46.0,
        47.0,
        48.0,
        49.0,
        50.0,
        51.0,
        52.0,
        53.0,
        54.0,
        55.0,
        56.0,
        57.0,
        58.0,
        59.0,
        60.0
    ],
    "Efficiency": [
        0.9936305732484076,
        0.9937823834196892,
        0.9897003745318352,
        0.983857264231096,
        0.9826338639652678,
        0.9800121138703816,
        0.9646810753821824,
        0.9608114338404795,
        0.9686847599164927,
        0.9634630659253376,
        0.966488413547237,
        0.9675116029989289,
        0.9782608695652174,
        0.977621091354997,
        0.9759070294784581,
        0.9799670691547749,
        0.9809498956158664,
        0.9835703776360961,
        0.9815078236130867,
        0.9849397590361446,
        0.9844794651384909,
        0.9882690926502274,
        0.9834341309492506,
        0.9844937671024627,
        0.9755993150684932,
        0.9715475364330326,
        0.9695945945945946,
        0.975051975051975,
        0.9505813953488372,
        0.952,
        0.845679012345679,
        0.8445945945945946,
        0.8411214953271028,
        0.7303370786516854,
        0.7777777777777778,
        0.7627118644067796,
        0.7931034482758621,
        0.7959183673469388,
        0.74,
        0.5897435897435898
    ]
}