{
    "Bins": [
        20.0,
        21.0,
        22.0,
        23.0,
        24.0,
        25.0,
        26.0,
        27.0,
        28.0,
        29.0,
        30.0,
        31.0,
        32.0,
        33.0,
        34.0,
        35.0,
        36.0,
        37.0,
        38.0,
        39.0,
        40.0,
        41.0,
        42.0,
        43.0,
        44.0,
        45.0,
        46.0,
        47.0,
        48.0,
        49.0,
        50.0,
        51.0,
        52.0,
        53.0,
        54.0,
        55.0,
        56.0,
        57.0,
        58.0,
        59.0,
        60.0
    ],
    "Efficiency": [
        0.9974522292993631,
        0.9917098445595854,
        0.9850187265917603,
        0.9796091758708582,
        0.9811866859623734,
        0.9763779527559056,
        0.9641539272535582,
        0.9580451821115722,
        0.9611691022964509,
        0.9626687847498014,
        0.9622103386809269,
        0.9603712959657266,
        0.9726708074534162,
        0.9739423666462294,
        0.9750566893424036,
        0.9766739846322722,
        0.9786012526096033,
        0.9813634134379597,
        0.980796586059744,
        0.9812326227988879,
        0.9820916905444126,
        0.9846779985635624,
        0.9794898764133578,
        0.9838856795378534,
        0.9743150684931506,
        0.9666897987508675,
        0.9740990990990991,
        0.972972972972973,
        0.9331395348837209,
        0.94,
        0.8580246913580247,
        0.8648648648648649,
        0.8411214953271028,
        0.7752808988764045,
        0.7638888888888888,
        0.7796610169491526,
        0.6724137931034483,
        0.7959183673469388,
        0.84,
        0.6923076923076923
    ]
}