{
    "Bins": [
        20.0,
        21.0,
        22.0,
        23.0,
        24.0,
        25.0,
        26.0,
        27.0,
        28.0,
        29.0,
        30.0,
        31.0,
        32.0,
        33.0,
        34.0,
        35.0,
        36.0,
        37.0,
        38.0,
        39.0,
        40.0,
        41.0,
        42.0,
        43.0,
        44.0,
        45.0,
        46.0,
        47.0,
        48.0,
        49.0,
        50.0,
        51.0,
        52.0,
        53.0,
        54.0,
        55.0,
        56.0,
        57.0,
        58.0,
        59.0,
        60.0
    ],
    "Efficiency": [
        0.978343949044586,
        0.9709844559585492,
        0.9840823970037453,
        0.9813084112149533,
        0.9848046309696092,
        0.9884918231374924,
        0.9847127042698999,
        0.9838635315813739,
        0.9832985386221295,
        0.9861000794281175,
        0.9878787878787879,
        0.9860764012852553,
        0.9888198757763975,
        0.9865113427345187,
        0.98781179138322,
        0.9871020856201976,
        0.985125260960334,
        0.9874938695438941,
        0.9888572783309626,
        0.9856348470806302,
        0.9890162368672397,
        0.9894661240124492,
        0.9881672363923218,
        0.986013986013986,
        0.9875856164383562,
        0.9784871616932685,
        0.9819819819819819,
        0.9812889812889813,
        0.9651162790697675,
        0.944,
        0.9506172839506173,
        0.972972972972973,
        0.9439252336448598,
        0.9325842696629213,
        0.9166666666666666,
        0.9661016949152542,
        0.8793103448275862,
        0.8571428571428571,
        0.84,
        0.7692307692307693
    ]
}