{
    "Bins": [
        20.0,
        21.0,
        22.0,
        23.0,
        24.0,
        25.0,
        26.0,
        27.0,
        28.0,
        29.0,
        30.0,
        31.0,
        32.0,
        33.0,
        34.0,
        35.0,
        36.0,
        37.0,
        38.0,
        39.0,
        40.0,
        41.0,
        42.0,
        43.0,
        44.0,
        45.0,
        46.0,
        47.0,
        48.0,
        49.0,
        50.0,
        51.0,
        52.0,
        53.0,
        54.0,
        55.0,
        56.0,
        57.0,
        58.0,
        59.0,
        60.0
    ],
    "Efficiency": [
        0.9910828025477707,
        0.983419689119171,
        0.9840823970037453,
        0.9711129991503823,
        0.9609261939218524,
        0.9545729860690491,
        0.9430680021085925,
        0.9336099585062241,
        0.9294363256784969,
        0.9340746624305004,
        0.9401069518716577,
        0.9393073902177793,
        0.9565217391304348,
        0.9601471489883507,
        0.9583333333333334,
        0.9596597145993414,
        0.9665970772442589,
        0.9698381559588033,
        0.9660976766239924,
        0.9712696941612604,
        0.9677650429799427,
        0.9789322480248982,
        0.9700236655272153,
        0.9677713590757069,
        0.9683219178082192,
        0.9396252602359473,
        0.9504504504504504,
        0.9334719334719335,
        0.8837209302325582,
        0.86,
        0.7530864197530864,
        0.7567567567567568,
        0.7570093457943925,
        0.6179775280898876,
        0.6388888888888888,
        0.5932203389830508,
        0.5344827586206896,
        0.6122448979591837,
        0.7,
        0.5384615384615384
    ]
}