{
    "Bins": [
        20.0,
        21.0,
        22.0,
        23.0,
        24.0,
        25.0,
        26.0,
        27.0,
        28.0,
        29.0,
        30.0,
        31.0,
        32.0,
        33.0,
        34.0,
        35.0,
        36.0,
        37.0,
        38.0,
        39.0,
        40.0,
        41.0,
        42.0,
        43.0,
        44.0,
        45.0,
        46.0,
        47.0,
        48.0,
        49.0,
        50.0,
        51.0,
        52.0,
        53.0,
        54.0,
        55.0,
        56.0,
        57.0,
        58.0,
        59.0,
        60.0
    ],
    "Efficiency": [
        0.9630573248407643,
        0.9492227979274611,
        0.9578651685393258,
        0.9303313508920985,
        0.914616497829233,
        0.8776499091459722,
        0.8845545598313126,
        0.8626094974642693,
        0.8609603340292276,
        0.8633836378077839,
        0.8663101604278075,
        0.8811138878971796,
        0.8925465838509317,
        0.8923973022685469,
        0.9041950113378685,
        0.9146542261251372,
        0.9222338204592901,
        0.9212849435998038,
        0.9250829777145566,
        0.9244670991658943,
        0.9243075453677173,
        0.9332056499880297,
        0.9284775177491454,
        0.9267254484645789,
        0.9169520547945206,
        0.897293546148508,
        0.8963963963963963,
        0.8711018711018711,
        0.8517441860465116,
        0.824,
        0.7469135802469136,
        0.6959459459459459,
        0.6355140186915887,
        0.6292134831460674,
        0.6805555555555556,
        0.5423728813559322,
        0.5862068965517241,
        0.5510204081632653,
        0.54,
        0.5641025641025641
    ]
}