{
    "Bins": [
        20.0,
        21.0,
        22.0,
        23.0,
        24.0,
        25.0,
        26.0,
        27.0,
        28.0,
        29.0,
        30.0,
        31.0,
        32.0,
        33.0,
        34.0,
        35.0,
        36.0,
        37.0,
        38.0,
        39.0,
        40.0,
        41.0,
        42.0,
        43.0,
        44.0,
        45.0,
        46.0,
        47.0,
        48.0,
        49.0,
        50.0,
        51.0,
        52.0,
        53.0,
        54.0,
        55.0,
        56.0,
        57.0,
        58.0,
        59.0,
        60.0
    ],
    "Efficiency": [
        0.9796178343949045,
        0.9792746113989638,
        0.9625468164794008,
        0.935429056924384,
        0.9319826338639653,
        0.887946698970321,
        0.8766473379019505,
        0.8492392807745505,
        0.8413361169102297,
        0.8530579825258141,
        0.8755793226381462,
        0.8925383791503034,
        0.8984472049689441,
        0.8957694665849172,
        0.9169501133786848,
        0.9256311745334797,
        0.925365344467641,
        0.9342815105443845,
        0.929113323850166,
        0.9376737720111215,
        0.9343361986628462,
        0.9494852765142446,
        0.9416250328687878,
        0.9367588932806324,
        0.9238013698630136,
        0.9070090215128384,
        0.8963963963963963,
        0.8544698544698545,
        0.7936046511627907,
        0.816,
        0.6666666666666666,
        0.6959459459459459,
        0.7570093457943925,
        0.6404494382022472,
        0.5416666666666666,
        0.5932203389830508,
        0.6206896551724138,
        0.7551020408163265,
        0.58,
        0.6153846153846154
    ]
}