{
    "Bins": [
        20.0,
        21.0,
        22.0,
        23.0,
        24.0,
        25.0,
        26.0,
        27.0,
        28.0,
        29.0,
        30.0,
        31.0,
        32.0,
        33.0,
        34.0,
        35.0,
        36.0,
        37.0,
        38.0,
        39.0,
        40.0,
        41.0,
        42.0,
        43.0,
        44.0,
        45.0,
        46.0,
        47.0,
        48.0,
        49.0,
        50.0,
        51.0,
        52.0,
        53.0,
        54.0,
        55.0,
        56.0,
        57.0,
        58.0,
        59.0,
        60.0
    ],
    "Efficiency": [
        0.9949044585987261,
        0.9906735751295337,
        0.9915730337078652,
        0.9932030586236194,
        0.9956584659913169,
        0.9957601453664445,
        0.9947285187137586,
        0.9921622867680959,
        0.9991649269311065,
        0.9912629070691025,
        0.9928698752228164,
        0.9935737236701179,
        0.9928571428571429,
        0.9932556713672593,
        0.9917800453514739,
        0.9909440175631175,
        0.9887787056367432,
        0.991417361451692,
        0.9890943575154102,
        0.9886468952734013,
        0.9873447946513849,
        0.9889873114675605,
        0.989744938206679,
        0.9857099422316814,
        0.9850171232876712,
        0.9729354614850798,
        0.9842342342342343,
        0.9896049896049897,
        0.9709302325581395,
        0.968,
        0.9506172839506173,
        0.9864864864864865,
        0.9532710280373832,
        0.9662921348314607,
        0.9722222222222222,
        0.9830508474576272,
        0.9482758620689655,
        0.8979591836734694,
        0.94,
        0.9230769230769231
    ]
}