{
    "Bins": [
        20.0,
        21.0,
        22.0,
        23.0,
        24.0,
        25.0,
        26.0,
        27.0,
        28.0,
        29.0,
        30.0,
        31.0,
        32.0,
        33.0,
        34.0,
        35.0,
        36.0,
        37.0,
        38.0,
        39.0,
        40.0,
        41.0,
        42.0,
        43.0,
        44.0,
        45.0,
        46.0,
        47.0,
        48.0,
        49.0,
        50.0,
        51.0,
        52.0,
        53.0,
        54.0,
        55.0,
        56.0,
        57.0,
        58.0,
        59.0,
        60.0
    ],
    "Efficiency": [
        0.5770700636942675,
        0.566839378238342,
        0.5664794007490637,
        0.6151231945624469,
        0.64616497829233,
        0.6347668079951545,
        0.6573537163943068,
        0.677731673582296,
        0.6580375782881002,
        0.6771247021445592,
        0.6934046345811051,
        0.6918957515173152,
        0.7086956521739131,
        0.7072348252605763,
        0.7086167800453514,
        0.6904500548847421,
        0.7072025052192067,
        0.7157920549288868,
        0.7183499288762447,
        0.7066728452270621,
        0.7184813753581661,
        0.7282738807756763,
        0.7362608466999737,
        0.7366980845241715,
        0.747431506849315,
        0.732824427480916,
        0.7297297297297297,
        0.7110187110187111,
        0.7151162790697675,
        0.724,
        0.7469135802469136,
        0.7364864864864865,
        0.7570093457943925,
        0.7191011235955056,
        0.7361111111111112,
        0.7966101694915254,
        0.6379310344827587,
        0.6122448979591837,
        0.76,
        0.7692307692307693
    ]
}