{
    "Bins": [
        20.0,
        21.0,
        22.0,
        23.0,
        24.0,
        25.0,
        26.0,
        27.0,
        28.0,
        29.0,
        30.0,
        31.0,
        32.0,
        33.0,
        34.0,
        35.0,
        36.0,
        37.0,
        38.0,
        39.0,
        40.0,
        41.0,
        42.0,
        43.0,
        44.0,
        45.0,
        46.0,
        47.0,
        48.0,
        49.0,
        50.0,
        51.0,
        52.0,
        53.0,
        54.0,
        55.0,
        56.0,
        57.0,
        58.0,
        59.0,
        60.0
    ],
    "Efficiency": [
        0.9210191082802548,
        0.9088082901554404,
        0.9382022471910112,
        0.9311809685641461,
        0.947178002894356,
        0.9515445184736523,
        0.9578281497100686,
        0.954817888427847,
        0.9528183716075157,
        0.9527402700555997,
        0.9565062388591801,
        0.9560871117458051,
        0.9652173913043478,
        0.9653586756591048,
        0.9625850340136054,
        0.964324917672887,
        0.9634655532359081,
        0.9713094654242276,
        0.9691797060218112,
        0.9710379981464319,
        0.9687201528175741,
        0.9715106535791238,
        0.9731790691559296,
        0.9744603222864092,
        0.9790239726027398,
        0.9604441360166551,
        0.9786036036036037,
        0.972972972972973,
        0.9709302325581395,
        0.96,
        0.9753086419753086,
        0.9662162162162162,
        0.9626168224299065,
        0.9662921348314607,
        0.9861111111111112,
        0.9830508474576272,
        0.9827586206896551,
        0.9387755102040817,
        0.94,
        1.0
    ]
}