{
    "Bins": [
        20.0,
        21.0,
        22.0,
        23.0,
        24.0,
        25.0,
        26.0,
        27.0,
        28.0,
        29.0,
        30.0,
        31.0,
        32.0,
        33.0,
        34.0,
        35.0,
        36.0,
        37.0,
        38.0,
        39.0,
        40.0,
        41.0,
        42.0,
        43.0,
        44.0,
        45.0,
        46.0,
        47.0,
        48.0,
        49.0,
        50.0,
        51.0,
        52.0,
        53.0,
        54.0,
        55.0,
        56.0,
        57.0,
        58.0,
        59.0,
        60.0
    ],
    "Efficiency": [
        0.8101910828025478,
        0.7968911917098446,
        0.8230337078651685,
        0.8377230246389125,
        0.8480463096960926,
        0.8612961841308298,
        0.8719030047443331,
        0.8769017980636238,
        0.8663883089770354,
        0.8745035742652899,
        0.881283422459893,
        0.8832559800071403,
        0.9012422360248448,
        0.9058859595340282,
        0.9058956916099773,
        0.9086169045005489,
        0.9055323590814196,
        0.9195684158901423,
        0.9165481270744429,
        0.9170528266913809,
        0.9238299904489016,
        0.929853962173809,
        0.9282145674467526,
        0.931894192763758,
        0.9366438356164384,
        0.9132546842470507,
        0.9279279279279279,
        0.9230769230769231,
        0.8866279069767442,
        0.876,
        0.8148148148148148,
        0.8175675675675675,
        0.794392523364486,
        0.7528089887640449,
        0.7222222222222222,
        0.7966101694915254,
        0.7241379310344828,
        0.7346938775510204,
        0.76,
        0.6410256410256411
    ]
}