{
    "Bins": [
        20.0,
        21.0,
        22.0,
        23.0,
        24.0,
        25.0,
        26.0,
        27.0,
        28.0,
        29.0,
        30.0,
        31.0,
        32.0,
        33.0,
        34.0,
        35.0,
        36.0,
        37.0,
        38.0,
        39.0,
        40.0,
        41.0,
        42.0,
        43.0,
        44.0,
        45.0,
        46.0,
        47.0,
        48.0,
        49.0,
        50.0,
        51.0,
        52.0,
        53.0,
        54.0,
        55.0,
        56.0,
        57.0,
        58.0,
        59.0,
        60.0
    ],
    "Efficiency": [
        0.9961783439490446,
        0.9906735751295337,
        0.9859550561797753,
        0.9821580288870009,
        0.9826338639652678,
        0.9794064203513022,
        0.9736425935687928,
        0.9621945597049332,
        0.9711899791231733,
        0.9686258935663224,
        0.9657754010695188,
        0.964655480185648,
        0.9767080745341615,
        0.9785407725321889,
        0.9767573696145124,
        0.9816136114160263,
        0.982776617954071,
        0.9843060323688082,
        0.9824561403508771,
        0.9854031510658017,
        0.9856733524355301,
        0.9892267177400048,
        0.982908230344465,
        0.9869261173609,
        0.9820205479452054,
        0.974323386537127,
        0.9786036036036037,
        0.9771309771309772,
        0.9534883720930233,
        0.964,
        0.8827160493827161,
        0.9054054054054054,
        0.8130841121495327,
        0.7752808988764045,
        0.8194444444444444,
        0.8135593220338984,
        0.7068965517241379,
        0.8163265306122449,
        0.76,
        0.6410256410256411
    ]
}