{
    "Precision": [
        0.40952827069326575,
        0.7206688542628652,
        0.772137872249747,
        0.8010159456368162,
        0.822710261734652,
        0.8389920912267794,
        0.8537924410756931,
        0.8671850787479222,
        0.8809915489323269,
        0.8936861169515166,
        0.8936839037388625,
        0.908631821952891,
        0.908305769937523,
        1.0
    ],
    "Recall": [
        1.0,
        0.9870951246753596,
        0.9751860374362494,
        0.9612450042388276,
        0.943670690188796,
        0.9207541076258529,
        0.8852152382490278,
        0.8283611212035579,
        0.7350665428659857,
        0.5776916555649751,
        0.5776781989692248,
        0.3389716469527539,
        0.33257976397131056,
        0.0
    ],
    "Precision-Recall AUC": 0.89891319289056,
    "Chance Level": 0.40952827069326575
}