{
    "Precision": [
        0.40952827069326575,
        0.8211136953699697,
        0.8203790952912661,
        1.0
    ],
    "Recall": [
        1.0,
        0.817124863751968,
        0.8107195241747742,
        0.0
    ],
    "Precision-Recall AUC": 0.855692504953151,
    "Chance Level": 0.40952827069326575
}