{
    "Precision": [
        0.40952827069326575,
        0.8721488756507272,
        1.0
    ],
    "Recall": [
        1.0,
        0.8747190935637102,
        0.0
    ],
    "Precision-Recall AUC": 0.899087021089088,
    "Chance Level": 0.40952827069326575
}