{
    "Precision": [
        0.40952827069326575,
        0.8911967810342015,
        1.0
    ],
    "Recall": [
        1.0,
        0.8822144173966869,
        0.0
    ],
    "Precision-Recall AUC": 0.9108238621935111,
    "Chance Level": 0.40952827069326575
}