{
    "Precision": [
        0.40952827069326575,
        0.7812880617107203,
        0.8352058173655845,
        0.8669107122499905,
        0.8926624493484535,
        0.9158199018920813,
        1.0
    ],
    "Recall": [
        1.0,
        0.9840404774400172,
        0.961352657004831,
        0.9209694131578593,
        0.8241088369464293,
        0.5627548342820233,
        0.0
    ],
    "Precision-Recall AUC": 0.9228204264115042,
    "Chance Level": 0.40952827069326575
}