{
    "False Positive Rate": [
        0.0,
        0.020737864802560967,
        0.020737864802560967,
        0.020747197775019367,
        0.020756530747477766,
        0.020756530747477766,
        0.02077519669239456,
        0.02078452966485296,
        0.02078452966485296,
        0.03992645617702782,
        0.03992645617702782,
        0.03992645617702782,
        0.03992645617702782,
        0.03992645617702782,
        0.03992645617702782,
        0.03992645617702782,
        0.03992645617702782,
        0.05659514498772714,
        0.05659514498772714,
        0.05660447796018554,
        0.056613810932643935,
        0.056613810932643935,
        0.056613810932643935,
        0.07189188684704191,
        0.07189188684704191,
        0.07190121981950032,
        0.07190121981950032,
        0.07191988576441712,
        0.08631132929526725,
        0.08631132929526725,
        0.08632066226772565,
        0.10018012636844709,
        0.10018945934090548,
        0.10018945934090548,
        0.10019879231336389,
        0.11502888554975874,
        0.11503821852221714,
        0.11504755149467553,
        0.13163224355324926,
        0.13164157652570768,
        0.13164157652570768,
        0.15176346514601435,
        0.15177279811847275,
        0.1850728438500378,
        1.0
    ],
    "True Positive Rate": [
        0.0,
        0.43009971337451053,
        0.4301266265660113,
        0.4301266265660113,
        0.43018045294901297,
        0.4301939095447634,
        0.430315018906517,
        0.43036884528951863,
        0.4304092150767699,
        0.6519316943199709,
        0.6519586075114717,
        0.6519720641072222,
        0.6520124338944734,
        0.652066260277475,
        0.6520797168732254,
        0.6521873696392286,
        0.6522008262349791,
        0.7825414126734219,
        0.7825817824606731,
        0.7826356088436748,
        0.7826356088436748,
        0.7826625220351755,
        0.782675978630926,
        0.8610741054727975,
        0.8611010186642983,
        0.8611279318557992,
        0.8611548450472999,
        0.8611548450472999,
        0.9097600688977703,
        0.9097735254935206,
        0.9097735254935206,
        0.9412081331664716,
        0.9412081331664716,
        0.9412350463579724,
        0.9412485029537228,
        0.9619716604093497,
        0.9619716604093497,
        0.9619851170051,
        0.9764778706282885,
        0.9764778706282885,
        0.9764913272240389,
        0.9870816680796092,
        0.9870816680796092,
        0.9936350302100575,
        1.0
    ],
    "ROC AUC": 0.9602788924512139
}