{
    "False Positive Rate": [
        0.0,
        0.0362399320559605,
        0.06963330751210953,
        0.09946148748915042,
        0.13025096362940633,
        0.17301464343378722,
        1.0
    ],
    "True Positive Rate": [
        0.0,
        0.5930725445076904,
        0.8457874127003351,
        0.9380727463566267,
        0.9745132076487291,
        0.9918722161667541,
        1.0
    ],
    "ROC AUC": 0.9564885762646917
}