{
    "False Positive Rate": [
        0.0,
        0.09521498502057921,
        0.095233650965496,
        0.095280315827788,
        1.0
    ],
    "True Positive Rate": [
        0.0,
        0.8515737488730101,
        0.8516006620645109,
        0.8517621412135158,
        1.0
    ],
    "ROC AUC": 0.878259759927
}