{
    "False Positive Rate": [
        0.0,
        0.09910683453573128,
        0.09915349939802327,
        1.0
    ],
    "True Positive Rate": [
        0.0,
        0.8523811446180345,
        0.8525022539797882,
        1.0
    ],
    "ROC AUC": 0.8766882640325113
}