{
    "False Positive Rate": [
        0.0,
        0.0065704126107123855,
        0.008427674129933643,
        0.056044499612681646,
        0.06073898475925597,
        0.06313755868106433,
        0.06721606764538438,
        0.27200948230001776,
        0.27440805622182607,
        0.30871606297889814,
        0.31724639980587416,
        0.32743800573044507,
        1.0
    ],
    "True Positive Rate": [
        0.0,
        0.09652416131766986,
        0.09886560897824069,
        0.6184247709014573,
        0.6424447943159339,
        0.6469258407008195,
        0.6538290743207783,
        0.9625906638138684,
        0.9626310336011196,
        0.9858167480790709,
        0.9872027774413629,
        0.9872296906328637,
        1.0
    ],
    "ROC AUC": 0.9127273477908396
}