{
    "False Positive Rate": [
        0.0,
        0.09722016756996651,
        1.0
    ],
    "True Positive Rate": [
        0.0,
        0.9071271974068246,
        1.0
    ],
    "ROC AUC": 0.904953514918429
}