{
    "False Positive Rate": [
        0.0,
        0.020240192584423795,
        0.03535645601624595,
        0.0489933698239574,
        0.06125852307112982,
        0.07321435776053364,
        0.08611159675618973,
        0.10066301760426052,
        0.11860349395483949,
        0.1432144922468631,
        0.18439420632892667,
        1.0
    ],
    "True Positive Rate": [
        0.0,
        0.593108178993665,
        0.7974552448587069,
        0.8832667554371949,
        0.9267374140876138,
        0.9521042650203768,
        0.967881208893193,
        0.9786950732356857,
        0.9870744730931149,
        0.9925486556645012,
        0.996597129752922,
        1.0
    ],
    "ROC AUC": 0.9740158269870267
}