{
    "False Positive Rate": [
        0.0,
        0.0858157268313676,
        1.0
    ],
    "True Positive Rate": [
        0.0,
        0.908014902688671,
        1.0
    ],
    "ROC AUC": 0.9110995879286516
}