{
    "Bins": [
        20.0,
        21.0,
        22.0,
        23.0,
        24.0,
        25.0,
        26.0,
        27.0,
        28.0,
        29.0,
        30.0,
        31.0,
        32.0,
        33.0,
        34.0,
        35.0,
        36.0,
        37.0,
        38.0,
        39.0,
        40.0,
        41.0,
        42.0,
        43.0,
        44.0,
        45.0,
        46.0,
        47.0,
        48.0,
        49.0,
        50.0,
        51.0,
        52.0,
        53.0,
        54.0,
        55.0,
        56.0,
        57.0,
        58.0,
        59.0,
        60.0
    ],
    "Efficiency": [
        0.954140127388535,
        0.944041450777202,
        0.9559925093632958,
        0.9609175870858114,
        0.9573082489146165,
        0.9563900666262871,
        0.9520295202952029,
        0.9585062240663901,
        0.9453027139874739,
        0.9471803018268466,
        0.9529411764705882,
        0.9457336665476616,
        0.9512422360248447,
        0.9491109748620479,
        0.9427437641723356,
        0.9464873765093305,
        0.9431106471816284,
        0.9477685139774399,
        0.9407302038880986,
        0.9464782205746061,
        0.9479465138490927,
        0.9494852765142446,
        0.942939784380752,
        0.9401033748859836,
        0.928082191780822,
        0.8889659958362248,
        0.847972972972973,
        0.8108108108108109,
        0.7412790697674418,
        0.676,
        0.6604938271604939,
        0.5945945945945946,
        0.5981308411214953,
        0.47191011235955055,
        0.625,
        0.5084745762711864,
        0.41379310344827586,
        0.5918367346938775,
        0.5,
        0.5384615384615384
    ]
}