{
    "Bins": [
        20.0,
        21.0,
        22.0,
        23.0,
        24.0,
        25.0,
        26.0,
        27.0,
        28.0,
        29.0,
        30.0,
        31.0,
        32.0,
        33.0,
        34.0,
        35.0,
        36.0,
        37.0,
        38.0,
        39.0,
        40.0,
        41.0,
        42.0,
        43.0,
        44.0,
        45.0,
        46.0,
        47.0,
        48.0,
        49.0,
        50.0,
        51.0,
        52.0,
        53.0,
        54.0,
        55.0,
        56.0,
        57.0,
        58.0,
        59.0,
        60.0
    ],
    "Efficiency": [
        0.9707006369426752,
        0.966839378238342,
        0.9719101123595506,
        0.9685641461342396,
        0.9551374819102749,
        0.9630526953361599,
        0.9319978914074855,
        0.9363762102351314,
        0.932776617954071,
        0.9217633042096902,
        0.9347593582887701,
        0.9307390217779364,
        0.9357142857142857,
        0.9331698344573881,
        0.9401927437641724,
        0.9459385290889133,
        0.9402400835073069,
        0.9428641490926924,
        0.9414414414414415,
        0.9406858202038925,
        0.9412607449856734,
        0.9470912137898013,
        0.9374178280305022,
        0.9321982365460626,
        0.9130993150684932,
        0.8896599583622484,
        0.8558558558558559,
        0.817047817047817,
        0.747093023255814,
        0.696,
        0.6666666666666666,
        0.5945945945945946,
        0.5233644859813084,
        0.38202247191011235,
        0.375,
        0.23728813559322035,
        0.43103448275862066,
        0.42857142857142855,
        0.26,
        0.358974358974359
    ]
}