{
    "Bins": [
        20.0,
        21.0,
        22.0,
        23.0,
        24.0,
        25.0,
        26.0,
        27.0,
        28.0,
        29.0,
        30.0,
        31.0,
        32.0,
        33.0,
        34.0,
        35.0,
        36.0,
        37.0,
        38.0,
        39.0,
        40.0,
        41.0,
        42.0,
        43.0,
        44.0,
        45.0,
        46.0,
        47.0,
        48.0,
        49.0,
        50.0,
        51.0,
        52.0,
        53.0,
        54.0,
        55.0,
        56.0,
        57.0,
        58.0,
        59.0,
        60.0
    ],
    "Efficiency": [
        0.6598726114649681,
        0.6673575129533679,
        0.6779026217228464,
        0.6907391673746814,
        0.7192474674384949,
        0.7080557238037553,
        0.7306273062730627,
        0.7459658828953435,
        0.7181628392484343,
        0.7378872120730738,
        0.7557932263814616,
        0.750089253837915,
        0.7714285714285715,
        0.7660944206008584,
        0.7565192743764172,
        0.7862239297475302,
        0.7779227557411273,
        0.7967140755272192,
        0.7771455666192508,
        0.7879981464318814,
        0.8030085959885387,
        0.8139813263107494,
        0.8196160925585064,
        0.8315597446032229,
        0.8206335616438356,
        0.8195697432338653,
        0.8108108108108109,
        0.8087318087318087,
        0.8343023255813954,
        0.824,
        0.8271604938271605,
        0.8378378378378378,
        0.8037383177570093,
        0.7303370786516854,
        0.8055555555555556,
        0.864406779661017,
        0.8103448275862069,
        0.8163265306122449,
        0.86,
        0.8461538461538461
    ]
}