{
    "Bins": [
        20.0,
        21.0,
        22.0,
        23.0,
        24.0,
        25.0,
        26.0,
        27.0,
        28.0,
        29.0,
        30.0,
        31.0,
        32.0,
        33.0,
        34.0,
        35.0,
        36.0,
        37.0,
        38.0,
        39.0,
        40.0,
        41.0,
        42.0,
        43.0,
        44.0,
        45.0,
        46.0,
        47.0,
        48.0,
        49.0,
        50.0,
        51.0,
        52.0,
        53.0,
        54.0,
        55.0,
        56.0,
        57.0,
        58.0,
        59.0,
        60.0
    ],
    "Efficiency": [
        0.954140127388535,
        0.9461139896373058,
        0.947565543071161,
        0.9379779099405268,
        0.9117221418234442,
        0.901877649909146,
        0.875065893516078,
        0.8741355463347165,
        0.8759916492693111,
        0.8586179507545671,
        0.8666666666666667,
        0.8586219207425919,
        0.8751552795031056,
        0.8779889638258737,
        0.8801020408163265,
        0.8990120746432492,
        0.894572025052192,
        0.8994605198626778,
        0.9049312470365102,
        0.9031510658016683,
        0.9075931232091691,
        0.8917883648551592,
        0.8906126742045753,
        0.8805107935542719,
        0.8754280821917808,
        0.8466342817487855,
        0.8333333333333334,
        0.7650727650727651,
        0.7383720930232558,
        0.7,
        0.6111111111111112,
        0.6216216216216216,
        0.5794392523364486,
        0.4044943820224719,
        0.625,
        0.5084745762711864,
        0.43103448275862066,
        0.5714285714285714,
        0.32,
        0.3076923076923077
    ]
}