{
    "Bins": [
        20.0,
        21.0,
        22.0,
        23.0,
        24.0,
        25.0,
        26.0,
        27.0,
        28.0,
        29.0,
        30.0,
        31.0,
        32.0,
        33.0,
        34.0,
        35.0,
        36.0,
        37.0,
        38.0,
        39.0,
        40.0,
        41.0,
        42.0,
        43.0,
        44.0,
        45.0,
        46.0,
        47.0,
        48.0,
        49.0,
        50.0,
        51.0,
        52.0,
        53.0,
        54.0,
        55.0,
        56.0,
        57.0,
        58.0,
        59.0,
        60.0
    ],
    "Efficiency": [
        0.9808917197452229,
        0.9709844559585492,
        0.9784644194756554,
        0.9762107051826678,
        0.9725036179450073,
        0.9739551786795881,
        0.9609910384818134,
        0.9621945597049332,
        0.9590814196242171,
        0.9511517077045274,
        0.9607843137254902,
        0.955730096394145,
        0.9555900621118012,
        0.9558553034947884,
        0.9591836734693877,
        0.9569154774972558,
        0.9527661795407099,
        0.9561059342815106,
        0.9570886676149835,
        0.9564411492122336,
        0.9543935052531041,
        0.9583433085946852,
        0.9513541940573231,
        0.9486166007905138,
        0.9383561643835616,
        0.9167244968771686,
        0.8952702702702703,
        0.8835758835758836,
        0.8284883720930233,
        0.784,
        0.7530864197530864,
        0.722972972972973,
        0.6448598130841121,
        0.550561797752809,
        0.4583333333333333,
        0.3389830508474576,
        0.4482758620689655,
        0.4897959183673469,
        0.28,
        0.358974358974359
    ]
}