{
    "Bins": [
        20.0,
        21.0,
        22.0,
        23.0,
        24.0,
        25.0,
        26.0,
        27.0,
        28.0,
        29.0,
        30.0,
        31.0,
        32.0,
        33.0,
        34.0,
        35.0,
        36.0,
        37.0,
        38.0,
        39.0,
        40.0,
        41.0,
        42.0,
        43.0,
        44.0,
        45.0,
        46.0,
        47.0,
        48.0,
        49.0,
        50.0,
        51.0,
        52.0,
        53.0,
        54.0,
        55.0,
        56.0,
        57.0,
        58.0,
        59.0,
        60.0
    ],
    "Efficiency": [
        0.9388535031847134,
        0.9253886010362694,
        0.9204119850187266,
        0.9201359388275276,
        0.9052098408104197,
        0.8873410054512417,
        0.8829731154454402,
        0.8727524204702628,
        0.8789144050104384,
        0.8633836378077839,
        0.875222816399287,
        0.8657622277757944,
        0.8782608695652174,
        0.8761496014714899,
        0.8815192743764172,
        0.889681668496158,
        0.8940501043841336,
        0.8921039725355566,
        0.8961593172119487,
        0.8962001853568119,
        0.8896848137535817,
        0.8953794589418242,
        0.8887720220878254,
        0.8792946184250532,
        0.8728595890410958,
        0.835530881332408,
        0.8367117117117117,
        0.7879417879417879,
        0.7180232558139535,
        0.732,
        0.7098765432098766,
        0.6824324324324325,
        0.5420560747663551,
        0.449438202247191,
        0.5277777777777778,
        0.4406779661016949,
        0.43103448275862066,
        0.5714285714285714,
        0.3,
        0.48717948717948717
    ]
}