{
    "Bins": [
        20.0,
        21.0,
        22.0,
        23.0,
        24.0,
        25.0,
        26.0,
        27.0,
        28.0,
        29.0,
        30.0,
        31.0,
        32.0,
        33.0,
        34.0,
        35.0,
        36.0,
        37.0,
        38.0,
        39.0,
        40.0,
        41.0,
        42.0,
        43.0,
        44.0,
        45.0,
        46.0,
        47.0,
        48.0,
        49.0,
        50.0,
        51.0,
        52.0,
        53.0,
        54.0,
        55.0,
        56.0,
        57.0,
        58.0,
        59.0,
        60.0
    ],
    "Efficiency": [
        0.9579617834394905,
        0.944041450777202,
        0.9597378277153558,
        0.9566694987255735,
        0.9739507959479016,
        0.9745608721986675,
        0.9694254085397996,
        0.9723374827109267,
        0.9636743215031315,
        0.9702144559173947,
        0.9654188948306596,
        0.9575151731524456,
        0.9537267080745342,
        0.9552421827099938,
        0.9461451247165533,
        0.9401756311745335,
        0.9407620041753654,
        0.9372241294752329,
        0.9348032242769085,
        0.9335032437442076,
        0.9400668576886342,
        0.9437395259755805,
        0.9487246910333947,
        0.9489206445728184,
        0.9576198630136986,
        0.9500346981263011,
        0.9481981981981982,
        0.9584199584199584,
        0.9447674418604651,
        0.96,
        0.9197530864197531,
        0.9527027027027027,
        0.9626168224299065,
        0.9662921348314607,
        0.9305555555555556,
        0.9661016949152542,
        0.9137931034482759,
        0.9591836734693877,
        0.92,
        0.9743589743589743
    ]
}