{
    "Bins": [
        20.0,
        21.0,
        22.0,
        23.0,
        24.0,
        25.0,
        26.0,
        27.0,
        28.0,
        29.0,
        30.0,
        31.0,
        32.0,
        33.0,
        34.0,
        35.0,
        36.0,
        37.0,
        38.0,
        39.0,
        40.0,
        41.0,
        42.0,
        43.0,
        44.0,
        45.0,
        46.0,
        47.0,
        48.0,
        49.0,
        50.0,
        51.0,
        52.0,
        53.0,
        54.0,
        55.0,
        56.0,
        57.0,
        58.0,
        59.0,
        60.0
    ],
    "Efficiency": [
        0.9834394904458599,
        0.9782383419689119,
        0.9840823970037453,
        0.9847068819031436,
        0.984081041968162,
        0.9812235009085403,
        0.9752240379546653,
        0.9774089442139234,
        0.9745302713987474,
        0.9682287529785544,
        0.9757575757575757,
        0.9689396644055694,
        0.9698757763975155,
        0.9668914776210914,
        0.9713718820861678,
        0.9673435784851812,
        0.965553235908142,
        0.9683668464933791,
        0.9660976766239924,
        0.9652455977757183,
        0.9634670487106017,
        0.9657649030404597,
        0.9608204049434657,
        0.959866220735786,
        0.9477739726027398,
        0.9243580846634282,
        0.9031531531531531,
        0.8918918918918919,
        0.8517441860465116,
        0.824,
        0.7654320987654321,
        0.7297297297297297,
        0.6542056074766355,
        0.5955056179775281,
        0.5833333333333334,
        0.5254237288135594,
        0.46551724137931033,
        0.5714285714285714,
        0.36,
        0.4358974358974359
    ]
}