{
    "Bins": [
        20.0,
        21.0,
        22.0,
        23.0,
        24.0,
        25.0,
        26.0,
        27.0,
        28.0,
        29.0,
        30.0,
        31.0,
        32.0,
        33.0,
        34.0,
        35.0,
        36.0,
        37.0,
        38.0,
        39.0,
        40.0,
        41.0,
        42.0,
        43.0,
        44.0,
        45.0,
        46.0,
        47.0,
        48.0,
        49.0,
        50.0,
        51.0,
        52.0,
        53.0,
        54.0,
        55.0,
        56.0,
        57.0,
        58.0,
        59.0,
        60.0
    ],
    "Efficiency": [
        0.9872611464968153,
        0.9803108808290155,
        0.9831460674157303,
        0.9787595581988106,
        0.9790159189580319,
        0.9794064203513022,
        0.9609910384818134,
        0.954817888427847,
        0.9536534446764092,
        0.9424146147736299,
        0.9572192513368984,
        0.9525169582292039,
        0.9543478260869566,
        0.954322501532802,
        0.9563492063492064,
        0.955543358946213,
        0.9532881002087683,
        0.9561059342815106,
        0.9570886676149835,
        0.9552826691380908,
        0.956064947468959,
        0.9588221211395739,
        0.9545095976860374,
        0.9562176953481302,
        0.9362157534246576,
        0.9174184594031922,
        0.8885135135135135,
        0.8648648648648649,
        0.8255813953488372,
        0.8,
        0.7160493827160493,
        0.668918918918919,
        0.5981308411214953,
        0.5056179775280899,
        0.5138888888888888,
        0.3898305084745763,
        0.4482758620689655,
        0.40816326530612246,
        0.3,
        0.3076923076923077
    ]
}