{
    "Bins": [
        20.0,
        21.0,
        22.0,
        23.0,
        24.0,
        25.0,
        26.0,
        27.0,
        28.0,
        29.0,
        30.0,
        31.0,
        32.0,
        33.0,
        34.0,
        35.0,
        36.0,
        37.0,
        38.0,
        39.0,
        40.0,
        41.0,
        42.0,
        43.0,
        44.0,
        45.0,
        46.0,
        47.0,
        48.0,
        49.0,
        50.0,
        51.0,
        52.0,
        53.0,
        54.0,
        55.0,
        56.0,
        57.0,
        58.0,
        59.0,
        60.0
    ],
    "Efficiency": [
        0.46114649681528663,
        0.4383419689119171,
        0.45880149812734083,
        0.4825828377230246,
        0.5238784370477568,
        0.4996971532404603,
        0.5340010542962572,
        0.5218994928538497,
        0.5348643006263049,
        0.5440826052422557,
        0.5532976827094475,
        0.5765797929310961,
        0.5866459627329192,
        0.5944206008583691,
        0.5844671201814059,
        0.5913830954994511,
        0.6122129436325678,
        0.6204021579205493,
        0.6183025130393551,
        0.6341519925857275,
        0.6497134670487106,
        0.6593248743117069,
        0.6663160662634762,
        0.6892672544846458,
        0.6986301369863014,
        0.6814712005551701,
        0.668918918918919,
        0.6985446985446986,
        0.7151162790697675,
        0.708,
        0.6481481481481481,
        0.7027027027027027,
        0.6915887850467289,
        0.6741573033707865,
        0.7361111111111112,
        0.6610169491525424,
        0.6896551724137931,
        0.7551020408163265,
        0.7,
        0.717948717948718
    ]
}