{
    "Bins": [
        20.0,
        21.0,
        22.0,
        23.0,
        24.0,
        25.0,
        26.0,
        27.0,
        28.0,
        29.0,
        30.0,
        31.0,
        32.0,
        33.0,
        34.0,
        35.0,
        36.0,
        37.0,
        38.0,
        39.0,
        40.0,
        41.0,
        42.0,
        43.0,
        44.0,
        45.0,
        46.0,
        47.0,
        48.0,
        49.0,
        50.0,
        51.0,
        52.0,
        53.0,
        54.0,
        55.0,
        56.0,
        57.0,
        58.0,
        59.0,
        60.0
    ],
    "Efficiency": [
        0.9923566878980892,
        0.9927461139896373,
        0.9934456928838952,
        0.9966015293118097,
        0.9963820549927641,
        0.9981829194427619,
        0.9942013705851345,
        0.9967727063162748,
        0.9958246346555324,
        0.9948371723590151,
        0.9935828877005347,
        0.9900035701535166,
        0.9909937888198758,
        0.9895769466584917,
        0.9875283446712018,
        0.9854555433589463,
        0.9806889352818372,
        0.9784207945071113,
        0.9784257942152679,
        0.9715013901760889,
        0.9694364851957975,
        0.9640890591333493,
        0.9621351564554299,
        0.9592581331711767,
        0.9644691780821918,
        0.9528105482303956,
        0.9493243243243243,
        0.9521829521829522,
        0.9331395348837209,
        0.936,
        0.8950617283950617,
        0.9324324324324325,
        0.9439252336448598,
        0.9213483146067416,
        0.8333333333333334,
        0.864406779661017,
        0.9137931034482759,
        0.8571428571428571,
        0.84,
        0.8717948717948718
    ]
}