{
    "Bins": [
        20.0,
        21.0,
        22.0,
        23.0,
        24.0,
        25.0,
        26.0,
        27.0,
        28.0,
        29.0,
        30.0,
        31.0,
        32.0,
        33.0,
        34.0,
        35.0,
        36.0,
        37.0,
        38.0,
        39.0,
        40.0,
        41.0,
        42.0,
        43.0,
        44.0,
        45.0,
        46.0,
        47.0,
        48.0,
        49.0,
        50.0,
        51.0,
        52.0,
        53.0,
        54.0,
        55.0,
        56.0,
        57.0,
        58.0,
        59.0,
        60.0
    ],
    "Efficiency": [
        0.9554140127388535,
        0.9367875647668393,
        0.9550561797752809,
        0.9575191163976211,
        0.9761215629522432,
        0.9721380981223501,
        0.9720611491829204,
        0.9741816505301982,
        0.9670146137787057,
        0.9749801429706116,
        0.9764705882352941,
        0.9657265262406284,
        0.9711180124223603,
        0.9702636419374617,
        0.9691043083900227,
        0.9695389681668496,
        0.9702505219206681,
        0.9659146640510053,
        0.9682313892840209,
        0.956209453197405,
        0.9596466093600764,
        0.9576250897773522,
        0.9513541940573231,
        0.9464882943143813,
        0.9546232876712328,
        0.9500346981263011,
        0.9448198198198198,
        0.9604989604989606,
        0.938953488372093,
        0.952,
        0.9074074074074074,
        0.9256756756756757,
        0.9626168224299065,
        0.9438202247191011,
        0.9027777777777778,
        0.9491525423728814,
        0.8275862068965517,
        0.8979591836734694,
        0.84,
        0.8205128205128205
    ]
}