{
    "Bins": [
        20.0,
        21.0,
        22.0,
        23.0,
        24.0,
        25.0,
        26.0,
        27.0,
        28.0,
        29.0,
        30.0,
        31.0,
        32.0,
        33.0,
        34.0,
        35.0,
        36.0,
        37.0,
        38.0,
        39.0,
        40.0,
        41.0,
        42.0,
        43.0,
        44.0,
        45.0,
        46.0,
        47.0,
        48.0,
        49.0,
        50.0,
        51.0,
        52.0,
        53.0,
        54.0,
        55.0,
        56.0,
        57.0,
        58.0,
        59.0,
        60.0
    ],
    "Efficiency": [
        0.9770700636942675,
        0.9751295336787564,
        0.9803370786516854,
        0.9804587935429057,
        0.9768451519536903,
        0.9769836462749849,
        0.9646810753821824,
        0.9695712309820194,
        0.9653444676409186,
        0.9531374106433678,
        0.9647058823529412,
        0.958943234559086,
        0.9580745341614907,
        0.957388105456775,
        0.9620181405895691,
        0.9602085620197585,
        0.9590292275574113,
        0.959048553212359,
        0.9594594594594594,
        0.9575996292863763,
        0.954632282712512,
        0.9602585587742399,
        0.9521430449645018,
        0.9498327759197325,
        0.9409246575342466,
        0.9174184594031922,
        0.8907657657657657,
        0.8669438669438669,
        0.8226744186046512,
        0.76,
        0.7160493827160493,
        0.6554054054054054,
        0.5887850467289719,
        0.4943820224719101,
        0.5138888888888888,
        0.4067796610169492,
        0.3793103448275862,
        0.4897959183673469,
        0.28,
        0.358974358974359
    ]
}