{
    "Bins": [
        20.0,
        21.0,
        22.0,
        23.0,
        24.0,
        25.0,
        26.0,
        27.0,
        28.0,
        29.0,
        30.0,
        31.0,
        32.0,
        33.0,
        34.0,
        35.0,
        36.0,
        37.0,
        38.0,
        39.0,
        40.0,
        41.0,
        42.0,
        43.0,
        44.0,
        45.0,
        46.0,
        47.0,
        48.0,
        49.0,
        50.0,
        51.0,
        52.0,
        53.0,
        54.0,
        55.0,
        56.0,
        57.0,
        58.0,
        59.0,
        60.0
    ],
    "Efficiency": [
        0.7579617834394905,
        0.7160621761658031,
        0.7640449438202247,
        0.7816482582837723,
        0.8082489146164978,
        0.7855844942459116,
        0.8118081180811808,
        0.8183494698017519,
        0.8187891440501044,
        0.8216838760921367,
        0.8449197860962567,
        0.8425562299178865,
        0.8555900621118012,
        0.864193746167995,
        0.8650793650793651,
        0.8589462129527992,
        0.872651356993737,
        0.8852378616969102,
        0.8809862494073021,
        0.8850787766450418,
        0.9025787965616046,
        0.9104620541058176,
        0.9116486983960032,
        0.9100030404378231,
        0.925513698630137,
        0.9118667591950035,
        0.9144144144144144,
        0.9355509355509356,
        0.9127906976744186,
        0.92,
        0.9074074074074074,
        0.9121621621621622,
        0.9158878504672897,
        0.9213483146067416,
        0.9166666666666666,
        0.9322033898305084,
        0.8620689655172413,
        0.8775510204081632,
        0.88,
        0.9487179487179487
    ]
}