{
    "Bins": [
        20.0,
        21.0,
        22.0,
        23.0,
        24.0,
        25.0,
        26.0,
        27.0,
        28.0,
        29.0,
        30.0,
        31.0,
        32.0,
        33.0,
        34.0,
        35.0,
        36.0,
        37.0,
        38.0,
        39.0,
        40.0,
        41.0,
        42.0,
        43.0,
        44.0,
        45.0,
        46.0,
        47.0,
        48.0,
        49.0,
        50.0,
        51.0,
        52.0,
        53.0,
        54.0,
        55.0,
        56.0,
        57.0,
        58.0,
        59.0,
        60.0
    ],
    "Efficiency": [
        0.9859872611464968,
        0.9740932642487047,
        0.9887640449438202,
        0.989804587935429,
        0.9905933429811867,
        0.9945487583282859,
        0.9873484449130205,
        0.9889349930843707,
        0.9870563674321503,
        0.9857029388403494,
        0.9832442067736186,
        0.9767940021420921,
        0.977639751552795,
        0.976701410177805,
        0.9719387755102041,
        0.9689901207464325,
        0.9639874739039666,
        0.961010299166258,
        0.9582740635372214,
        0.9499536607970342,
        0.9481852913085005,
        0.9425424946133588,
        0.9342624244017881,
        0.9227728792946184,
        0.9139554794520548,
        0.8945176960444136,
        0.8592342342342343,
        0.8544698544698545,
        0.813953488372093,
        0.788,
        0.7407407407407407,
        0.6824324324324325,
        0.7289719626168224,
        0.6067415730337079,
        0.625,
        0.4745762711864407,
        0.5344827586206896,
        0.5510204081632653,
        0.4,
        0.4358974358974359
    ]
}