{
    "Bins": [
        20.0,
        21.0,
        22.0,
        23.0,
        24.0,
        25.0,
        26.0,
        27.0,
        28.0,
        29.0,
        30.0,
        31.0,
        32.0,
        33.0,
        34.0,
        35.0,
        36.0,
        37.0,
        38.0,
        39.0,
        40.0,
        41.0,
        42.0,
        43.0,
        44.0,
        45.0,
        46.0,
        47.0,
        48.0,
        49.0,
        50.0,
        51.0,
        52.0,
        53.0,
        54.0,
        55.0,
        56.0,
        57.0,
        58.0,
        59.0,
        60.0
    ],
    "Efficiency": [
        0.9859872611464968,
        0.9803108808290155,
        0.9840823970037453,
        0.9821580288870009,
        0.9862518089725036,
        0.9812235009085403,
        0.9746968898260411,
        0.9783310281235592,
        0.9753653444676409,
        0.9666401906274821,
        0.9725490196078431,
        0.9717957872188504,
        0.9732919254658385,
        0.9684242795830779,
        0.9702380952380952,
        0.9700878155872668,
        0.9676409185803758,
        0.9693477194703286,
        0.9649122807017544,
        0.9691844300278035,
        0.9646609360076409,
        0.966722528130237,
        0.9589797528267158,
        0.959866220735786,
        0.9524828767123288,
        0.9243580846634282,
        0.9031531531531531,
        0.8898128898128899,
        0.8633720930232558,
        0.828,
        0.7901234567901234,
        0.7027027027027027,
        0.6542056074766355,
        0.550561797752809,
        0.5972222222222222,
        0.4915254237288136,
        0.43103448275862066,
        0.4489795918367347,
        0.32,
        0.358974358974359
    ]
}