{
    "Precision": [
        0.40952827069326575,
        0.6633606696656144,
        0.7151622659067116,
        0.7560668104571078,
        0.79836554337368,
        0.8409795356087658,
        1.0
    ],
    "Recall": [
        1.0,
        0.9981429897864438,
        0.9928141778692826,
        0.9764375008410372,
        0.9044447135763595,
        0.6243322164358861,
        0.0
    ],
    "Precision-Recall AUC": 0.8769619469903552,
    "Chance Level": 0.40952827069326575
}