{
    "Precision": [
        0.50475,
        0.8411483253588516,
        1.0
    ],
    "Recall": [
        1.0,
        0.8707280832095097,
        0.0
    ],
    "Precision-Recall AUC": 0.8885632042841807,
    "Chance Level": 0.50475
}