{
    "Precision": [
        0.50475,
        0.8804841149773072,
        1.0
    ],
    "Recall": [
        1.0,
        0.8647845468053492,
        0.0
    ],
    "Precision-Recall AUC": 0.9067593308913282,
    "Chance Level": 0.50475
}