{
    "Precision": [
        0.50475,
        0.6693227091633466,
        0.7147424511545293,
        0.7594501718213058,
        0.8165019338203696,
        0.8705953827460511,
        1.0
    ],
    "Recall": [
        1.0,
        0.9985141158989599,
        0.9965329370975731,
        0.9851411589895989,
        0.9410599306587419,
        0.7097573055968301,
        0.0
    ],
    "Precision-Recall AUC": 0.904324486580219,
    "Chance Level": 0.50475
}