{
    "Precision": [
        0.50475,
        0.7502799552071668,
        0.8012820512820513,
        0.8377007607776839,
        0.8685612788632326,
        0.8937062937062937,
        0.9150294695481336,
        0.9279705573080967,
        0.938479396401625,
        0.9487889273356401,
        0.9590409590409591,
        1.0
    ],
    "Recall": [
        1.0,
        0.9955423476968797,
        0.9905894006934126,
        0.9816740960871718,
        0.9687964338781575,
        0.9494799405646359,
        0.9227340267459139,
        0.8741951461119366,
        0.8008915304606241,
        0.6790490341753344,
        0.475482912332838,
        0.0
    ],
    "Precision-Recall AUC": 0.9541826565764898,
    "Chance Level": 0.50475
}