{
    "Bins": [
        20.0,
        21.0,
        22.0,
        23.0,
        24.0,
        25.0,
        26.0,
        27.0,
        28.0,
        29.0,
        30.0,
        31.0,
        32.0,
        33.0,
        34.0,
        35.0,
        36.0,
        37.0,
        38.0,
        39.0,
        40.0,
        41.0,
        42.0,
        43.0,
        44.0,
        45.0,
        46.0,
        47.0,
        48.0,
        49.0,
        50.0,
        51.0,
        52.0,
        53.0,
        54.0,
        55.0,
        56.0,
        57.0,
        58.0,
        59.0,
        60.0
    ],
    "Efficiency": [
        0.9552429667519181,
        0.9541984732824428,
        0.950420954162769,
        0.9570957095709571,
        0.9448476052249637,
        0.9393556538218573,
        0.9364130434782608,
        0.9413743392599712,
        0.9291722000885347,
        0.9343821949347659,
        0.9406657018813314,
        0.9319192610331851,
        0.9346653980336188,
        0.9362980769230769,
        0.9305920093321668,
        0.9305071102763617,
        0.9229007633587786,
        0.9279301745635911,
        0.9238826815642458,
        0.9280114041339986,
        0.9256835709277869,
        0.9225653206650831,
        0.9183673469387755,
        0.8974594429139884,
        0.8814129520605551,
        0.8104138851802403,
        0.7223476297968398,
        0.6284584980237155,
        0.4481792717086835,
        0.26859504132231404,
        0.11891891891891893,
        0.12030075187969924,
        0.2169811320754717,
        0.17777777777777778,
        0.19767441860465115,
        0.2033898305084746,
        0.10294117647058823,
        0.1320754716981132,
        0.1864406779661017,
        0.2222222222222222
    ]
}