{
    "Bins": [
        20.0,
        21.0,
        22.0,
        23.0,
        24.0,
        25.0,
        26.0,
        27.0,
        28.0,
        29.0,
        30.0,
        31.0,
        32.0,
        33.0,
        34.0,
        35.0,
        36.0,
        37.0,
        38.0,
        39.0,
        40.0,
        41.0,
        42.0,
        43.0,
        44.0,
        45.0,
        46.0,
        47.0,
        48.0,
        49.0,
        50.0,
        51.0,
        52.0,
        53.0,
        54.0,
        55.0,
        56.0,
        57.0,
        58.0,
        59.0,
        60.0
    ],
    "Efficiency": [
        0.9680306905370843,
        0.965103598691385,
        0.9663236669784846,
        0.9504950495049505,
        0.9397677793904209,
        0.9229311433986103,
        0.9173913043478261,
        0.9014896684286401,
        0.8986277113767154,
        0.8925556408288565,
        0.9055716353111433,
        0.901813205610674,
        0.903266730098319,
        0.9071514423076923,
        0.9200933216681249,
        0.9216528038636973,
        0.916793893129771,
        0.9184538653366584,
        0.9220204841713222,
        0.9199334758850083,
        0.9240476746903482,
        0.9180522565320665,
        0.9162470182878346,
        0.8996020814202632,
        0.8851976450798991,
        0.8391188251001335,
        0.8295711060948081,
        0.7905138339920948,
        0.6722689075630253,
        0.6322314049586777,
        0.5513513513513514,
        0.5037593984962406,
        0.39622641509433965,
        0.4111111111111111,
        0.3488372093023256,
        0.2711864406779661,
        0.25,
        0.1320754716981132,
        0.1694915254237288,
        0.2777777777777778
    ]
}