{
    "Bins": [
        20.0,
        21.0,
        22.0,
        23.0,
        24.0,
        25.0,
        26.0,
        27.0,
        28.0,
        29.0,
        30.0,
        31.0,
        32.0,
        33.0,
        34.0,
        35.0,
        36.0,
        37.0,
        38.0,
        39.0,
        40.0,
        41.0,
        42.0,
        43.0,
        44.0,
        45.0,
        46.0,
        47.0,
        48.0,
        49.0,
        50.0,
        51.0,
        52.0,
        53.0,
        54.0,
        55.0,
        56.0,
        57.0,
        58.0,
        59.0,
        60.0
    ],
    "Efficiency": [
        0.7480818414322251,
        0.772082878953108,
        0.7811038353601497,
        0.7995049504950495,
        0.793178519593614,
        0.7934301958307012,
        0.8048913043478261,
        0.8332532436328688,
        0.8286852589641435,
        0.8254029163468918,
        0.8332127351664255,
        0.8275744098528909,
        0.8414208690136378,
        0.8497596153846154,
        0.8553514144065325,
        0.8543064126643413,
        0.8549618320610687,
        0.8743142144638404,
        0.8759310986964618,
        0.8759800427655025,
        0.8817480719794345,
        0.8847980997624703,
        0.8945136496156905,
        0.903887358432813,
        0.8969722455845248,
        0.9012016021361816,
        0.8972911963882618,
        0.9011857707509882,
        0.896358543417367,
        0.8677685950413223,
        0.8972972972972973,
        0.9022556390977443,
        0.8867924528301887,
        0.9,
        0.8837209302325582,
        0.8983050847457628,
        0.7941176470588235,
        0.8490566037735849,
        0.864406779661017,
        0.9166666666666666
    ]
}