{
    "Bins": [
        20.0,
        21.0,
        22.0,
        23.0,
        24.0,
        25.0,
        26.0,
        27.0,
        28.0,
        29.0,
        30.0,
        31.0,
        32.0,
        33.0,
        34.0,
        35.0,
        36.0,
        37.0,
        38.0,
        39.0,
        40.0,
        41.0,
        42.0,
        43.0,
        44.0,
        45.0,
        46.0,
        47.0,
        48.0,
        49.0,
        50.0,
        51.0,
        52.0,
        53.0,
        54.0,
        55.0,
        56.0,
        57.0,
        58.0,
        59.0,
        60.0
    ],
    "Efficiency": [
        0.9411764705882353,
        0.9312977099236641,
        0.9232927970065482,
        0.8993399339933993,
        0.886066763425254,
        0.8591282375236892,
        0.841304347826087,
        0.826045170591062,
        0.8171757414785303,
        0.828472755180353,
        0.8288712011577424,
        0.816968867601779,
        0.8404693942277196,
        0.8413461538461539,
        0.8538932633420823,
        0.8551113496109471,
        0.8659033078880407,
        0.871571072319202,
        0.8621973929236499,
        0.8717034925160371,
        0.8740359897172236,
        0.8736342042755344,
        0.8730453220249139,
        0.8475665748393021,
        0.8271656854499579,
        0.7757009345794392,
        0.7708803611738149,
        0.7272727272727273,
        0.6862745098039216,
        0.6363636363636364,
        0.5891891891891892,
        0.518796992481203,
        0.4811320754716981,
        0.4111111111111111,
        0.43023255813953487,
        0.4067796610169492,
        0.39705882352941174,
        0.20754716981132076,
        0.3220338983050847,
        0.4166666666666667
    ]
}