{
    "Bins": [
        20.0,
        21.0,
        22.0,
        23.0,
        24.0,
        25.0,
        26.0,
        27.0,
        28.0,
        29.0,
        30.0,
        31.0,
        32.0,
        33.0,
        34.0,
        35.0,
        36.0,
        37.0,
        38.0,
        39.0,
        40.0,
        41.0,
        42.0,
        43.0,
        44.0,
        45.0,
        46.0,
        47.0,
        48.0,
        49.0,
        50.0,
        51.0,
        52.0,
        53.0,
        54.0,
        55.0,
        56.0,
        57.0,
        58.0,
        59.0,
        60.0
    ],
    "Efficiency": [
        0.9066496163682864,
        0.9182115594329335,
        0.9242282507015903,
        0.9273927392739274,
        0.9201741654571843,
        0.917877447883765,
        0.9222826086956522,
        0.9216722729456992,
        0.9212040725984949,
        0.9240214888718342,
        0.9276410998552822,
        0.9243927471775573,
        0.9292737075800824,
        0.9338942307692307,
        0.9320501603966171,
        0.9318486718540381,
        0.9251908396946565,
        0.928428927680798,
        0.9243482309124768,
        0.9296745070087907,
        0.9308249591025941,
        0.9294536817102138,
        0.9326795653326265,
        0.9213345576981941,
        0.9150546677880572,
        0.8871829105473965,
        0.8882618510158014,
        0.8280632411067194,
        0.7619047619047619,
        0.7231404958677686,
        0.6108108108108108,
        0.518796992481203,
        0.37735849056603776,
        0.28888888888888886,
        0.11627906976744186,
        0.15254237288135594,
        0.14705882352941177,
        0.09433962264150944,
        0.0847457627118644,
        0.027777777777777776
    ]
}