{
    "Bins": [
        20.0,
        21.0,
        22.0,
        23.0,
        24.0,
        25.0,
        26.0,
        27.0,
        28.0,
        29.0,
        30.0,
        31.0,
        32.0,
        33.0,
        34.0,
        35.0,
        36.0,
        37.0,
        38.0,
        39.0,
        40.0,
        41.0,
        42.0,
        43.0,
        44.0,
        45.0,
        46.0,
        47.0,
        48.0,
        49.0,
        50.0,
        51.0,
        52.0,
        53.0,
        54.0,
        55.0,
        56.0,
        57.0,
        58.0,
        59.0,
        60.0
    ],
    "Efficiency": [
        0.9846547314578005,
        0.9890948745910578,
        0.9887745556594949,
        0.9876237623762376,
        0.9862119013062409,
        0.98547062539482,
        0.9809782608695652,
        0.9846227775108121,
        0.9783089862771137,
        0.9769762087490407,
        0.9793777134587555,
        0.9757098871022921,
        0.9749444973041548,
        0.9705528846153846,
        0.9597550306211724,
        0.9508988462570432,
        0.9493638676844783,
        0.9463840399002493,
        0.9373836126629422,
        0.9375148491328107,
        0.9354989483524188,
        0.9280285035629454,
        0.9271137026239067,
        0.913988368533823,
        0.9074852817493693,
        0.9032042723631508,
        0.9051918735891648,
        0.8932806324110671,
        0.8487394957983193,
        0.8347107438016529,
        0.8432432432432433,
        0.8120300751879699,
        0.8207547169811321,
        0.8222222222222222,
        0.8255813953488372,
        0.8135593220338984,
        0.8235294117647058,
        0.7924528301886793,
        0.7288135593220338,
        0.7777777777777778
    ]
}