{
    "Bins": [
        20.0,
        21.0,
        22.0,
        23.0,
        24.0,
        25.0,
        26.0,
        27.0,
        28.0,
        29.0,
        30.0,
        31.0,
        32.0,
        33.0,
        34.0,
        35.0,
        36.0,
        37.0,
        38.0,
        39.0,
        40.0,
        41.0,
        42.0,
        43.0,
        44.0,
        45.0,
        46.0,
        47.0,
        48.0,
        49.0,
        50.0,
        51.0,
        52.0,
        53.0,
        54.0,
        55.0,
        56.0,
        57.0,
        58.0,
        59.0,
        60.0
    ],
    "Efficiency": [
        0.989769820971867,
        0.9912758996728462,
        0.9915809167446211,
        0.995049504950495,
        0.9912917271407837,
        0.9898926089703095,
        0.9885869565217391,
        0.9865449303219606,
        0.9853917662682603,
        0.9819646968534151,
        0.983357452966715,
        0.9719466301744782,
        0.9784332381858547,
        0.9759615384615384,
        0.968503937007874,
        0.9629729004561309,
        0.9513994910941476,
        0.9516209476309226,
        0.9378491620111732,
        0.942504157757187,
        0.9352652488899276,
        0.9282660332541568,
        0.9239332096474954,
        0.9164370982552801,
        0.9192598822539949,
        0.9072096128170895,
        0.8961625282167043,
        0.9031620553359684,
        0.8991596638655462,
        0.8677685950413223,
        0.8810810810810811,
        0.8571428571428571,
        0.8584905660377359,
        0.8222222222222222,
        0.813953488372093,
        0.8983050847457628,
        0.8088235294117647,
        0.7924528301886793,
        0.7627118644067796,
        0.8055555555555556
    ]
}