{
    "Bins": [
        20.0,
        21.0,
        22.0,
        23.0,
        24.0,
        25.0,
        26.0,
        27.0,
        28.0,
        29.0,
        30.0,
        31.0,
        32.0,
        33.0,
        34.0,
        35.0,
        36.0,
        37.0,
        38.0,
        39.0,
        40.0,
        41.0,
        42.0,
        43.0,
        44.0,
        45.0,
        46.0,
        47.0,
        48.0,
        49.0,
        50.0,
        51.0,
        52.0,
        53.0,
        54.0,
        55.0,
        56.0,
        57.0,
        58.0,
        59.0,
        60.0
    ],
    "Efficiency": [
        0.989769820971867,
        0.9956379498364231,
        0.9934518241347053,
        0.9975247524752475,
        0.9941944847605225,
        0.9949463044851548,
        0.9940217391304348,
        0.9956751561749159,
        0.9946879150066401,
        0.9942440521872602,
        0.9934876989869754,
        0.9907629148135477,
        0.9911195686647637,
        0.9930889423076923,
        0.9903762029746281,
        0.9865843842232358,
        0.9809160305343512,
        0.9815461346633416,
        0.9722998137802608,
        0.974815870753148,
        0.9686842720261744,
        0.9641330166270784,
        0.9626292075271667,
        0.9562289562289562,
        0.9499579478553406,
        0.9479305740987984,
        0.9492099322799097,
        0.9664031620553359,
        0.9411764705882353,
        0.9173553719008265,
        0.9135135135135135,
        0.9022556390977443,
        0.8962264150943396,
        0.9444444444444444,
        0.9069767441860465,
        0.8983050847457628,
        0.8676470588235294,
        0.8301886792452831,
        0.8135593220338984,
        0.8333333333333334
    ]
}