{
    "Bins": [
        20.0,
        21.0,
        22.0,
        23.0,
        24.0,
        25.0,
        26.0,
        27.0,
        28.0,
        29.0,
        30.0,
        31.0,
        32.0,
        33.0,
        34.0,
        35.0,
        36.0,
        37.0,
        38.0,
        39.0,
        40.0,
        41.0,
        42.0,
        43.0,
        44.0,
        45.0,
        46.0,
        47.0,
        48.0,
        49.0,
        50.0,
        51.0,
        52.0,
        53.0,
        54.0,
        55.0,
        56.0,
        57.0,
        58.0,
        59.0,
        60.0
    ],
    "Efficiency": [
        0.9769820971867008,
        0.9858233369683751,
        0.9822263797942001,
        0.9876237623762376,
        0.9804063860667634,
        0.9823120656980417,
        0.9782608695652174,
        0.9822200864968765,
        0.9756529437804338,
        0.9723714504988488,
        0.9746743849493488,
        0.9702360588436538,
        0.9739930225182366,
        0.9684495192307693,
        0.9650043744531933,
        0.9562650925677488,
        0.9480916030534351,
        0.9453865336658354,
        0.9350558659217877,
        0.9280114041339986,
        0.9193736854405234,
        0.913064133016627,
        0.902994964219454,
        0.8846036118763392,
        0.8633305298570227,
        0.8457943925233645,
        0.8363431151241535,
        0.8260869565217391,
        0.7394957983193278,
        0.71900826446281,
        0.7135135135135136,
        0.6165413533834586,
        0.6226415094339622,
        0.6444444444444445,
        0.5116279069767442,
        0.4406779661016949,
        0.39705882352941174,
        0.2830188679245283,
        0.288135593220339,
        0.1388888888888889
    ]
}