{
    "Bins": [
        20.0,
        21.0,
        22.0,
        23.0,
        24.0,
        25.0,
        26.0,
        27.0,
        28.0,
        29.0,
        30.0,
        31.0,
        32.0,
        33.0,
        34.0,
        35.0,
        36.0,
        37.0,
        38.0,
        39.0,
        40.0,
        41.0,
        42.0,
        43.0,
        44.0,
        45.0,
        46.0,
        47.0,
        48.0,
        49.0,
        50.0,
        51.0,
        52.0,
        53.0,
        54.0,
        55.0,
        56.0,
        57.0,
        58.0,
        59.0,
        60.0
    ],
    "Efficiency": [
        0.30434782608695654,
        0.33151581243184297,
        0.3498596819457437,
        0.3250825082508251,
        0.3127721335268505,
        0.3202779532533165,
        0.3298913043478261,
        0.3234022104757328,
        0.34395750332005315,
        0.32041442824251726,
        0.3227206946454414,
        0.30687649674991446,
        0.3162067871868062,
        0.3215144230769231,
        0.30708661417322836,
        0.29675342098202306,
        0.3,
        0.29226932668329175,
        0.29399441340782123,
        0.2953195533380851,
        0.2713250759523253,
        0.2655581947743468,
        0.26186058839120063,
        0.2727272727272727,
        0.25946173254835997,
        0.25433911882510013,
        0.24153498871331827,
        0.20948616600790515,
        0.24929971988795518,
        0.2066115702479339,
        0.22702702702702704,
        0.17293233082706766,
        0.1792452830188679,
        0.2,
        0.16279069767441862,
        0.1694915254237288,
        0.16176470588235295,
        0.22641509433962265,
        0.2033898305084746,
        0.1388888888888889
    ]
}