{
    "Bins": [
        20.0,
        21.0,
        22.0,
        23.0,
        24.0,
        25.0,
        26.0,
        27.0,
        28.0,
        29.0,
        30.0,
        31.0,
        32.0,
        33.0,
        34.0,
        35.0,
        36.0,
        37.0,
        38.0,
        39.0,
        40.0,
        41.0,
        42.0,
        43.0,
        44.0,
        45.0,
        46.0,
        47.0,
        48.0,
        49.0,
        50.0,
        51.0,
        52.0,
        53.0,
        54.0,
        55.0,
        56.0,
        57.0,
        58.0,
        59.0,
        60.0
    ],
    "Efficiency": [
        0.9744245524296675,
        0.9781897491821155,
        0.9747427502338635,
        0.9661716171617162,
        0.965166908563135,
        0.9576753000631711,
        0.9505434782608696,
        0.9413743392599712,
        0.9380256750774679,
        0.9458940905602455,
        0.9435600578871202,
        0.9353404036948341,
        0.9444973041547733,
        0.9393028846153846,
        0.9489647127442403,
        0.9511671585725785,
        0.9430025445292621,
        0.9458852867830424,
        0.9422718808193669,
        0.9372772630078403,
        0.9443795279270858,
        0.9429928741092637,
        0.9406307977736549,
        0.926232017141108,
        0.9121110176619007,
        0.8778371161548731,
        0.871331828442438,
        0.8102766798418972,
        0.7563025210084033,
        0.6900826446280992,
        0.6648648648648648,
        0.556390977443609,
        0.44339622641509435,
        0.4222222222222222,
        0.4186046511627907,
        0.4067796610169492,
        0.22058823529411764,
        0.20754716981132076,
        0.23728813559322035,
        0.25
    ]
}