{
    "Bins": [
        20.0,
        21.0,
        22.0,
        23.0,
        24.0,
        25.0,
        26.0,
        27.0,
        28.0,
        29.0,
        30.0,
        31.0,
        32.0,
        33.0,
        34.0,
        35.0,
        36.0,
        37.0,
        38.0,
        39.0,
        40.0,
        41.0,
        42.0,
        43.0,
        44.0,
        45.0,
        46.0,
        47.0,
        48.0,
        49.0,
        50.0,
        51.0,
        52.0,
        53.0,
        54.0,
        55.0,
        56.0,
        57.0,
        58.0,
        59.0,
        60.0
    ],
    "Efficiency": [
        0.2071611253196931,
        0.22246455834242093,
        0.2404115996258185,
        0.28465346534653463,
        0.2779390420899855,
        0.26721415034744156,
        0.2668478260869565,
        0.30562229697260934,
        0.2872952633908809,
        0.3177283192632387,
        0.3111432706222865,
        0.31748203900102634,
        0.3174754202346971,
        0.32662259615384615,
        0.34091571886847477,
        0.32895089884625706,
        0.3430025445292621,
        0.34463840399002493,
        0.3440409683426443,
        0.33642195295794725,
        0.35031549427436315,
        0.36342042755344417,
        0.36151603498542273,
        0.3685338230792776,
        0.35197645079899076,
        0.37316421895861146,
        0.34198645598194133,
        0.35968379446640314,
        0.36694677871148457,
        0.3677685950413223,
        0.2648648648648649,
        0.3308270676691729,
        0.3867924528301887,
        0.35555555555555557,
        0.43023255813953487,
        0.4067796610169492,
        0.36764705882352944,
        0.33962264150943394,
        0.3559322033898305,
        0.5
    ]
}