{
    "Bins": [
        20.0,
        21.0,
        22.0,
        23.0,
        24.0,
        25.0,
        26.0,
        27.0,
        28.0,
        29.0,
        30.0,
        31.0,
        32.0,
        33.0,
        34.0,
        35.0,
        36.0,
        37.0,
        38.0,
        39.0,
        40.0,
        41.0,
        42.0,
        43.0,
        44.0,
        45.0,
        46.0,
        47.0,
        48.0,
        49.0,
        50.0,
        51.0,
        52.0,
        53.0,
        54.0,
        55.0,
        56.0,
        57.0,
        58.0,
        59.0,
        60.0
    ],
    "Efficiency": [
        0.9846547314578005,
        0.9880043620501636,
        0.9887745556594949,
        0.9876237623762376,
        0.9847605224963716,
        0.98547062539482,
        0.9798913043478261,
        0.9836617011052379,
        0.9769809650287737,
        0.9762087490406753,
        0.9772069464544139,
        0.9753677728361273,
        0.9727243894703457,
        0.9696514423076923,
        0.958296879556722,
        0.9490206600482962,
        0.9468193384223919,
        0.9441396508728179,
        0.9341247672253259,
        0.9353765740080779,
        0.9333956531899976,
        0.9256532066508314,
        0.9223429631592897,
        0.911233547597184,
        0.9053826745164003,
        0.9005340453938585,
        0.9029345372460497,
        0.883399209486166,
        0.8487394957983193,
        0.8305785123966942,
        0.8378378378378378,
        0.8045112781954887,
        0.8113207547169812,
        0.8222222222222222,
        0.8255813953488372,
        0.8135593220338984,
        0.8088235294117647,
        0.7547169811320755,
        0.7288135593220338,
        0.7777777777777778
    ]
}