{
    "Bins": [
        20.0,
        21.0,
        22.0,
        23.0,
        24.0,
        25.0,
        26.0,
        27.0,
        28.0,
        29.0,
        30.0,
        31.0,
        32.0,
        33.0,
        34.0,
        35.0,
        36.0,
        37.0,
        38.0,
        39.0,
        40.0,
        41.0,
        42.0,
        43.0,
        44.0,
        45.0,
        46.0,
        47.0,
        48.0,
        49.0,
        50.0,
        51.0,
        52.0,
        53.0,
        54.0,
        55.0,
        56.0,
        57.0,
        58.0,
        59.0,
        60.0
    ],
    "Efficiency": [
        0.9782608695652174,
        0.9858233369683751,
        0.9850327408793265,
        0.9900990099009901,
        0.9869375907111756,
        0.9842072015161086,
        0.9831521739130434,
        0.9865449303219606,
        0.981850376272687,
        0.9758250191864927,
        0.9837192474674384,
        0.9743414300376325,
        0.9797018712337456,
        0.9765625,
        0.973753280839895,
        0.9699490206600483,
        0.9628498727735368,
        0.9613466334164589,
        0.9518156424581006,
        0.9493941553813258,
        0.9462491236270156,
        0.9375296912114014,
        0.9300291545189504,
        0.9158249158249159,
        0.8986543313708999,
        0.8898531375166889,
        0.8826185101580135,
        0.8656126482213439,
        0.8235294117647058,
        0.8057851239669421,
        0.8,
        0.6917293233082706,
        0.7452830188679245,
        0.7333333333333333,
        0.6627906976744186,
        0.5254237288135594,
        0.4411764705882353,
        0.37735849056603776,
        0.4406779661016949,
        0.3611111111111111
    ]
}