{
    "Bins": [
        20.0,
        21.0,
        22.0,
        23.0,
        24.0,
        25.0,
        26.0,
        27.0,
        28.0,
        29.0,
        30.0,
        31.0,
        32.0,
        33.0,
        34.0,
        35.0,
        36.0,
        37.0,
        38.0,
        39.0,
        40.0,
        41.0,
        42.0,
        43.0,
        44.0,
        45.0,
        46.0,
        47.0,
        48.0,
        49.0,
        50.0,
        51.0,
        52.0,
        53.0,
        54.0,
        55.0,
        56.0,
        57.0,
        58.0,
        59.0,
        60.0
    ],
    "Efficiency": [
        0.9629156010230179,
        0.9705561613958561,
        0.9644527595884004,
        0.966996699669967,
        0.9521044992743106,
        0.950726468730259,
        0.9407608695652174,
        0.9322441134070159,
        0.9309428950863213,
        0.9332310053722179,
        0.9298118668596237,
        0.9213137187820732,
        0.9302251823660006,
        0.9266826923076923,
        0.931758530183727,
        0.9256774885967266,
        0.9183206106870229,
        0.9211970074812967,
        0.910148975791434,
        0.9044903777619387,
        0.8955363402664174,
        0.895249406175772,
        0.8860323350119268,
        0.8662381389654117,
        0.8397813288477712,
        0.8110814419225634,
        0.8024830699774267,
        0.7628458498023716,
        0.6330532212885154,
        0.5991735537190083,
        0.5945945945945946,
        0.46616541353383456,
        0.3867924528301887,
        0.35555555555555557,
        0.3488372093023256,
        0.3220338983050847,
        0.19117647058823528,
        0.18867924528301888,
        0.1694915254237288,
        0.08333333333333333
    ]
}