{
    "Bins": [
        20.0,
        21.0,
        22.0,
        23.0,
        24.0,
        25.0,
        26.0,
        27.0,
        28.0,
        29.0,
        30.0,
        31.0,
        32.0,
        33.0,
        34.0,
        35.0,
        36.0,
        37.0,
        38.0,
        39.0,
        40.0,
        41.0,
        42.0,
        43.0,
        44.0,
        45.0,
        46.0,
        47.0,
        48.0,
        49.0,
        50.0,
        51.0,
        52.0,
        53.0,
        54.0,
        55.0,
        56.0,
        57.0,
        58.0,
        59.0,
        60.0
    ],
    "Efficiency": [
        0.9820971867007673,
        0.9836423118865867,
        0.9850327408793265,
        0.9818481848184818,
        0.9775036284470247,
        0.9684144030322173,
        0.9635869565217391,
        0.9634790965881788,
        0.9570606463036742,
        0.9577897160399079,
        0.9547756874095513,
        0.9469722887444406,
        0.9546463685379004,
        0.95703125,
        0.9585885097696122,
        0.9576066541454252,
        0.9521628498727736,
        0.9581047381546135,
        0.952513966480447,
        0.9491565692563554,
        0.9537275064267352,
        0.9520190023752969,
        0.9499072356215214,
        0.9403122130394858,
        0.9272497897392767,
        0.9058744993324432,
        0.9063205417607223,
        0.8557312252964426,
        0.8123249299719888,
        0.7644628099173554,
        0.7297297297297297,
        0.5789473684210527,
        0.5849056603773585,
        0.5777777777777777,
        0.5232558139534884,
        0.423728813559322,
        0.38235294117647056,
        0.24528301886792453,
        0.3050847457627119,
        0.25
    ]
}