{
    "Precision": [
        0.40952827069326575,
        0.8906290359856982,
        1.0
    ],
    "Recall": [
        1.0,
        0.8815685008006674,
        0.0
    ],
    "Precision-Recall AUC": 0.9103492919245395,
    "Chance Level": 0.40952827069326575
}