{
    "Precision": [
        0.40952827069326575,
        0.8764084222981149,
        1.0
    ],
    "Recall": [
        1.0,
        0.8771278242030331,
        0.0
    ],
    "Precision-Recall AUC": 0.9019279380857994,
    "Chance Level": 0.40952827069326575
}