{
    "Precision": [
        0.40952827069326575,
        0.8028924453323489,
        0.8410686918132534,
        0.8647283420684422,
        0.8828531228971677,
        0.8977381976420584,
        0.9106590062437694,
        0.9228091501823406,
        0.9354419216454164,
        0.9463847297624399,
        0.9586669660006486,
        1.0
    ],
    "Recall": [
        1.0,
        0.9950883425511015,
        0.9895711382934346,
        0.9813357016941854,
        0.9710279493493736,
        0.9549876872148884,
        0.9342241599720102,
        0.8989544225101934,
        0.8421406752519748,
        0.7365736815900313,
        0.5171638878796442,
        0.0
    ],
    "Precision-Recall AUC": 0.9565171466261303,
    "Chance Level": 0.40952827069326575
}