{
    "False Positive Rate": [
        0.0,
        0.13587556447566482,
        0.1366783743100853,
        1.0
    ],
    "True Positive Rate": [
        0.0,
        0.8568011958146488,
        0.8641753861484803,
        1.0
    ],
    "ROC AUC": 0.863591443995189
}