{
    "False Positive Rate": [
        0.0,
        0.05188158554942298,
        0.09041645760160562,
        0.12584044154540894,
        0.16417461113898646,
        0.23281485198193677,
        1.0
    ],
    "True Positive Rate": [
        0.0,
        0.6475336322869956,
        0.8822122571001495,
        0.9527653213751869,
        0.9776781265570503,
        0.9901345291479821,
        1.0
    ],
    "ROC AUC": 0.9467102922010795
}