{
    "False Positive Rate": [
        0.0,
        0.12513798294029102,
        0.12594079277471149,
        1.0
    ],
    "True Positive Rate": [
        0.0,
        0.8644743398106627,
        0.8719481813652217,
        1.0
    ],
    "ROC AUC": 0.8728830678175807
}