{
    "False Positive Rate": [
        0.0,
        0.031108881083793276,
        0.03191169091821375,
        0.05679879578524837,
        0.07636728549924737,
        0.091921726041144,
        0.091921726041144,
        0.10697441043652785,
        0.1220270948319117,
        0.1383843452082288,
        0.16216758655293528,
        0.19889613647767185,
        0.26542900150526844,
        1.0
    ],
    "True Positive Rate": [
        0.0,
        0.47643248629795715,
        0.4838066766317887,
        0.7164922770303936,
        0.8293971101145989,
        0.890881913303438,
        0.8909815645241654,
        0.9248629795714998,
        0.9467862481315397,
        0.9634280019930244,
        0.9752864972595914,
        0.9827603388141505,
        0.9918285999003488,
        1.0
    ],
    "ROC AUC": 0.9508825433111556
}