{
    "Precision": [
        0.50175,
        0.8107049608355091,
        0.857080457761859,
        0.8840499306518724,
        0.9076276399425877,
        0.9263007840342125,
        1.0
    ],
    "Recall": [
        1.0,
        0.9901345291479821,
        0.9776781265570503,
        0.9527653213751869,
        0.8822122571001495,
        0.6475336322869956,
        0.0
    ],
    "Precision-Recall AUC": 0.940617860919351,
    "Chance Level": 0.50175
}