{
    "Precision": [
        0.50175,
        0.7900460390538181,
        0.8326578858493752,
        0.858282908006665,
        0.8751697293382819,
        0.886535411029206,
        0.8969749685899294,
        0.9070711169727097,
        0.9070616883116883,
        0.9162263320123294,
        0.9270242392986076,
        0.9385269669437464,
        0.9391082302101749,
        1.0
    ],
    "Recall": [
        1.0,
        0.9918285999003488,
        0.9827603388141505,
        0.9752864972595914,
        0.9634280019930244,
        0.9467862481315397,
        0.9248629795714998,
        0.8909815645241654,
        0.890881913303438,
        0.8293971101145989,
        0.7164922770303936,
        0.4838066766317887,
        0.47643248629795715,
        0.0
    ],
    "Precision-Recall AUC": 0.9400955020050503,
    "Chance Level": 0.50175
}