{
    "Precision": [
        0.50175,
        0.8745627186406797,
        0.8743196936101593,
        1.0
    ],
    "Recall": [
        1.0,
        0.8719481813652217,
        0.8644743398106627,
        0.0
    ],
    "Precision-Recall AUC": 0.9048057482032994,
    "Chance Level": 0.50175
}