{
    "Precision": [
        0.50175,
        0.8642615108630656,
        0.8639469453376206,
        1.0
    ],
    "Recall": [
        1.0,
        0.8641753861484803,
        0.8568011958146488,
        0.0
    ],
    "Precision-Recall AUC": 0.8976570478863014,
    "Chance Level": 0.50175
}