{
    "False Positive Rate": [
        0.0,
        0.11888340317507723,
        1.0
    ],
    "True Positive Rate": [
        0.0,
        0.8625677876010927,
        1.0
    ],
    "ROC AUC": 0.8718421922130077
}