{
    "False Positive Rate": [
        0.0,
        0.017051340681493648,
        0.0319374317526389,
        0.045442242899941206,
        0.05757510709585896,
        0.07137857336183001,
        0.08723529356864868,
        0.10736651516141375,
        0.13278019916563227,
        0.17116671488702437,
        0.2439918989799061,
        1.0
    ],
    "True Positive Rate": [
        0.0,
        0.4486025325313202,
        0.6887354836973343,
        0.8161425322621884,
        0.8864532450580652,
        0.928558933161089,
        0.954839664661634,
        0.9712028850941289,
        0.9822238370137123,
        0.9901094021234508,
        0.9953843876576104,
        1.0
    ],
    "ROC AUC": 0.9688636524022549
}