{
    "False Positive Rate": [
        0.0,
        0.0919577776325982,
        1.0
    ],
    "True Positive Rate": [
        0.0,
        0.8687039952632784,
        1.0
    ],
    "ROC AUC": 0.8883731088153402
}