{
    "False Positive Rate": [
        0.0,
        0.10433329911243432,
        0.10468795206585345,
        1.0
    ],
    "True Positive Rate": [
        0.0,
        0.8360582939727907,
        0.8424770901457349,
        1.0
    ],
    "ROC AUC": 0.868707977221008
}