{
    "False Positive Rate": [
        0.0,
        0.10810381998562722,
        0.10845847293904635,
        1.0
    ],
    "True Positive Rate": [
        0.0,
        0.8371482782285737,
        0.8435401612100171,
        1.0
    ],
    "ROC AUC": 0.8673437992065496
}