{
    "False Positive Rate": [
        0.0,
        0.02483503971179781,
        0.02483503971179781,
        0.025189692665216944,
        0.04420095756297423,
        0.04420095756297423,
        0.061121636630050304,
        0.061121636630050304,
        0.0757090725825268,
        0.0757090725825268,
        0.0892512156196627,
        0.0892512156196627,
        0.10430530019505913,
        0.1212259792621352,
        0.14215050351386413,
        0.17037341222806052,
        0.22422466331301857,
        1.0
    ],
    "True Positive Rate": [
        0.0,
        0.43402903933362935,
        0.4340559525251302,
        0.44044783550657357,
        0.6514338002772059,
        0.6514472568729562,
        0.7752344811809508,
        0.7752613943724517,
        0.8492861275954409,
        0.8492995841911913,
        0.8975145667648998,
        0.8975280233606502,
        0.9278726467778181,
        0.949026415297458,
        0.9649455680701896,
        0.9783214242460943,
        0.9883465880801475,
        1.0
    ],
    "ROC AUC": 0.952945429121391
}