{
    "False Positive Rate": [
        0.0,
        0.036127936386459725,
        0.06862534648660251,
        0.09764155785976275,
        0.13070827927986783,
        0.1905512986831176,
        1.0
    ],
    "True Positive Rate": [
        0.0,
        0.5642216032188178,
        0.8241626633294309,
        0.9204715191150943,
        0.9613392004090805,
        0.984000107652766,
        1.0
    ],
    "ROC AUC": 0.9503561643102102
}