{
    "False Positive Rate": [
        0.0,
        0.05704299196085285,
        1.0
    ],
    "True Positive Rate": [
        0.0,
        0.9194172547234236,
        1.0
    ],
    "ROC AUC": 0.9311871313812854
}