{
    "False Positive Rate": [
        0.0,
        0.06689968542467668,
        1.0
    ],
    "True Positive Rate": [
        0.0,
        0.9163441839289779,
        1.0
    ],
    "ROC AUC": 0.9247222492521505
}