{
    "Bins": [
        20.0,
        21.0,
        22.0,
        23.0,
        24.0,
        25.0,
        26.0,
        27.0,
        28.0,
        29.0,
        30.0,
        31.0,
        32.0,
        33.0,
        34.0,
        35.0,
        36.0,
        37.0,
        38.0,
        39.0,
        40.0,
        41.0,
        42.0,
        43.0,
        44.0,
        45.0,
        46.0,
        47.0,
        48.0,
        49.0,
        50.0,
        51.0,
        52.0,
        53.0,
        54.0,
        55.0,
        56.0,
        57.0,
        58.0,
        59.0,
        60.0
    ],
    "Efficiency": [
        0.7621483375959079,
        0.7906215921483097,
        0.8222637979420019,
        0.8292079207920792,
        0.841799709724238,
        0.8439671509791535,
        0.866304347826087,
        0.8899567515617491,
        0.8857901726427623,
        0.8898695318495778,
        0.900506512301013,
        0.905234348272323,
        0.9137329527434189,
        0.9185697115384616,
        0.9253426655001458,
        0.9267507378588677,
        0.9241730279898219,
        0.9331670822942644,
        0.9355214152700186,
        0.9408410548823949,
        0.9448469268520683,
        0.9467933491686461,
        0.9533527696793003,
        0.9485766758494031,
        0.9537426408746846,
        0.9459279038718291,
        0.9492099322799097,
        0.9407114624505929,
        0.9495798319327731,
        0.9421487603305785,
        0.9405405405405406,
        0.9699248120300752,
        0.9339622641509434,
        0.9444444444444444,
        0.9418604651162791,
        0.9152542372881356,
        0.9411764705882353,
        1.0,
        0.9661016949152542,
        0.9722222222222222
    ]
}