{
    "Bins": [
        20.0,
        21.0,
        22.0,
        23.0,
        24.0,
        25.0,
        26.0,
        27.0,
        28.0,
        29.0,
        30.0,
        31.0,
        32.0,
        33.0,
        34.0,
        35.0,
        36.0,
        37.0,
        38.0,
        39.0,
        40.0,
        41.0,
        42.0,
        43.0,
        44.0,
        45.0,
        46.0,
        47.0,
        48.0,
        49.0,
        50.0,
        51.0,
        52.0,
        53.0,
        54.0,
        55.0,
        56.0,
        57.0,
        58.0,
        59.0,
        60.0
    ],
    "Efficiency": [
        0.989769820971867,
        0.9923664122137404,
        0.9738072965388214,
        0.9694719471947195,
        0.9484760522496372,
        0.9292482627921668,
        0.9125,
        0.9014896684286401,
        0.8946436476316955,
        0.9017651573292402,
        0.9178726483357453,
        0.9113924050632911,
        0.9241991753885189,
        0.9378004807692307,
        0.9477981918926801,
        0.9495572846793667,
        0.9544529262086514,
        0.9600997506234414,
        0.9636871508379888,
        0.9617486338797814,
        0.966347277401262,
        0.9676959619952494,
        0.9623641664457991,
        0.9562289562289562,
        0.9478553406223718,
        0.9272363150867824,
        0.9413092550790068,
        0.9090909090909091,
        0.8319327731092437,
        0.8016528925619835,
        0.7891891891891892,
        0.6090225563909775,
        0.6415094339622641,
        0.6,
        0.5116279069767442,
        0.4576271186440678,
        0.47058823529411764,
        0.32075471698113206,
        0.5254237288135594,
        0.2777777777777778
    ]
}