{
    "Bins": [
        20.0,
        21.0,
        22.0,
        23.0,
        24.0,
        25.0,
        26.0,
        27.0,
        28.0,
        29.0,
        30.0,
        31.0,
        32.0,
        33.0,
        34.0,
        35.0,
        36.0,
        37.0,
        38.0,
        39.0,
        40.0,
        41.0,
        42.0,
        43.0,
        44.0,
        45.0,
        46.0,
        47.0,
        48.0,
        49.0,
        50.0,
        51.0,
        52.0,
        53.0,
        54.0,
        55.0,
        56.0,
        57.0,
        58.0,
        59.0,
        60.0
    ],
    "Efficiency": [
        0.9923273657289002,
        0.9945474372955289,
        0.9869036482694107,
        0.981023102310231,
        0.9586357039187228,
        0.9614655716993051,
        0.9445652173913044,
        0.940413262854397,
        0.9433377600708278,
        0.9478127398311589,
        0.9522431259044862,
        0.952788231269244,
        0.963209641611164,
        0.9645432692307693,
        0.968503937007874,
        0.9686074590823719,
        0.9694656488549618,
        0.9765586034912718,
        0.9725325884543762,
        0.9741031123782371,
        0.9738256602009815,
        0.9736342042755345,
        0.9713755632122979,
        0.9666360575451485,
        0.9621530698065601,
        0.937917222963952,
        0.9571106094808126,
        0.9150197628458498,
        0.8823529411764706,
        0.8801652892561983,
        0.8648648648648649,
        0.8045112781954887,
        0.7641509433962265,
        0.7444444444444445,
        0.6627906976744186,
        0.7457627118644068,
        0.6323529411764706,
        0.4528301886792453,
        0.6610169491525424,
        0.5555555555555556
    ]
}