{
    "Bins": [
        20.0,
        21.0,
        22.0,
        23.0,
        24.0,
        25.0,
        26.0,
        27.0,
        28.0,
        29.0,
        30.0,
        31.0,
        32.0,
        33.0,
        34.0,
        35.0,
        36.0,
        37.0,
        38.0,
        39.0,
        40.0,
        41.0,
        42.0,
        43.0,
        44.0,
        45.0,
        46.0,
        47.0,
        48.0,
        49.0,
        50.0,
        51.0,
        52.0,
        53.0,
        54.0,
        55.0,
        56.0,
        57.0,
        58.0,
        59.0,
        60.0
    ],
    "Efficiency": [
        0.8324808184143222,
        0.8680479825517994,
        0.8765201122544434,
        0.8960396039603961,
        0.8904208998548622,
        0.8862918509159823,
        0.908695652173913,
        0.913022585295531,
        0.9207613988490483,
        0.9182655410590944,
        0.9265557163531114,
        0.9291823469038659,
        0.941325721535046,
        0.9371995192307693,
        0.9399241761446486,
        0.9372149181647438,
        0.9419847328244275,
        0.9496259351620948,
        0.9499534450651769,
        0.9522451888809693,
        0.9560645010516475,
        0.9529691211401425,
        0.9613040021203286,
        0.9577594123048668,
        0.9629941126997477,
        0.9526034712950601,
        0.9571106094808126,
        0.9367588932806324,
        0.9635854341736695,
        0.9380165289256198,
        0.9459459459459459,
        0.9398496240601504,
        0.9245283018867925,
        0.9222222222222223,
        0.9069767441860465,
        0.8983050847457628,
        0.9558823529411765,
        0.9622641509433962,
        0.9322033898305084,
        0.9722222222222222
    ]
}