{
    "Bins": [
        20.0,
        21.0,
        22.0,
        23.0,
        24.0,
        25.0,
        26.0,
        27.0,
        28.0,
        29.0,
        30.0,
        31.0,
        32.0,
        33.0,
        34.0,
        35.0,
        36.0,
        37.0,
        38.0,
        39.0,
        40.0,
        41.0,
        42.0,
        43.0,
        44.0,
        45.0,
        46.0,
        47.0,
        48.0,
        49.0,
        50.0,
        51.0,
        52.0,
        53.0,
        54.0,
        55.0,
        56.0,
        57.0,
        58.0,
        59.0,
        60.0
    ],
    "Efficiency": [
        0.9705882352941176,
        0.9749182115594329,
        0.9747427502338635,
        0.9661716171617162,
        0.9716981132075472,
        0.9658875552747946,
        0.9728260869565217,
        0.9687650168188371,
        0.9654714475431607,
        0.965464313123561,
        0.9728654124457308,
        0.9716045159083134,
        0.9676498572787822,
        0.9618389423076923,
        0.9588801399825022,
        0.9576066541454252,
        0.9544529262086514,
        0.9516209476309226,
        0.9485567970204841,
        0.9524827750059397,
        0.9495209161018929,
        0.9475059382422802,
        0.954943016167506,
        0.9439853076216712,
        0.9465937762825904,
        0.9299065420560748,
        0.9503386004514672,
        0.9110671936758893,
        0.9355742296918768,
        0.8966942148760331,
        0.9459459459459459,
        0.9172932330827067,
        0.9245283018867925,
        0.8444444444444444,
        0.8953488372093024,
        0.8813559322033898,
        0.9264705882352942,
        0.9056603773584906,
        0.8983050847457628,
        0.8611111111111112
    ]
}