{
    "Bins": [
        20.0,
        21.0,
        22.0,
        23.0,
        24.0,
        25.0,
        26.0,
        27.0,
        28.0,
        29.0,
        30.0,
        31.0,
        32.0,
        33.0,
        34.0,
        35.0,
        36.0,
        37.0,
        38.0,
        39.0,
        40.0,
        41.0,
        42.0,
        43.0,
        44.0,
        45.0,
        46.0,
        47.0,
        48.0,
        49.0,
        50.0,
        51.0,
        52.0,
        53.0,
        54.0,
        55.0,
        56.0,
        57.0,
        58.0,
        59.0,
        60.0
    ],
    "Efficiency": [
        0.9872122762148338,
        0.9825517993456925,
        0.9541627689429373,
        0.9438943894389439,
        0.9172714078374455,
        0.8711307643714467,
        0.8418478260869565,
        0.8159538683325325,
        0.8052235502434706,
        0.8380660015349194,
        0.8462373371924746,
        0.8518645227505987,
        0.8639391056137012,
        0.8774038461538461,
        0.8985126859142607,
        0.8926750737858867,
        0.905852417302799,
        0.9224438902743142,
        0.9162011173184358,
        0.9156569256355429,
        0.9273194671652255,
        0.9249406175771971,
        0.9215478399151869,
        0.9207223752678299,
        0.9104289318755256,
        0.8798397863818425,
        0.8882618510158014,
        0.8221343873517787,
        0.7591036414565826,
        0.7727272727272727,
        0.7135135135135136,
        0.6466165413533834,
        0.6132075471698113,
        0.6333333333333333,
        0.5581395348837209,
        0.4915254237288136,
        0.5882352941176471,
        0.39622641509433965,
        0.5084745762711864,
        0.5833333333333334
    ]
}