{
    "Bins": [
        20.0,
        21.0,
        22.0,
        23.0,
        24.0,
        25.0,
        26.0,
        27.0,
        28.0,
        29.0,
        30.0,
        31.0,
        32.0,
        33.0,
        34.0,
        35.0,
        36.0,
        37.0,
        38.0,
        39.0,
        40.0,
        41.0,
        42.0,
        43.0,
        44.0,
        45.0,
        46.0,
        47.0,
        48.0,
        49.0,
        50.0,
        51.0,
        52.0,
        53.0,
        54.0,
        55.0,
        56.0,
        57.0,
        58.0,
        59.0,
        60.0
    ],
    "Efficiency": [
        0.6930946291560103,
        0.752453653217012,
        0.7708138447146866,
        0.7574257425742574,
        0.7975326560232221,
        0.8003790271636134,
        0.8168478260869565,
        0.8332532436328688,
        0.8437361664453298,
        0.853031465848043,
        0.8574529667149059,
        0.8737598357851523,
        0.8785283856644466,
        0.8807091346153846,
        0.8915135608048994,
        0.8889187013683928,
        0.8877862595419848,
        0.9084788029925187,
        0.9052607076350093,
        0.9147065811356617,
        0.9233465763028745,
        0.9173396674584323,
        0.9374503047972436,
        0.9295990205081114,
        0.9335576114381834,
        0.9332443257676902,
        0.9300225733634312,
        0.9110671936758893,
        0.938375350140056,
        0.9173553719008265,
        0.9351351351351351,
        0.924812030075188,
        0.9150943396226415,
        0.9,
        0.8953488372093024,
        0.8813559322033898,
        0.9558823529411765,
        0.9245283018867925,
        0.9491525423728814,
        0.9722222222222222
    ]
}