{
    "Bins": [
        20.0,
        21.0,
        22.0,
        23.0,
        24.0,
        25.0,
        26.0,
        27.0,
        28.0,
        29.0,
        30.0,
        31.0,
        32.0,
        33.0,
        34.0,
        35.0,
        36.0,
        37.0,
        38.0,
        39.0,
        40.0,
        41.0,
        42.0,
        43.0,
        44.0,
        45.0,
        46.0,
        47.0,
        48.0,
        49.0,
        50.0,
        51.0,
        52.0,
        53.0,
        54.0,
        55.0,
        56.0,
        57.0,
        58.0,
        59.0,
        60.0
    ],
    "Efficiency": [
        0.7352941176470589,
        0.742639040348964,
        0.7726847521047708,
        0.759075907590759,
        0.7568940493468795,
        0.7681617182564751,
        0.783695652173913,
        0.802498798654493,
        0.8003541389995573,
        0.7954719877206446,
        0.7934153400868307,
        0.8091002394799863,
        0.8166825245797653,
        0.8088942307692307,
        0.821522309711286,
        0.8277434934263482,
        0.8211195928753181,
        0.8324189526184539,
        0.8289106145251397,
        0.8334521263958184,
        0.8310352886188361,
        0.8418052256532067,
        0.8420355155049033,
        0.8304254667891031,
        0.8359966358284272,
        0.8457943925233645,
        0.8419864559819413,
        0.8399209486166008,
        0.8179271708683473,
        0.8388429752066116,
        0.8378378378378378,
        0.7894736842105263,
        0.7924528301886793,
        0.7777777777777778,
        0.8372093023255814,
        0.864406779661017,
        0.8088235294117647,
        0.8679245283018868,
        0.8305084745762712,
        0.7777777777777778
    ]
}