{
    "Bins": [
        20.0,
        21.0,
        22.0,
        23.0,
        24.0,
        25.0,
        26.0,
        27.0,
        28.0,
        29.0,
        30.0,
        31.0,
        32.0,
        33.0,
        34.0,
        35.0,
        36.0,
        37.0,
        38.0,
        39.0,
        40.0,
        41.0,
        42.0,
        43.0,
        44.0,
        45.0,
        46.0,
        47.0,
        48.0,
        49.0,
        50.0,
        51.0,
        52.0,
        53.0,
        54.0,
        55.0,
        56.0,
        57.0,
        58.0,
        59.0,
        60.0
    ],
    "Efficiency": [
        0.9846547314578005,
        0.9836423118865867,
        0.9719363891487371,
        0.9711221122112211,
        0.9550072568940493,
        0.9450410612760581,
        0.9489130434782609,
        0.948582412301778,
        0.9499778663125277,
        0.945510360706063,
        0.9431982633863966,
        0.9414984604858022,
        0.9514747859181731,
        0.9525240384615384,
        0.9617964421114027,
        0.9605580896163134,
        0.9603053435114504,
        0.9678304239401496,
        0.962756052141527,
        0.9567593252554051,
        0.9586351951390512,
        0.9605700712589074,
        0.9520275642724623,
        0.9476584022038568,
        0.9432296047098402,
        0.9285714285714286,
        0.945823927765237,
        0.9071146245059288,
        0.8823529411764706,
        0.8388429752066116,
        0.8486486486486486,
        0.7819548872180451,
        0.7830188679245284,
        0.8111111111111111,
        0.813953488372093,
        0.847457627118644,
        0.7352941176470589,
        0.6226415094339622,
        0.711864406779661,
        0.8333333333333334
    ]
}