{
    "Bins": [
        20.0,
        21.0,
        22.0,
        23.0,
        24.0,
        25.0,
        26.0,
        27.0,
        28.0,
        29.0,
        30.0,
        31.0,
        32.0,
        33.0,
        34.0,
        35.0,
        36.0,
        37.0,
        38.0,
        39.0,
        40.0,
        41.0,
        42.0,
        43.0,
        44.0,
        45.0,
        46.0,
        47.0,
        48.0,
        49.0,
        50.0,
        51.0,
        52.0,
        53.0,
        54.0,
        55.0,
        56.0,
        57.0,
        58.0,
        59.0,
        60.0
    ],
    "Efficiency": [
        0.989769820971867,
        0.9923664122137404,
        0.9840972871842844,
        0.9801980198019802,
        0.97677793904209,
        0.9684144030322173,
        0.9570652173913043,
        0.9471407976934166,
        0.952191235059761,
        0.9497313891020721,
        0.9554992764109985,
        0.9531303455354089,
        0.9628924833491912,
        0.9660456730769231,
        0.9728783902012248,
        0.9715588945532599,
        0.9740458015267176,
        0.9798004987531173,
        0.9762569832402235,
        0.9793300071275838,
        0.9806029446132274,
        0.9819477434679335,
        0.9803869599787968,
        0.9761248852157943,
        0.9722455845248108,
        0.9626168224299065,
        0.9706546275395034,
        0.9446640316205533,
        0.9047619047619048,
        0.9008264462809917,
        0.8972972972972973,
        0.7744360902255639,
        0.7641509433962265,
        0.6666666666666666,
        0.6744186046511628,
        0.6949152542372882,
        0.5441176470588235,
        0.3584905660377358,
        0.559322033898305,
        0.3888888888888889
    ]
}