{
    "Bins": [
        20.0,
        21.0,
        22.0,
        23.0,
        24.0,
        25.0,
        26.0,
        27.0,
        28.0,
        29.0,
        30.0,
        31.0,
        32.0,
        33.0,
        34.0,
        35.0,
        36.0,
        37.0,
        38.0,
        39.0,
        40.0,
        41.0,
        42.0,
        43.0,
        44.0,
        45.0,
        46.0,
        47.0,
        48.0,
        49.0,
        50.0,
        51.0,
        52.0,
        53.0,
        54.0,
        55.0,
        56.0,
        57.0,
        58.0,
        59.0,
        60.0
    ],
    "Efficiency": [
        0.9680306905370843,
        0.9760087241003271,
        0.9429373246024322,
        0.9141914191419142,
        0.888243831640058,
        0.8496525584333544,
        0.8233695652173914,
        0.8125901009130226,
        0.813634351482957,
        0.8119723714504988,
        0.8386396526772794,
        0.8371536093055081,
        0.8499841420869013,
        0.8659855769230769,
        0.8818897637795275,
        0.8867722028441105,
        0.8849872773536895,
        0.9059850374064838,
        0.8968808193668529,
        0.9106676170111665,
        0.9114279037158215,
        0.9133016627078385,
        0.9080307447654387,
        0.9066421793694521,
        0.9020185029436502,
        0.8744993324432577,
        0.8600451467268623,
        0.8043478260869565,
        0.7563025210084033,
        0.6776859504132231,
        0.6270270270270271,
        0.631578947368421,
        0.5094339622641509,
        0.5555555555555556,
        0.5465116279069767,
        0.3728813559322034,
        0.5588235294117647,
        0.5094339622641509,
        0.5254237288135594,
        0.5277777777777778
    ]
}