{
    "Bins": [
        20.0,
        21.0,
        22.0,
        23.0,
        24.0,
        25.0,
        26.0,
        27.0,
        28.0,
        29.0,
        30.0,
        31.0,
        32.0,
        33.0,
        34.0,
        35.0,
        36.0,
        37.0,
        38.0,
        39.0,
        40.0,
        41.0,
        42.0,
        43.0,
        44.0,
        45.0,
        46.0,
        47.0,
        48.0,
        49.0,
        50.0,
        51.0,
        52.0,
        53.0,
        54.0,
        55.0,
        56.0,
        57.0,
        58.0,
        59.0,
        60.0
    ],
    "Efficiency": [
        0.0,
        0.0,
        0.0,
        0.0,
        0.0,
        0.0,
        0.0010869565217391304,
        0.0,
        0.0004426737494466578,
        0.0015349194167306216,
        0.000361794500723589,
        0.0010263427984946972,
        0.0034887408816999684,
        0.006610576923076923,
        0.010207057451151939,
        0.027367856184598874,
        0.03536895674300254,
        0.06234413965087282,
        0.09101489757914338,
        0.11404133998574484,
        0.13554568824491703,
        0.19192399049881234,
        0.22740524781341107,
        0.2641567187021732,
        0.31118587047939444,
        0.3691588785046729,
        0.3939051918735892,
        0.4743083003952569,
        0.45098039215686275,
        0.5909090909090909,
        0.6486486486486487,
        0.631578947368421,
        0.6886792452830188,
        0.6888888888888889,
        0.6744186046511628,
        0.7288135593220338,
        0.7794117647058824,
        0.8490566037735849,
        0.7627118644067796,
        0.75
    ]
}