{
    "Bins": [
        20.0,
        21.0,
        22.0,
        23.0,
        24.0,
        25.0,
        26.0,
        27.0,
        28.0,
        29.0,
        30.0,
        31.0,
        32.0,
        33.0,
        34.0,
        35.0,
        36.0,
        37.0,
        38.0,
        39.0,
        40.0,
        41.0,
        42.0,
        43.0,
        44.0,
        45.0,
        46.0,
        47.0,
        48.0,
        49.0,
        50.0,
        51.0,
        52.0,
        53.0,
        54.0,
        55.0,
        56.0,
        57.0,
        58.0,
        59.0,
        60.0
    ],
    "Efficiency": [
        0.7813299232736572,
        0.822246455834242,
        0.8325537885874649,
        0.8415841584158416,
        0.8534107402031931,
        0.8452305748578648,
        0.8755434782608695,
        0.8798654493032196,
        0.8924302788844621,
        0.8937068303914044,
        0.8976121562952243,
        0.9028395484091687,
        0.9121471614335553,
        0.9140625,
        0.915718868474774,
        0.9146766836597799,
        0.9193384223918575,
        0.927431421446384,
        0.9285381750465549,
        0.929912093133761,
        0.9369011451273662,
        0.9323040380047506,
        0.9446064139941691,
        0.943373125191307,
        0.9478553406223718,
        0.937917222963952,
        0.9492099322799097,
        0.9130434782608695,
        0.9523809523809523,
        0.9214876033057852,
        0.9459459459459459,
        0.924812030075188,
        0.9150943396226415,
        0.9111111111111111,
        0.8837209302325582,
        0.8983050847457628,
        0.9411764705882353,
        0.9433962264150944,
        0.9322033898305084,
        0.9722222222222222
    ]
}