{
    "Bins": [
        20.0,
        21.0,
        22.0,
        23.0,
        24.0,
        25.0,
        26.0,
        27.0,
        28.0,
        29.0,
        30.0,
        31.0,
        32.0,
        33.0,
        34.0,
        35.0,
        36.0,
        37.0,
        38.0,
        39.0,
        40.0,
        41.0,
        42.0,
        43.0,
        44.0,
        45.0,
        46.0,
        47.0,
        48.0,
        49.0,
        50.0,
        51.0,
        52.0,
        53.0,
        54.0,
        55.0,
        56.0,
        57.0,
        58.0,
        59.0,
        60.0
    ],
    "Efficiency": [
        1.0,
        1.0,
        1.0,
        1.0,
        1.0,
        0.9993682880606444,
        0.9994565217391305,
        1.0,
        0.9995573262505534,
        1.0,
        1.0,
        1.0,
        1.0,
        1.0,
        1.0,
        1.0,
        0.9997455470737914,
        0.9997506234413965,
        1.0,
        0.9997624138750297,
        0.9997663005375088,
        0.9992874109263657,
        1.0,
        0.9987756351392715,
        0.9987384356602187,
        0.9973297730307076,
        0.9988713318284425,
        1.0,
        0.9971988795518207,
        0.9917355371900827,
        0.9891891891891892,
        0.9774436090225563,
        0.9811320754716981,
        1.0,
        0.9534883720930233,
        1.0,
        0.9117647058823529,
        0.7735849056603774,
        0.8135593220338984,
        0.6944444444444444
    ]
}