{
    "Bins": [
        20.0,
        21.0,
        22.0,
        23.0,
        24.0,
        25.0,
        26.0,
        27.0,
        28.0,
        29.0,
        30.0,
        31.0,
        32.0,
        33.0,
        34.0,
        35.0,
        36.0,
        37.0,
        38.0,
        39.0,
        40.0,
        41.0,
        42.0,
        43.0,
        44.0,
        45.0,
        46.0,
        47.0,
        48.0,
        49.0,
        50.0,
        51.0,
        52.0,
        53.0,
        54.0,
        55.0,
        56.0,
        57.0,
        58.0,
        59.0,
        60.0
    ],
    "Efficiency": [
        0.8976982097186701,
        0.8898582333696837,
        0.90177736202058,
        0.8894389438943895,
        0.9129172714078374,
        0.8938723941882502,
        0.8945652173913043,
        0.8865929841422393,
        0.8840194776449757,
        0.8879508825786646,
        0.8798842257597684,
        0.8860759493670886,
        0.8759911195686647,
        0.8783052884615384,
        0.8815981335666375,
        0.8704051515964583,
        0.8770992366412214,
        0.8830423940149625,
        0.8736033519553073,
        0.8648134948918983,
        0.8796447768170134,
        0.8703087885985749,
        0.8719851576994434,
        0.8757269666360575,
        0.8616484440706476,
        0.8638184245660881,
        0.8724604966139955,
        0.8893280632411067,
        0.84593837535014,
        0.8223140495867769,
        0.8756756756756757,
        0.8646616541353384,
        0.8867924528301887,
        0.9,
        0.8604651162790697,
        0.8135593220338984,
        0.8088235294117647,
        0.8113207547169812,
        0.8135593220338984,
        0.8333333333333334
    ]
}