{
    "Bins": [
        20.0,
        21.0,
        22.0,
        23.0,
        24.0,
        25.0,
        26.0,
        27.0,
        28.0,
        29.0,
        30.0,
        31.0,
        32.0,
        33.0,
        34.0,
        35.0,
        36.0,
        37.0,
        38.0,
        39.0,
        40.0,
        41.0,
        42.0,
        43.0,
        44.0,
        45.0,
        46.0,
        47.0,
        48.0,
        49.0,
        50.0,
        51.0,
        52.0,
        53.0,
        54.0,
        55.0,
        56.0,
        57.0,
        58.0,
        59.0,
        60.0
    ],
    "Efficiency": [
        0.989769820971867,
        0.9945474372955289,
        0.9878391019644528,
        0.9843234323432343,
        0.9702467343976778,
        0.9715729627289956,
        0.9538043478260869,
        0.9461797212878423,
        0.9468791500664011,
        0.9462778204144282,
        0.9540520984081042,
        0.952446117003079,
        0.9644782746590549,
        0.9642427884615384,
        0.9714202391367746,
        0.9688757713979071,
        0.9727735368956743,
        0.9763092269326683,
        0.9762569832402235,
        0.9767165597529104,
        0.9803692451507362,
        0.9824228028503563,
        0.9801219188974291,
        0.972757881848791,
        0.9667788057190917,
        0.9552736982643525,
        0.9683972911963883,
        0.9407114624505929,
        0.9159663865546218,
        0.8884297520661157,
        0.8810810810810811,
        0.8195488721804511,
        0.7924528301886793,
        0.7333333333333333,
        0.686046511627907,
        0.711864406779661,
        0.6617647058823529,
        0.4716981132075472,
        0.6271186440677966,
        0.5
    ]
}