{
    "Bins": [
        20.0,
        21.0,
        22.0,
        23.0,
        24.0,
        25.0,
        26.0,
        27.0,
        28.0,
        29.0,
        30.0,
        31.0,
        32.0,
        33.0,
        34.0,
        35.0,
        36.0,
        37.0,
        38.0,
        39.0,
        40.0,
        41.0,
        42.0,
        43.0,
        44.0,
        45.0,
        46.0,
        47.0,
        48.0,
        49.0,
        50.0,
        51.0,
        52.0,
        53.0,
        54.0,
        55.0,
        56.0,
        57.0,
        58.0,
        59.0,
        60.0
    ],
    "Efficiency": [
        0.6930946291560103,
        0.752453653217012,
        0.7708138447146866,
        0.7582508250825083,
        0.7975326560232221,
        0.801010739102969,
        0.8168478260869565,
        0.8332532436328688,
        0.8441788401947764,
        0.853031465848043,
        0.8578147612156295,
        0.8734177215189873,
        0.8785283856644466,
        0.8804086538461539,
        0.8906386701662292,
        0.8889187013683928,
        0.8872773536895674,
        0.9084788029925187,
        0.9047951582867784,
        0.9144689950106913,
        0.9235802757653657,
        0.9168646080760094,
        0.9374503047972436,
        0.9295990205081114,
        0.9331370899915896,
        0.9332443257676902,
        0.9288939051918735,
        0.9110671936758893,
        0.938375350140056,
        0.9173553719008265,
        0.9351351351351351,
        0.924812030075188,
        0.9150943396226415,
        0.9,
        0.8837209302325582,
        0.8813559322033898,
        0.9558823529411765,
        0.9245283018867925,
        0.9491525423728814,
        0.9722222222222222
    ]
}