{
    "Bins": [
        20.0,
        21.0,
        22.0,
        23.0,
        24.0,
        25.0,
        26.0,
        27.0,
        28.0,
        29.0,
        30.0,
        31.0,
        32.0,
        33.0,
        34.0,
        35.0,
        36.0,
        37.0,
        38.0,
        39.0,
        40.0,
        41.0,
        42.0,
        43.0,
        44.0,
        45.0,
        46.0,
        47.0,
        48.0,
        49.0,
        50.0,
        51.0,
        52.0,
        53.0,
        54.0,
        55.0,
        56.0,
        57.0,
        58.0,
        59.0,
        60.0
    ],
    "Efficiency": [
        0.9386189258312021,
        0.9618320610687023,
        0.9635173058933583,
        0.9678217821782178,
        0.965166908563135,
        0.9665192672141504,
        0.9706521739130435,
        0.9740509370494954,
        0.9743249225320938,
        0.9739063699155794,
        0.9775687409551375,
        0.976394115634622,
        0.980336187757691,
        0.9765625,
        0.9795858850976962,
        0.9747786423396834,
        0.978117048346056,
        0.9743142144638404,
        0.9727653631284916,
        0.9745782846281777,
        0.9733582612759991,
        0.9707838479809976,
        0.9721706864564007,
        0.9651056014692379,
        0.9659377628259042,
        0.9566088117489987,
        0.9604966139954854,
        0.9644268774703557,
        0.9523809523809523,
        0.9421487603305785,
        0.9459459459459459,
        0.9398496240601504,
        0.9339622641509434,
        0.9222222222222223,
        0.9418604651162791,
        0.8813559322033898,
        0.9558823529411765,
        0.9811320754716981,
        0.847457627118644,
        0.9444444444444444
    ]
}