{
    "Bins": [
        20.0,
        21.0,
        22.0,
        23.0,
        24.0,
        25.0,
        26.0,
        27.0,
        28.0,
        29.0,
        30.0,
        31.0,
        32.0,
        33.0,
        34.0,
        35.0,
        36.0,
        37.0,
        38.0,
        39.0,
        40.0,
        41.0,
        42.0,
        43.0,
        44.0,
        45.0,
        46.0,
        47.0,
        48.0,
        49.0,
        50.0,
        51.0,
        52.0,
        53.0,
        54.0,
        55.0,
        56.0,
        57.0,
        58.0,
        59.0,
        60.0
    ],
    "Efficiency": [
        0.9910485933503836,
        0.9956379498364231,
        0.9822263797942001,
        0.9843234323432343,
        0.9716981132075472,
        0.965255843335439,
        0.95,
        0.9423354156655455,
        0.9464364763169544,
        0.9435917114351496,
        0.9479015918958031,
        0.9493670886075949,
        0.956232159847764,
        0.9588341346153846,
        0.9702537182852143,
        0.9691440837134424,
        0.9699745547073791,
        0.9775561097256857,
        0.973463687150838,
        0.9755286291280589,
        0.9796681467632624,
        0.9798099762470309,
        0.9774715080837529,
        0.9724517906336089,
        0.9646761984861227,
        0.9572763684913218,
        0.9672686230248307,
        0.9308300395256917,
        0.8991596638655462,
        0.8801652892561983,
        0.8648648648648649,
        0.7669172932330827,
        0.7358490566037735,
        0.7,
        0.6511627906976745,
        0.6949152542372882,
        0.6470588235294118,
        0.39622641509433965,
        0.576271186440678,
        0.4722222222222222
    ]
}