{
    "Bins": [
        20.0,
        21.0,
        22.0,
        23.0,
        24.0,
        25.0,
        26.0,
        27.0,
        28.0,
        29.0,
        30.0,
        31.0,
        32.0,
        33.0,
        34.0,
        35.0,
        36.0,
        37.0,
        38.0,
        39.0,
        40.0,
        41.0,
        42.0,
        43.0,
        44.0,
        45.0,
        46.0,
        47.0,
        48.0,
        49.0,
        50.0,
        51.0,
        52.0,
        53.0,
        54.0,
        55.0,
        56.0,
        57.0,
        58.0,
        59.0,
        60.0
    ],
    "Efficiency": [
        0.8644501278772379,
        0.8844056706652127,
        0.8858746492048644,
        0.9075907590759076,
        0.9100145137880987,
        0.9039797852179406,
        0.9222826086956522,
        0.9183085055261894,
        0.9256308100929614,
        0.9270913277052955,
        0.9327062228654125,
        0.9428669175504618,
        0.9441801458928005,
        0.9399038461538461,
        0.9445902595508895,
        0.9417762275288436,
        0.9412213740458015,
        0.9523690773067331,
        0.9506517690875232,
        0.9534331195058209,
        0.9586351951390512,
        0.9524940617577197,
        0.9628942486085343,
        0.960514233241506,
        0.9676198486122792,
        0.9579439252336449,
        0.9503386004514672,
        0.9426877470355731,
        0.9523809523809523,
        0.9338842975206612,
        0.9459459459459459,
        0.9473684210526315,
        0.9339622641509434,
        0.9111111111111111,
        0.9069767441860465,
        0.8983050847457628,
        0.9705882352941176,
        0.9622641509433962,
        0.9661016949152542,
        0.9722222222222222
    ]
}