{
    "Bins": [
        20.0,
        21.0,
        22.0,
        23.0,
        24.0,
        25.0,
        26.0,
        27.0,
        28.0,
        29.0,
        30.0,
        31.0,
        32.0,
        33.0,
        34.0,
        35.0,
        36.0,
        37.0,
        38.0,
        39.0,
        40.0,
        41.0,
        42.0,
        43.0,
        44.0,
        45.0,
        46.0,
        47.0,
        48.0,
        49.0,
        50.0,
        51.0,
        52.0,
        53.0,
        54.0,
        55.0,
        56.0,
        57.0,
        58.0,
        59.0,
        60.0
    ],
    "Efficiency": [
        0.9194373401534527,
        0.9345692475463467,
        0.9363891487371375,
        0.9381188118811881,
        0.9433962264150944,
        0.9374605180037903,
        0.9451086956521739,
        0.9432964920711197,
        0.9499778663125277,
        0.945510360706063,
        0.9504341534008683,
        0.9473144030106055,
        0.9536948937519822,
        0.9552283653846154,
        0.9571303587051618,
        0.9476790984706198,
        0.9488549618320611,
        0.9551122194513716,
        0.9501862197392924,
        0.9517700166310288,
        0.953493806964244,
        0.9589073634204276,
        0.9586535913066525,
        0.9571472298745026,
        0.956686291000841,
        0.9459279038718291,
        0.9616252821670429,
        0.9308300395256917,
        0.9551820728291317,
        0.9421487603305785,
        0.9351351351351351,
        0.9398496240601504,
        0.9245283018867925,
        0.9444444444444444,
        0.9534883720930233,
        0.9491525423728814,
        0.9411764705882353,
        0.9433962264150944,
        0.9152542372881356,
        0.9722222222222222
    ]
}