{
    "Bins": [
        20.0,
        21.0,
        22.0,
        23.0,
        24.0,
        25.0,
        26.0,
        27.0,
        28.0,
        29.0,
        30.0,
        31.0,
        32.0,
        33.0,
        34.0,
        35.0,
        36.0,
        37.0,
        38.0,
        39.0,
        40.0,
        41.0,
        42.0,
        43.0,
        44.0,
        45.0,
        46.0,
        47.0,
        48.0,
        49.0,
        50.0,
        51.0,
        52.0,
        53.0,
        54.0,
        55.0,
        56.0,
        57.0,
        58.0,
        59.0,
        60.0
    ],
    "Efficiency": [
        0.9718670076726342,
        0.9618320610687023,
        0.9653882132834425,
        0.966996699669967,
        0.9506531204644412,
        0.934301958307012,
        0.9125,
        0.9168668909178279,
        0.915891987605135,
        0.9109746738296239,
        0.9175108538350217,
        0.9083133766678071,
        0.9108785283856644,
        0.9242788461538461,
        0.9235928842228055,
        0.9246042393345855,
        0.9218829516539441,
        0.9261845386533666,
        0.9241154562383612,
        0.9242100261344738,
        0.9240476746903482,
        0.920665083135392,
        0.9154518950437318,
        0.8977655341291705,
        0.8755256518082423,
        0.8364485981308412,
        0.7900677200902935,
        0.7430830039525692,
        0.6498599439775911,
        0.6033057851239669,
        0.5513513513513514,
        0.44360902255639095,
        0.3584905660377358,
        0.36666666666666664,
        0.29069767441860467,
        0.3050847457627119,
        0.16176470588235295,
        0.1509433962264151,
        0.06779661016949153,
        0.1388888888888889
    ]
}