{
    "Bins": [
        20.0,
        21.0,
        22.0,
        23.0,
        24.0,
        25.0,
        26.0,
        27.0,
        28.0,
        29.0,
        30.0,
        31.0,
        32.0,
        33.0,
        34.0,
        35.0,
        36.0,
        37.0,
        38.0,
        39.0,
        40.0,
        41.0,
        42.0,
        43.0,
        44.0,
        45.0,
        46.0,
        47.0,
        48.0,
        49.0,
        50.0,
        51.0,
        52.0,
        53.0,
        54.0,
        55.0,
        56.0,
        57.0,
        58.0,
        59.0,
        60.0
    ],
    "Efficiency": [
        0.7506393861892583,
        0.7688113413304253,
        0.7885874649204865,
        0.8094059405940595,
        0.7997097242380261,
        0.7972204674668352,
        0.8141304347826087,
        0.8395002402691014,
        0.8353253652058433,
        0.8338449731389103,
        0.83972503617945,
        0.8450222374273008,
        0.8528385664446558,
        0.8575721153846154,
        0.868766404199475,
        0.8647705929702173,
        0.8687022900763359,
        0.8775561097256858,
        0.8859404096834265,
        0.8821572820147303,
        0.8854872633792942,
        0.8942992874109263,
        0.904320169626292,
        0.9051117232935415,
        0.9015979814970564,
        0.9018691588785047,
        0.8905191873589164,
        0.9031620553359684,
        0.9131652661064426,
        0.8884297520661157,
        0.9243243243243243,
        0.8872180451127819,
        0.8962264150943396,
        0.8888888888888888,
        0.8604651162790697,
        0.8813559322033898,
        0.8382352941176471,
        0.9056603773584906,
        0.8813559322033898,
        0.9166666666666666
    ]
}