{
    "Bins": [
        20.0,
        21.0,
        22.0,
        23.0,
        24.0,
        25.0,
        26.0,
        27.0,
        28.0,
        29.0,
        30.0,
        31.0,
        32.0,
        33.0,
        34.0,
        35.0,
        36.0,
        37.0,
        38.0,
        39.0,
        40.0,
        41.0,
        42.0,
        43.0,
        44.0,
        45.0,
        46.0,
        47.0,
        48.0,
        49.0,
        50.0,
        51.0,
        52.0,
        53.0,
        54.0,
        55.0,
        56.0,
        57.0,
        58.0,
        59.0,
        60.0
    ],
    "Efficiency": [
        0.9373401534526854,
        0.9345692475463467,
        0.9298409728718429,
        0.9075907590759076,
        0.8940493468795355,
        0.8515476942514214,
        0.8418478260869565,
        0.8279673234022105,
        0.8193891102257637,
        0.8238679969301612,
        0.8314037626628076,
        0.8292849811837154,
        0.8315889628924833,
        0.8410456730769231,
        0.8445610965296004,
        0.8489401663536357,
        0.8595419847328244,
        0.8610972568578553,
        0.8608007448789572,
        0.8555476360180565,
        0.8660902079925216,
        0.8748218527315914,
        0.8568778160614895,
        0.8448117539026629,
        0.8246425567703953,
        0.7590120160213618,
        0.7528216704288939,
        0.7233201581027668,
        0.6610644257703081,
        0.6033057851239669,
        0.6270270270270271,
        0.5112781954887218,
        0.4716981132075472,
        0.3888888888888889,
        0.38372093023255816,
        0.3728813559322034,
        0.3088235294117647,
        0.16981132075471697,
        0.3050847457627119,
        0.3888888888888889
    ]
}