{
    "Bins": [
        20.0,
        21.0,
        22.0,
        23.0,
        24.0,
        25.0,
        26.0,
        27.0,
        28.0,
        29.0,
        30.0,
        31.0,
        32.0,
        33.0,
        34.0,
        35.0,
        36.0,
        37.0,
        38.0,
        39.0,
        40.0,
        41.0,
        42.0,
        43.0,
        44.0,
        45.0,
        46.0,
        47.0,
        48.0,
        49.0,
        50.0,
        51.0,
        52.0,
        53.0,
        54.0,
        55.0,
        56.0,
        57.0,
        58.0,
        59.0,
        60.0
    ],
    "Efficiency": [
        0.9117647058823529,
        0.916030534351145,
        0.9289055191768008,
        0.9224422442244224,
        0.9201741654571843,
        0.9166140240050537,
        0.9179347826086957,
        0.9187890437289764,
        0.9229747675962815,
        0.9033000767459708,
        0.9095513748191028,
        0.9096818337324667,
        0.9089755788138281,
        0.9068509615384616,
        0.910469524642753,
        0.9063590018781862,
        0.9124681933842239,
        0.9192019950124688,
        0.9213221601489758,
        0.9253979567593252,
        0.9308249591025941,
        0.939667458432304,
        0.9361250993904056,
        0.933272115090297,
        0.936080740117746,
        0.9405874499332443,
        0.9367945823927766,
        0.9446640316205533,
        0.9411764705882353,
        0.9338842975206612,
        0.9351351351351351,
        0.9323308270676691,
        0.9245283018867925,
        0.9333333333333333,
        0.9418604651162791,
        0.9152542372881356,
        0.9558823529411765,
        0.9433962264150944,
        0.847457627118644,
        0.8888888888888888
    ]
}