{
    "Bins": [
        20.0,
        21.0,
        22.0,
        23.0,
        24.0,
        25.0,
        26.0,
        27.0,
        28.0,
        29.0,
        30.0,
        31.0,
        32.0,
        33.0,
        34.0,
        35.0,
        36.0,
        37.0,
        38.0,
        39.0,
        40.0,
        41.0,
        42.0,
        43.0,
        44.0,
        45.0,
        46.0,
        47.0,
        48.0,
        49.0,
        50.0,
        51.0,
        52.0,
        53.0,
        54.0,
        55.0,
        56.0,
        57.0,
        58.0,
        59.0,
        60.0
    ],
    "Efficiency": [
        0.9757033248081841,
        0.9781897491821155,
        0.9738072965388214,
        0.9752475247524752,
        0.9680696661828737,
        0.9570435881238155,
        0.9440217391304347,
        0.9437770302739068,
        0.935369632580788,
        0.9351496546431313,
        0.9316208393632417,
        0.9315771467670202,
        0.9333967649857279,
        0.9453125,
        0.9402158063575387,
        0.9476790984706198,
        0.9376590330788804,
        0.9453865336658354,
        0.9406424581005587,
        0.9463055357567118,
        0.9469502220144894,
        0.9403800475059383,
        0.9406307977736549,
        0.9247015610651974,
        0.9129520605550883,
        0.8765020026702269,
        0.8589164785553047,
        0.8300395256916996,
        0.7478991596638656,
        0.6776859504132231,
        0.6594594594594595,
        0.5639097744360902,
        0.5188679245283019,
        0.4666666666666667,
        0.3488372093023256,
        0.3898305084745763,
        0.23529411764705882,
        0.11320754716981132,
        0.1864406779661017,
        0.16666666666666666
    ]
}