{
    "Bins": [
        20.0,
        21.0,
        22.0,
        23.0,
        24.0,
        25.0,
        26.0,
        27.0,
        28.0,
        29.0,
        30.0,
        31.0,
        32.0,
        33.0,
        34.0,
        35.0,
        36.0,
        37.0,
        38.0,
        39.0,
        40.0,
        41.0,
        42.0,
        43.0,
        44.0,
        45.0,
        46.0,
        47.0,
        48.0,
        49.0,
        50.0,
        51.0,
        52.0,
        53.0,
        54.0,
        55.0,
        56.0,
        57.0,
        58.0,
        59.0,
        60.0
    ],
    "Efficiency": [
        0.2966751918158568,
        0.30970556161395857,
        0.3274087932647334,
        0.31518151815181517,
        0.3164005805515239,
        0.3215413771320278,
        0.33967391304347827,
        0.32868813070639114,
        0.3466135458167331,
        0.3365310821181888,
        0.3303183791606368,
        0.3301402668491276,
        0.33618775769108783,
        0.3563701923076923,
        0.352580927384077,
        0.3270727126375101,
        0.34045801526717556,
        0.33566084788029926,
        0.3505586592178771,
        0.3402233309574721,
        0.32250525823790605,
        0.342042755344418,
        0.34852902199840974,
        0.367003367003367,
        0.33641715727502103,
        0.32777036048064084,
        0.32844243792325056,
        0.31225296442687744,
        0.32212885154061627,
        0.2768595041322314,
        0.23783783783783785,
        0.2932330827067669,
        0.33962264150943394,
        0.28888888888888886,
        0.26744186046511625,
        0.288135593220339,
        0.20588235294117646,
        0.33962264150943394,
        0.3220338983050847,
        0.3333333333333333
    ]
}