{
    "Bins": [
        20.0,
        21.0,
        22.0,
        23.0,
        24.0,
        25.0,
        26.0,
        27.0,
        28.0,
        29.0,
        30.0,
        31.0,
        32.0,
        33.0,
        34.0,
        35.0,
        36.0,
        37.0,
        38.0,
        39.0,
        40.0,
        41.0,
        42.0,
        43.0,
        44.0,
        45.0,
        46.0,
        47.0,
        48.0,
        49.0,
        50.0,
        51.0,
        52.0,
        53.0,
        54.0,
        55.0,
        56.0,
        57.0,
        58.0,
        59.0,
        60.0
    ],
    "Efficiency": [
        0.9859335038363172,
        0.9880043620501636,
        0.9869036482694107,
        0.9867986798679867,
        0.9869375907111756,
        0.9823120656980417,
        0.9771739130434782,
        0.9759730898606439,
        0.9685701637892873,
        0.9700690713737529,
        0.9688856729377714,
        0.959288402326377,
        0.956232159847764,
        0.9579326923076923,
        0.9437153689122193,
        0.9369466058492085,
        0.9201017811704835,
        0.9246882793017457,
        0.9057262569832403,
        0.9044903777619387,
        0.8976396354288385,
        0.8950118764845606,
        0.8894778690697058,
        0.8711355984083257,
        0.8666947014297729,
        0.849799732977303,
        0.8442437923250564,
        0.841897233201581,
        0.7983193277310925,
        0.7644628099173554,
        0.7783783783783784,
        0.7218045112781954,
        0.7358490566037735,
        0.7,
        0.6395348837209303,
        0.6949152542372882,
        0.5735294117647058,
        0.49056603773584906,
        0.5423728813559322,
        0.4166666666666667
    ]
}