{
    "Bins": [
        20.0,
        21.0,
        22.0,
        23.0,
        24.0,
        25.0,
        26.0,
        27.0,
        28.0,
        29.0,
        30.0,
        31.0,
        32.0,
        33.0,
        34.0,
        35.0,
        36.0,
        37.0,
        38.0,
        39.0,
        40.0,
        41.0,
        42.0,
        43.0,
        44.0,
        45.0,
        46.0,
        47.0,
        48.0,
        49.0,
        50.0,
        51.0,
        52.0,
        53.0,
        54.0,
        55.0,
        56.0,
        57.0,
        58.0,
        59.0,
        60.0
    ],
    "Efficiency": [
        0.43861892583120204,
        0.4820065430752454,
        0.470533208606174,
        0.48514851485148514,
        0.4746008708272859,
        0.4662034112444725,
        0.4826086956521739,
        0.48582412301777994,
        0.5050907481186365,
        0.5084420567920184,
        0.5014471780028944,
        0.49196031474512486,
        0.5112591183000317,
        0.5255408653846154,
        0.5290172061825605,
        0.5092567748859672,
        0.528498727735369,
        0.5194513715710724,
        0.5365456238361266,
        0.5174625801853172,
        0.5176443094180884,
        0.5313539192399049,
        0.5306122448979592,
        0.5650443832262014,
        0.5336417157275021,
        0.5293724966622163,
        0.5158013544018059,
        0.5395256916996047,
        0.5406162464985994,
        0.49586776859504134,
        0.4756756756756757,
        0.47368421052631576,
        0.5094339622641509,
        0.5444444444444444,
        0.5,
        0.5084745762711864,
        0.39705882352941174,
        0.5471698113207547,
        0.5423728813559322,
        0.6111111111111112
    ]
}