{
    "Bins": [
        20.0,
        21.0,
        22.0,
        23.0,
        24.0,
        25.0,
        26.0,
        27.0,
        28.0,
        29.0,
        30.0,
        31.0,
        32.0,
        33.0,
        34.0,
        35.0,
        36.0,
        37.0,
        38.0,
        39.0,
        40.0,
        41.0,
        42.0,
        43.0,
        44.0,
        45.0,
        46.0,
        47.0,
        48.0,
        49.0,
        50.0,
        51.0,
        52.0,
        53.0,
        54.0,
        55.0,
        56.0,
        57.0,
        58.0,
        59.0,
        60.0
    ],
    "Efficiency": [
        0.9296675191815856,
        0.9345692475463467,
        0.9466791393826005,
        0.943069306930693,
        0.9477503628447025,
        0.9463044851547694,
        0.9565217391304348,
        0.9466602594906295,
        0.9570606463036742,
        0.9497313891020721,
        0.9547756874095513,
        0.952788231269244,
        0.9549635267998732,
        0.953125,
        0.9533391659375912,
        0.9492889723638315,
        0.9478371501272265,
        0.9493765586034912,
        0.9450651769087524,
        0.9479686386315039,
        0.9464828230895069,
        0.9482185273159145,
        0.9411608799363902,
        0.9366391184573003,
        0.9352396972245585,
        0.937917222963952,
        0.9367945823927766,
        0.950592885375494,
        0.9299719887955182,
        0.9338842975206612,
        0.9297297297297298,
        0.924812030075188,
        0.9245283018867925,
        0.9333333333333333,
        0.9302325581395349,
        0.9152542372881356,
        0.9411764705882353,
        0.8867924528301887,
        0.847457627118644,
        0.8611111111111112
    ]
}