{
    "Bins": [
        20.0,
        21.0,
        22.0,
        23.0,
        24.0,
        25.0,
        26.0,
        27.0,
        28.0,
        29.0,
        30.0,
        31.0,
        32.0,
        33.0,
        34.0,
        35.0,
        36.0,
        37.0,
        38.0,
        39.0,
        40.0,
        41.0,
        42.0,
        43.0,
        44.0,
        45.0,
        46.0,
        47.0,
        48.0,
        49.0,
        50.0,
        51.0,
        52.0,
        53.0,
        54.0,
        55.0,
        56.0,
        57.0,
        58.0,
        59.0,
        60.0
    ],
    "Efficiency": [
        0.0,
        0.0,
        0.0,
        0.0,
        0.0,
        0.0,
        0.0005434782608695652,
        0.0,
        0.0,
        0.0,
        0.000361794500723589,
        0.0,
        0.0006343165239454488,
        0.00030048076923076925,
        0.0029163021289005542,
        0.0029514354708881137,
        0.002544529262086514,
        0.004987531172069825,
        0.006983240223463687,
        0.00831551437396056,
        0.011684973124561814,
        0.01496437054631829,
        0.021203286509408958,
        0.03734312825221916,
        0.06938603868797309,
        0.1308411214953271,
        0.2020316027088036,
        0.2964426877470356,
        0.4789915966386555,
        0.6776859504132231,
        0.9027027027027027,
        0.9323308270676691,
        0.9056603773584906,
        0.8888888888888888,
        0.9186046511627907,
        0.8813559322033898,
        0.9117647058823529,
        1.0,
        0.8983050847457628,
        0.9444444444444444
    ]
}