{
    "Bins": [
        20.0,
        21.0,
        22.0,
        23.0,
        24.0,
        25.0,
        26.0,
        27.0,
        28.0,
        29.0,
        30.0,
        31.0,
        32.0,
        33.0,
        34.0,
        35.0,
        36.0,
        37.0,
        38.0,
        39.0,
        40.0,
        41.0,
        42.0,
        43.0,
        44.0,
        45.0,
        46.0,
        47.0,
        48.0,
        49.0,
        50.0,
        51.0,
        52.0,
        53.0,
        54.0,
        55.0,
        56.0,
        57.0,
        58.0,
        59.0,
        60.0
    ],
    "Efficiency": [
        0.979539641943734,
        0.9814612868047983,
        0.9812909260991581,
        0.9785478547854786,
        0.9804063860667634,
        0.9753632343651295,
        0.9684782608695652,
        0.9735703988467083,
        0.9672421425409473,
        0.9639293937068304,
        0.9659913169319826,
        0.9613410879233664,
        0.9568664763717095,
        0.9501201923076923,
        0.9422572178477691,
        0.9404346659511672,
        0.9351145038167938,
        0.9351620947630923,
        0.9290037243947858,
        0.9287241625089094,
        0.9296564617901378,
        0.930166270783848,
        0.9287039491121124,
        0.9185797367615549,
        0.9192598822539949,
        0.9172229639519359,
        0.9063205417607223,
        0.9051383399209486,
        0.876750700280112,
        0.8760330578512396,
        0.8864864864864865,
        0.849624060150376,
        0.8773584905660378,
        0.8444444444444444,
        0.8604651162790697,
        0.8305084745762712,
        0.8823529411764706,
        0.7547169811320755,
        0.6949152542372882,
        0.6944444444444444
    ]
}