{
    "Bins": [
        20.0,
        21.0,
        22.0,
        23.0,
        24.0,
        25.0,
        26.0,
        27.0,
        28.0,
        29.0,
        30.0,
        31.0,
        32.0,
        33.0,
        34.0,
        35.0,
        36.0,
        37.0,
        38.0,
        39.0,
        40.0,
        41.0,
        42.0,
        43.0,
        44.0,
        45.0,
        46.0,
        47.0,
        48.0,
        49.0,
        50.0,
        51.0,
        52.0,
        53.0,
        54.0,
        55.0,
        56.0,
        57.0,
        58.0,
        59.0,
        60.0
    ],
    "Efficiency": [
        0.12276214833759591,
        0.09378407851690294,
        0.07390084190832553,
        0.03712871287128713,
        0.031204644412191583,
        0.026531901452937462,
        0.02391304347826087,
        0.016338298894762134,
        0.01239486498450642,
        0.011511895625479662,
        0.010492040520984082,
        0.00752651385562778,
        0.007611798287345386,
        0.007211538461538462,
        0.011956838728492273,
        0.007244432519452643,
        0.007888040712468193,
        0.005486284289276808,
        0.0074487895716946,
        0.007602755999049656,
        0.006543584949754616,
        0.00665083135391924,
        0.008216273522395972,
        0.007040097949188858,
        0.006307821698906644,
        0.0026702269692923898,
        0.003386004514672686,
        0.003952569169960474,
        0.008403361344537815,
        0.008264462809917356,
        0.0,
        0.0,
        0.0,
        0.0,
        0.0,
        0.0,
        0.014705882352941176,
        0.0,
        0.03389830508474576,
        0.0
    ]
}