{
    "Bins": [
        20.0,
        21.0,
        22.0,
        23.0,
        24.0,
        25.0,
        26.0,
        27.0,
        28.0,
        29.0,
        30.0,
        31.0,
        32.0,
        33.0,
        34.0,
        35.0,
        36.0,
        37.0,
        38.0,
        39.0,
        40.0,
        41.0,
        42.0,
        43.0,
        44.0,
        45.0,
        46.0,
        47.0,
        48.0,
        49.0,
        50.0,
        51.0,
        52.0,
        53.0,
        54.0,
        55.0,
        56.0,
        57.0,
        58.0,
        59.0,
        60.0
    ],
    "Efficiency": [
        0.9705882352941176,
        0.9825517993456925,
        0.9822263797942001,
        0.9876237623762376,
        0.9818577648766328,
        0.9804169298799748,
        0.9788043478260869,
        0.9831811629024507,
        0.9756529437804338,
        0.9750575594781274,
        0.9775687409551375,
        0.9712624016421485,
        0.975895972090073,
        0.9759615384615384,
        0.9728783902012248,
        0.9640461497182721,
        0.9580152671755725,
        0.957356608478803,
        0.9504189944134078,
        0.9460679496317415,
        0.941575134377191,
        0.938479809976247,
        0.9281738669493772,
        0.911233547597184,
        0.892767031118587,
        0.8891855807743658,
        0.8758465011286681,
        0.8715415019762845,
        0.8179271708683473,
        0.78099173553719,
        0.7567567567567568,
        0.6541353383458647,
        0.6698113207547169,
        0.6,
        0.5465116279069767,
        0.5254237288135594,
        0.35294117647058826,
        0.20754716981132076,
        0.23728813559322035,
        0.027777777777777776
    ]
}