{
    "Bins": [
        20.0,
        21.0,
        22.0,
        23.0,
        24.0,
        25.0,
        26.0,
        27.0,
        28.0,
        29.0,
        30.0,
        31.0,
        32.0,
        33.0,
        34.0,
        35.0,
        36.0,
        37.0,
        38.0,
        39.0,
        40.0,
        41.0,
        42.0,
        43.0,
        44.0,
        45.0,
        46.0,
        47.0,
        48.0,
        49.0,
        50.0,
        51.0,
        52.0,
        53.0,
        54.0,
        55.0,
        56.0,
        57.0,
        58.0,
        59.0,
        60.0
    ],
    "Efficiency": [
        0.9552429667519181,
        0.9596510359869138,
        0.9653882132834425,
        0.9653465346534653,
        0.9571843251088534,
        0.9513581806696146,
        0.9440217391304347,
        0.9476213358962038,
        0.9371403275785746,
        0.9374520337682272,
        0.9384949348769899,
        0.9312350325008553,
        0.937836980653346,
        0.9384014423076923,
        0.9378827646544182,
        0.9321169841695733,
        0.9246819338422392,
        0.9251870324189526,
        0.9180633147113594,
        0.9120931337609883,
        0.9074550128534704,
        0.9059382422802851,
        0.8995494301616751,
        0.8818487909397,
        0.862910008410429,
        0.835113484646195,
        0.8171557562076749,
        0.782608695652174,
        0.6722689075630253,
        0.6322314049586777,
        0.6054054054054054,
        0.49624060150375937,
        0.44339622641509435,
        0.35555555555555557,
        0.22093023255813954,
        0.22033898305084745,
        0.08823529411764706,
        0.07547169811320754,
        0.06779661016949153,
        0.027777777777777776
    ]
}