{
    "Bins": [
        20.0,
        21.0,
        22.0,
        23.0,
        24.0,
        25.0,
        26.0,
        27.0,
        28.0,
        29.0,
        30.0,
        31.0,
        32.0,
        33.0,
        34.0,
        35.0,
        36.0,
        37.0,
        38.0,
        39.0,
        40.0,
        41.0,
        42.0,
        43.0,
        44.0,
        45.0,
        46.0,
        47.0,
        48.0,
        49.0,
        50.0,
        51.0,
        52.0,
        53.0,
        54.0,
        55.0,
        56.0,
        57.0,
        58.0,
        59.0,
        60.0
    ],
    "Efficiency": [
        0.677570093457944,
        0.7732793522267206,
        0.8487972508591065,
        0.9372937293729373,
        0.9262899262899262,
        0.957345971563981,
        0.9701149425287356,
        0.9878787878787879,
        0.9794168096054888,
        0.9936204146730463,
        0.9881656804733728,
        0.9944367176634215,
        0.9972972972972973,
        0.9973509933774835,
        0.9951397326852977,
        0.997624703087886,
        0.9965714285714286,
        0.9979508196721312,
        0.9979013641133263,
        0.995880535530381,
        0.9968387776606955,
        0.9989462592202318,
        0.9989071038251366,
        0.9986910994764397,
        1.0,
        0.9936507936507937,
        1.0,
        0.9923664122137404,
        1.0,
        1.0,
        1.0,
        1.0,
        1.0,
        1.0,
        0.9473684210526315,
        1.0,
        1.0,
        1.0,
        1.0,
        1.0
    ]
}