{
    "Bins": [
        20.0,
        21.0,
        22.0,
        23.0,
        24.0,
        25.0,
        26.0,
        27.0,
        28.0,
        29.0,
        30.0,
        31.0,
        32.0,
        33.0,
        34.0,
        35.0,
        36.0,
        37.0,
        38.0,
        39.0,
        40.0,
        41.0,
        42.0,
        43.0,
        44.0,
        45.0,
        46.0,
        47.0,
        48.0,
        49.0,
        50.0,
        51.0,
        52.0,
        53.0,
        54.0,
        55.0,
        56.0,
        57.0,
        58.0,
        59.0,
        60.0
    ],
    "Efficiency": [
        0.21495327102803738,
        0.242914979757085,
        0.24054982817869416,
        0.27722772277227725,
        0.32186732186732187,
        0.28672985781990523,
        0.3425287356321839,
        0.3656565656565657,
        0.3687821612349914,
        0.4258373205741627,
        0.4156804733727811,
        0.42559109874826145,
        0.43108108108108106,
        0.49801324503311256,
        0.4848116646415553,
        0.505938242280285,
        0.5005714285714286,
        0.5522540983606558,
        0.5110178384050367,
        0.564366632337796,
        0.5616438356164384,
        0.5310853530031612,
        0.5693989071038251,
        0.5706806282722513,
        0.5515370705244123,
        0.5587301587301587,
        0.5739644970414202,
        0.6335877862595419,
        0.7142857142857143,
        0.6481481481481481,
        0.6875,
        0.48484848484848486,
        0.6428571428571429,
        0.5,
        0.5263157894736842,
        0.6666666666666666,
        0.4666666666666667,
        0.5714285714285714,
        0.5,
        0.8571428571428571
    ]
}