{
    "Bins": [
        20.0,
        21.0,
        22.0,
        23.0,
        24.0,
        25.0,
        26.0,
        27.0,
        28.0,
        29.0,
        30.0,
        31.0,
        32.0,
        33.0,
        34.0,
        35.0,
        36.0,
        37.0,
        38.0,
        39.0,
        40.0,
        41.0,
        42.0,
        43.0,
        44.0,
        45.0,
        46.0,
        47.0,
        48.0,
        49.0,
        50.0,
        51.0,
        52.0,
        53.0,
        54.0,
        55.0,
        56.0,
        57.0,
        58.0,
        59.0,
        60.0
    ],
    "Efficiency": [
        0.7570093457943925,
        0.8299595141700404,
        0.9175257731958762,
        0.9405940594059405,
        0.9434889434889435,
        0.9691943127962085,
        0.9793103448275862,
        0.9818181818181818,
        0.9777015437392796,
        0.9920255183413078,
        0.977810650887574,
        0.9944367176634215,
        0.9932432432432432,
        0.9947019867549669,
        0.982989064398542,
        0.9916864608076009,
        0.9977142857142857,
        0.9969262295081968,
        0.9968520461699895,
        0.9897013388259527,
        0.9968387776606955,
        0.9947312961011591,
        0.9978142076502732,
        0.9921465968586387,
        1.0,
        0.9904761904761905,
        0.9940828402366864,
        0.9923664122137404,
        0.987012987012987,
        1.0,
        0.9791666666666666,
        1.0,
        1.0,
        1.0,
        0.9473684210526315,
        1.0,
        1.0,
        1.0,
        1.0,
        1.0
    ]
}