{
    "Bins": [
        20.0,
        21.0,
        22.0,
        23.0,
        24.0,
        25.0,
        26.0,
        27.0,
        28.0,
        29.0,
        30.0,
        31.0,
        32.0,
        33.0,
        34.0,
        35.0,
        36.0,
        37.0,
        38.0,
        39.0,
        40.0,
        41.0,
        42.0,
        43.0,
        44.0,
        45.0,
        46.0,
        47.0,
        48.0,
        49.0,
        50.0,
        51.0,
        52.0,
        53.0,
        54.0,
        55.0,
        56.0,
        57.0,
        58.0,
        59.0,
        60.0
    ],
    "Efficiency": [
        0.09813084112149532,
        0.18218623481781376,
        0.3161512027491409,
        0.46534653465346537,
        0.4692874692874693,
        0.5071090047393365,
        0.5632183908045977,
        0.6484848484848484,
        0.6946826758147513,
        0.7511961722488039,
        0.7514792899408284,
        0.799721835883171,
        0.8148648648648649,
        0.8264900662251655,
        0.8566221142162819,
        0.8527315914489311,
        0.8777142857142857,
        0.9108606557377049,
        0.906610703043022,
        0.9073120494335737,
        0.9230769230769231,
        0.9336143308746049,
        0.9508196721311475,
        0.9607329842931938,
        0.9529837251356239,
        0.9333333333333333,
        0.9644970414201184,
        0.9694656488549618,
        0.948051948051948,
        0.9814814814814815,
        0.9791666666666666,
        1.0,
        0.9642857142857143,
        1.0,
        0.9473684210526315,
        1.0,
        1.0,
        1.0,
        0.875,
        1.0
    ]
}