{
    "Bins": [
        20.0,
        21.0,
        22.0,
        23.0,
        24.0,
        25.0,
        26.0,
        27.0,
        28.0,
        29.0,
        30.0,
        31.0,
        32.0,
        33.0,
        34.0,
        35.0,
        36.0,
        37.0,
        38.0,
        39.0,
        40.0,
        41.0,
        42.0,
        43.0,
        44.0,
        45.0,
        46.0,
        47.0,
        48.0,
        49.0,
        50.0,
        51.0,
        52.0,
        53.0,
        54.0,
        55.0,
        56.0,
        57.0,
        58.0,
        59.0,
        60.0
    ],
    "Efficiency": [
        0.2336448598130841,
        0.27125506072874495,
        0.4054982817869416,
        0.44884488448844884,
        0.5307125307125307,
        0.5450236966824644,
        0.5885057471264368,
        0.6606060606060606,
        0.7032590051457976,
        0.7256778309409888,
        0.75,
        0.7774687065368567,
        0.7837837837837838,
        0.7947019867549668,
        0.827460510328068,
        0.8456057007125891,
        0.8491428571428571,
        0.8872950819672131,
        0.8803777544596013,
        0.8774459320288363,
        0.8956796628029505,
        0.8893572181243414,
        0.9169398907103825,
        0.9162303664921466,
        0.9240506329113924,
        0.926984126984127,
        0.9467455621301775,
        0.9465648854961832,
        0.935064935064935,
        0.9444444444444444,
        0.9791666666666666,
        0.9090909090909091,
        0.9642857142857143,
        1.0,
        0.9473684210526315,
        0.9166666666666666,
        0.9333333333333333,
        0.9285714285714286,
        0.875,
        1.0
    ]
}