{
    "Bins": [
        20.0,
        21.0,
        22.0,
        23.0,
        24.0,
        25.0,
        26.0,
        27.0,
        28.0,
        29.0,
        30.0,
        31.0,
        32.0,
        33.0,
        34.0,
        35.0,
        36.0,
        37.0,
        38.0,
        39.0,
        40.0,
        41.0,
        42.0,
        43.0,
        44.0,
        45.0,
        46.0,
        47.0,
        48.0,
        49.0,
        50.0,
        51.0,
        52.0,
        53.0,
        54.0,
        55.0,
        56.0,
        57.0,
        58.0,
        59.0,
        60.0
    ],
    "Efficiency": [
        0.7289719626168224,
        0.7651821862348178,
        0.8797250859106529,
        0.9240924092409241,
        0.9336609336609336,
        0.9454976303317536,
        0.9494252873563218,
        0.9737373737373738,
        0.967409948542024,
        0.9840510366826156,
        0.9718934911242604,
        0.9902642559109874,
        0.9918918918918919,
        0.990728476821192,
        0.9817739975698664,
        0.9904988123515439,
        0.9942857142857143,
        0.9948770491803278,
        0.9895068205666316,
        0.9866117404737385,
        0.9926238145416227,
        0.9915700737618546,
        0.9901639344262295,
        0.9895287958115183,
        0.9945750452079566,
        0.9936507936507937,
        0.9881656804733728,
        0.9847328244274809,
        1.0,
        1.0,
        0.9791666666666666,
        1.0,
        1.0,
        1.0,
        0.9473684210526315,
        1.0,
        1.0,
        1.0,
        1.0,
        1.0
    ]
}