{
    "Bins": [
        20.0,
        21.0,
        22.0,
        23.0,
        24.0,
        25.0,
        26.0,
        27.0,
        28.0,
        29.0,
        30.0,
        31.0,
        32.0,
        33.0,
        34.0,
        35.0,
        36.0,
        37.0,
        38.0,
        39.0,
        40.0,
        41.0,
        42.0,
        43.0,
        44.0,
        45.0,
        46.0,
        47.0,
        48.0,
        49.0,
        50.0,
        51.0,
        52.0,
        53.0,
        54.0,
        55.0,
        56.0,
        57.0,
        58.0,
        59.0,
        60.0
    ],
    "Efficiency": [
        0.5,
        0.5587044534412956,
        0.6116838487972509,
        0.6666666666666666,
        0.6904176904176904,
        0.7369668246445498,
        0.7402298850574712,
        0.7797979797979798,
        0.8181818181818182,
        0.8293460925039873,
        0.8476331360946746,
        0.8706536856745479,
        0.845945945945946,
        0.8834437086092716,
        0.8809234507897934,
        0.8824228028503563,
        0.9108571428571428,
        0.9108606557377049,
        0.9171038824763903,
        0.9062821833161689,
        0.9325605900948367,
        0.9199157007376185,
        0.9398907103825137,
        0.9358638743455497,
        0.9403254972875226,
        0.9333333333333333,
        0.9467455621301775,
        0.9083969465648855,
        0.948051948051948,
        0.9259259259259259,
        0.9791666666666666,
        0.9393939393939394,
        0.8928571428571429,
        1.0,
        0.9473684210526315,
        1.0,
        0.8666666666666667,
        1.0,
        1.0,
        1.0
    ]
}