{
    "Bins": [
        20.0,
        21.0,
        22.0,
        23.0,
        24.0,
        25.0,
        26.0,
        27.0,
        28.0,
        29.0,
        30.0,
        31.0,
        32.0,
        33.0,
        34.0,
        35.0,
        36.0,
        37.0,
        38.0,
        39.0,
        40.0,
        41.0,
        42.0,
        43.0,
        44.0,
        45.0,
        46.0,
        47.0,
        48.0,
        49.0,
        50.0,
        51.0,
        52.0,
        53.0,
        54.0,
        55.0,
        56.0,
        57.0,
        58.0,
        59.0,
        60.0
    ],
    "Efficiency": [
        0.8411214953271028,
        0.8259109311740891,
        0.9072164948453608,
        0.9075907590759076,
        0.9041769041769042,
        0.9028436018957346,
        0.9356321839080459,
        0.9111111111111111,
        0.9245283018867925,
        0.960127591706539,
        0.9378698224852071,
        0.96105702364395,
        0.9662162162162162,
        0.9788079470198675,
        0.9611178614823815,
        0.9560570071258907,
        0.9714285714285714,
        0.9754098360655737,
        0.974816369359916,
        0.972193614830072,
        0.9778714436248683,
        0.9799789251844047,
        0.9792349726775956,
        0.9777486910994765,
        0.972875226039783,
        0.9873015873015873,
        0.9644970414201184,
        0.9694656488549618,
        0.974025974025974,
        1.0,
        1.0,
        1.0,
        1.0,
        1.0,
        0.9473684210526315,
        1.0,
        1.0,
        1.0,
        0.875,
        1.0
    ]
}