{
    "Bins": [
        20.0,
        21.0,
        22.0,
        23.0,
        24.0,
        25.0,
        26.0,
        27.0,
        28.0,
        29.0,
        30.0,
        31.0,
        32.0,
        33.0,
        34.0,
        35.0,
        36.0,
        37.0,
        38.0,
        39.0,
        40.0,
        41.0,
        42.0,
        43.0,
        44.0,
        45.0,
        46.0,
        47.0,
        48.0,
        49.0,
        50.0,
        51.0,
        52.0,
        53.0,
        54.0,
        55.0,
        56.0,
        57.0,
        58.0,
        59.0,
        60.0
    ],
    "Efficiency": [
        0.4205607476635514,
        0.41295546558704455,
        0.36769759450171824,
        0.42574257425742573,
        0.44226044226044225,
        0.4194312796208531,
        0.45977011494252873,
        0.43434343434343436,
        0.41852487135506006,
        0.49122807017543857,
        0.4556213017751479,
        0.44506258692628653,
        0.44594594594594594,
        0.5112582781456954,
        0.45929526123936815,
        0.47268408551068886,
        0.4845714285714286,
        0.5348360655737705,
        0.4459601259181532,
        0.5077239958805355,
        0.49736564805057953,
        0.47523709167544786,
        0.48743169398907105,
        0.468586387434555,
        0.46112115732368897,
        0.46984126984126984,
        0.48520710059171596,
        0.5114503816793893,
        0.5584415584415584,
        0.5185185185185185,
        0.5,
        0.3333333333333333,
        0.5357142857142857,
        0.3888888888888889,
        0.47368421052631576,
        0.3333333333333333,
        0.4666666666666667,
        0.5,
        0.375,
        0.14285714285714285
    ]
}