{
    "Bins": [
        20.0,
        21.0,
        22.0,
        23.0,
        24.0,
        25.0,
        26.0,
        27.0,
        28.0,
        29.0,
        30.0,
        31.0,
        32.0,
        33.0,
        34.0,
        35.0,
        36.0,
        37.0,
        38.0,
        39.0,
        40.0,
        41.0,
        42.0,
        43.0,
        44.0,
        45.0,
        46.0,
        47.0,
        48.0,
        49.0,
        50.0,
        51.0,
        52.0,
        53.0,
        54.0,
        55.0,
        56.0,
        57.0,
        58.0,
        59.0,
        60.0
    ],
    "Efficiency": [
        0.602803738317757,
        0.6720647773279352,
        0.7353951890034365,
        0.7821782178217822,
        0.8108108108108109,
        0.8341232227488151,
        0.8896551724137931,
        0.8707070707070707,
        0.8782161234991424,
        0.9074960127591707,
        0.8964497041420119,
        0.9207232267037552,
        0.9297297297297298,
        0.9417218543046357,
        0.9380315917375456,
        0.9382422802850356,
        0.9497142857142857,
        0.9528688524590164,
        0.9590766002098636,
        0.9495365602471678,
        0.9704952581664911,
        0.9715489989462592,
        0.9737704918032787,
        0.9633507853403142,
        0.9620253164556962,
        0.9777777777777777,
        0.9644970414201184,
        0.9694656488549618,
        0.974025974025974,
        0.9814814814814815,
        0.9791666666666666,
        1.0,
        1.0,
        1.0,
        0.9473684210526315,
        1.0,
        1.0,
        1.0,
        0.875,
        1.0
    ]
}