{
    "Bins": [
        20.0,
        21.0,
        22.0,
        23.0,
        24.0,
        25.0,
        26.0,
        27.0,
        28.0,
        29.0,
        30.0,
        31.0,
        32.0,
        33.0,
        34.0,
        35.0,
        36.0,
        37.0,
        38.0,
        39.0,
        40.0,
        41.0,
        42.0,
        43.0,
        44.0,
        45.0,
        46.0,
        47.0,
        48.0,
        49.0,
        50.0,
        51.0,
        52.0,
        53.0,
        54.0,
        55.0,
        56.0,
        57.0,
        58.0,
        59.0,
        60.0
    ],
    "Efficiency": [
        0.49065420560747663,
        0.5951417004048583,
        0.6872852233676976,
        0.7458745874587459,
        0.7886977886977887,
        0.8246445497630331,
        0.8804597701149425,
        0.8686868686868687,
        0.8679245283018868,
        0.9011164274322169,
        0.8875739644970414,
        0.913769123783032,
        0.9243243243243243,
        0.9350993377483444,
        0.9331713244228432,
        0.9346793349168646,
        0.9485714285714286,
        0.9497950819672131,
        0.9548793284365162,
        0.9443872296601442,
        0.9662802950474183,
        0.9673340358271865,
        0.9737704918032787,
        0.9594240837696335,
        0.9584086799276673,
        0.9777777777777777,
        0.9644970414201184,
        0.9618320610687023,
        0.974025974025974,
        0.9814814814814815,
        0.9791666666666666,
        1.0,
        1.0,
        1.0,
        0.9473684210526315,
        1.0,
        0.9333333333333333,
        1.0,
        0.875,
        1.0
    ]
}