{
    "Bins": [
        20.0,
        21.0,
        22.0,
        23.0,
        24.0,
        25.0,
        26.0,
        27.0,
        28.0,
        29.0,
        30.0,
        31.0,
        32.0,
        33.0,
        34.0,
        35.0,
        36.0,
        37.0,
        38.0,
        39.0,
        40.0,
        41.0,
        42.0,
        43.0,
        44.0,
        45.0,
        46.0,
        47.0,
        48.0,
        49.0,
        50.0,
        51.0,
        52.0,
        53.0,
        54.0,
        55.0,
        56.0,
        57.0,
        58.0,
        59.0,
        60.0
    ],
    "Efficiency": [
        0.7710280373831776,
        0.7975708502024291,
        0.8969072164948454,
        0.9108910891089109,
        0.9262899262899262,
        0.943127962085308,
        0.960919540229885,
        0.9737373737373738,
        0.9536878216123499,
        0.9872408293460925,
        0.9763313609467456,
        0.9847009735744089,
        0.9878378378378379,
        0.9867549668874173,
        0.9781287970838396,
        0.9881235154394299,
        0.9874285714285714,
        0.992827868852459,
        0.9916054564533053,
        0.984552008238929,
        0.9926238145416227,
        0.9894625922023182,
        0.9901639344262295,
        0.9829842931937173,
        0.9927667269439421,
        0.9936507936507937,
        0.9940828402366864,
        0.9923664122137404,
        0.987012987012987,
        1.0,
        0.9791666666666666,
        0.9696969696969697,
        1.0,
        1.0,
        0.9473684210526315,
        1.0,
        0.9333333333333333,
        1.0,
        1.0,
        1.0
    ]
}