{
    "Bins": [
        20.0,
        21.0,
        22.0,
        23.0,
        24.0,
        25.0,
        26.0,
        27.0,
        28.0,
        29.0,
        30.0,
        31.0,
        32.0,
        33.0,
        34.0,
        35.0,
        36.0,
        37.0,
        38.0,
        39.0,
        40.0,
        41.0,
        42.0,
        43.0,
        44.0,
        45.0,
        46.0,
        47.0,
        48.0,
        49.0,
        50.0,
        51.0,
        52.0,
        53.0,
        54.0,
        55.0,
        56.0,
        57.0,
        58.0,
        59.0,
        60.0
    ],
    "Efficiency": [
        0.6074766355140186,
        0.6153846153846154,
        0.7560137457044673,
        0.7920792079207921,
        0.8206388206388207,
        0.8270142180094787,
        0.8528735632183908,
        0.9151515151515152,
        0.8816466552315609,
        0.9330143540669856,
        0.9349112426035503,
        0.9374130737134909,
        0.95,
        0.9443708609271523,
        0.9392466585662211,
        0.9584323040380047,
        0.9474285714285714,
        0.9641393442622951,
        0.9433368310598111,
        0.9546858908341915,
        0.9557428872497366,
        0.9557428872497366,
        0.946448087431694,
        0.9581151832460733,
        0.9475587703435805,
        0.9365079365079365,
        0.9349112426035503,
        0.916030534351145,
        0.935064935064935,
        0.9074074074074074,
        0.9375,
        0.8787878787878788,
        0.9642857142857143,
        1.0,
        0.9473684210526315,
        0.8333333333333334,
        0.8,
        1.0,
        0.875,
        1.0
    ]
}