{
    "Bins": [
        20.0,
        21.0,
        22.0,
        23.0,
        24.0,
        25.0,
        26.0,
        27.0,
        28.0,
        29.0,
        30.0,
        31.0,
        32.0,
        33.0,
        34.0,
        35.0,
        36.0,
        37.0,
        38.0,
        39.0,
        40.0,
        41.0,
        42.0,
        43.0,
        44.0,
        45.0,
        46.0,
        47.0,
        48.0,
        49.0,
        50.0,
        51.0,
        52.0,
        53.0,
        54.0,
        55.0,
        56.0,
        57.0,
        58.0,
        59.0,
        60.0
    ],
    "Efficiency": [
        0.6308411214953271,
        0.6518218623481782,
        0.7457044673539519,
        0.7326732673267327,
        0.7960687960687961,
        0.8199052132701422,
        0.825287356321839,
        0.8505050505050505,
        0.8439108061749572,
        0.8915470494417863,
        0.8846153846153846,
        0.9054242002781642,
        0.9256756756756757,
        0.9271523178807947,
        0.9270959902794653,
        0.9382422802850356,
        0.936,
        0.9375,
        0.9433368310598111,
        0.9392378990731205,
        0.958904109589041,
        0.9536354056902002,
        0.9508196721311475,
        0.9554973821989529,
        0.9493670886075949,
        0.9682539682539683,
        0.9526627218934911,
        0.9541984732824428,
        0.948051948051948,
        0.9814814814814815,
        1.0,
        0.9393939393939394,
        0.9642857142857143,
        1.0,
        0.9473684210526315,
        1.0,
        0.9333333333333333,
        1.0,
        0.875,
        1.0
    ]
}