{
    "Bins": [
        20.0,
        21.0,
        22.0,
        23.0,
        24.0,
        25.0,
        26.0,
        27.0,
        28.0,
        29.0,
        30.0,
        31.0,
        32.0,
        33.0,
        34.0,
        35.0,
        36.0,
        37.0,
        38.0,
        39.0,
        40.0,
        41.0,
        42.0,
        43.0,
        44.0,
        45.0,
        46.0,
        47.0,
        48.0,
        49.0,
        50.0,
        51.0,
        52.0,
        53.0,
        54.0,
        55.0,
        56.0,
        57.0,
        58.0,
        59.0,
        60.0
    ],
    "Efficiency": [
        0.5934579439252337,
        0.6882591093117408,
        0.7525773195876289,
        0.7722772277227723,
        0.8034398034398035,
        0.8222748815165877,
        0.8528735632183908,
        0.8848484848484849,
        0.8902229845626072,
        0.9298245614035088,
        0.9201183431952663,
        0.9290681502086231,
        0.9337837837837838,
        0.9509933774834437,
        0.9307411907654921,
        0.9346793349168646,
        0.9508571428571428,
        0.9313524590163934,
        0.9716684155299056,
        0.9536560247167868,
        0.9494204425711275,
        0.9525816649104321,
        0.9562841530054644,
        0.9594240837696335,
        0.9493670886075949,
        0.9428571428571428,
        0.9349112426035503,
        0.9083969465648855,
        0.974025974025974,
        0.8888888888888888,
        0.9583333333333334,
        0.9393939393939394,
        0.9642857142857143,
        0.9444444444444444,
        0.7894736842105263,
        1.0,
        0.8666666666666667,
        0.7857142857142857,
        0.75,
        1.0
    ]
}