{
    "Bins": [
        20.0,
        21.0,
        22.0,
        23.0,
        24.0,
        25.0,
        26.0,
        27.0,
        28.0,
        29.0,
        30.0,
        31.0,
        32.0,
        33.0,
        34.0,
        35.0,
        36.0,
        37.0,
        38.0,
        39.0,
        40.0,
        41.0,
        42.0,
        43.0,
        44.0,
        45.0,
        46.0,
        47.0,
        48.0,
        49.0,
        50.0,
        51.0,
        52.0,
        53.0,
        54.0,
        55.0,
        56.0,
        57.0,
        58.0,
        59.0,
        60.0
    ],
    "Efficiency": [
        0.5981308411214953,
        0.6558704453441295,
        0.7319587628865979,
        0.7755775577557755,
        0.8083538083538083,
        0.8388625592417062,
        0.8827586206896552,
        0.8727272727272727,
        0.8747855917667239,
        0.9090909090909091,
        0.8994082840236687,
        0.9165507649513213,
        0.9310810810810811,
        0.9456953642384106,
        0.9392466585662211,
        0.9394299287410927,
        0.9542857142857143,
        0.9528688524590164,
        0.9632738719832109,
        0.9474768280123584,
        0.9726027397260274,
        0.9704952581664911,
        0.9737704918032787,
        0.9633507853403142,
        0.9638336347197106,
        0.9777777777777777,
        0.9644970414201184,
        0.9694656488549618,
        0.974025974025974,
        1.0,
        1.0,
        1.0,
        1.0,
        1.0,
        0.9473684210526315,
        1.0,
        1.0,
        1.0,
        0.875,
        1.0
    ]
}