{
    "Bins": [
        20.0,
        21.0,
        22.0,
        23.0,
        24.0,
        25.0,
        26.0,
        27.0,
        28.0,
        29.0,
        30.0,
        31.0,
        32.0,
        33.0,
        34.0,
        35.0,
        36.0,
        37.0,
        38.0,
        39.0,
        40.0,
        41.0,
        42.0,
        43.0,
        44.0,
        45.0,
        46.0,
        47.0,
        48.0,
        49.0,
        50.0,
        51.0,
        52.0,
        53.0,
        54.0,
        55.0,
        56.0,
        57.0,
        58.0,
        59.0,
        60.0
    ],
    "Efficiency": [
        0.602803738317757,
        0.6720647773279352,
        0.738831615120275,
        0.7722772277227723,
        0.8083538083538083,
        0.8364928909952607,
        0.8758620689655172,
        0.8727272727272727,
        0.8765008576329331,
        0.9090909090909091,
        0.8875739644970414,
        0.9095966620305981,
        0.9283783783783783,
        0.9364238410596026,
        0.9343863912515188,
        0.9334916864608076,
        0.9485714285714286,
        0.9497950819672131,
        0.9622245540398741,
        0.9464469618949537,
        0.9704952581664911,
        0.9673340358271865,
        0.9715846994535519,
        0.9620418848167539,
        0.9656419529837251,
        0.9746031746031746,
        0.9644970414201184,
        0.9694656488549618,
        0.974025974025974,
        1.0,
        0.9791666666666666,
        1.0,
        1.0,
        1.0,
        0.9473684210526315,
        1.0,
        1.0,
        1.0,
        0.875,
        1.0
    ]
}