{
    "Bins": [
        20.0,
        21.0,
        22.0,
        23.0,
        24.0,
        25.0,
        26.0,
        27.0,
        28.0,
        29.0,
        30.0,
        31.0,
        32.0,
        33.0,
        34.0,
        35.0,
        36.0,
        37.0,
        38.0,
        39.0,
        40.0,
        41.0,
        42.0,
        43.0,
        44.0,
        45.0,
        46.0,
        47.0,
        48.0,
        49.0,
        50.0,
        51.0,
        52.0,
        53.0,
        54.0,
        55.0,
        56.0,
        57.0,
        58.0,
        59.0,
        60.0
    ],
    "Efficiency": [
        0.9439252336448598,
        0.9311740890688259,
        0.9862542955326461,
        0.9471947194719472,
        0.9754299754299754,
        0.9715639810426541,
        0.9632183908045977,
        0.9575757575757575,
        0.9433962264150944,
        0.9585326953748007,
        0.9526627218934911,
        0.9582753824756607,
        0.9554054054054054,
        0.9735099337748344,
        0.9441069258809235,
        0.9548693586698337,
        0.9565714285714285,
        0.9528688524590164,
        0.9496327387198321,
        0.9536560247167868,
        0.9483667017913593,
        0.9536354056902002,
        0.9508196721311475,
        0.9450261780104712,
        0.9493670886075949,
        0.946031746031746,
        0.9289940828402367,
        0.9770992366412213,
        0.948051948051948,
        0.9444444444444444,
        0.9791666666666666,
        0.9696969696969697,
        0.9285714285714286,
        0.8333333333333334,
        0.9473684210526315,
        0.9166666666666666,
        0.8666666666666667,
        1.0,
        0.875,
        1.0
    ]
}