{
    "Bins": [
        20.0,
        21.0,
        22.0,
        23.0,
        24.0,
        25.0,
        26.0,
        27.0,
        28.0,
        29.0,
        30.0,
        31.0,
        32.0,
        33.0,
        34.0,
        35.0,
        36.0,
        37.0,
        38.0,
        39.0,
        40.0,
        41.0,
        42.0,
        43.0,
        44.0,
        45.0,
        46.0,
        47.0,
        48.0,
        49.0,
        50.0,
        51.0,
        52.0,
        53.0,
        54.0,
        55.0,
        56.0,
        57.0,
        58.0,
        59.0,
        60.0
    ],
    "Efficiency": [
        0.9205607476635514,
        0.9190283400809717,
        0.9450171821305842,
        0.933993399339934,
        0.9361179361179361,
        0.9383886255924171,
        0.9379310344827586,
        0.9393939393939394,
        0.9382504288164666,
        0.9521531100478469,
        0.9289940828402367,
        0.9485396383866481,
        0.9391891891891891,
        0.9549668874172186,
        0.9356014580801945,
        0.9382422802850356,
        0.9508571428571428,
        0.9692622950819673,
        0.9569779643231899,
        0.9433573635427395,
        0.9536354056902002,
        0.9546891464699684,
        0.966120218579235,
        0.9633507853403142,
        0.9475587703435805,
        0.9523809523809523,
        0.9585798816568047,
        0.9618320610687023,
        0.961038961038961,
        0.9444444444444444,
        0.9791666666666666,
        0.9696969696969697,
        0.9642857142857143,
        0.9444444444444444,
        0.9473684210526315,
        1.0,
        1.0,
        1.0,
        0.875,
        1.0
    ]
}