{
    "Bins": [
        20.0,
        21.0,
        22.0,
        23.0,
        24.0,
        25.0,
        26.0,
        27.0,
        28.0,
        29.0,
        30.0,
        31.0,
        32.0,
        33.0,
        34.0,
        35.0,
        36.0,
        37.0,
        38.0,
        39.0,
        40.0,
        41.0,
        42.0,
        43.0,
        44.0,
        45.0,
        46.0,
        47.0,
        48.0,
        49.0,
        50.0,
        51.0,
        52.0,
        53.0,
        54.0,
        55.0,
        56.0,
        57.0,
        58.0,
        59.0,
        60.0
    ],
    "Efficiency": [
        0.9485981308411215,
        0.9311740890688259,
        0.9862542955326461,
        0.9504950495049505,
        0.9754299754299754,
        0.9715639810426541,
        0.9655172413793104,
        0.9555555555555556,
        0.9468267581475128,
        0.9633173843700159,
        0.9526627218934911,
        0.9582753824756607,
        0.95,
        0.9721854304635762,
        0.9392466585662211,
        0.9572446555819477,
        0.9588571428571429,
        0.9528688524590164,
        0.9454354669464848,
        0.9505664263645726,
        0.9430979978925185,
        0.9515279241306639,
        0.9530054644808743,
        0.9463350785340314,
        0.9439421338155516,
        0.946031746031746,
        0.9230769230769231,
        0.9770992366412213,
        0.935064935064935,
        0.9444444444444444,
        0.9583333333333334,
        0.9696969696969697,
        0.9642857142857143,
        0.8333333333333334,
        0.9473684210526315,
        1.0,
        0.8666666666666667,
        1.0,
        0.875,
        1.0
    ]
}