{
    "Precision": [
        0.4999731012871034,
        0.7992387685834806,
        0.8372255580510611,
        0.8601366201366202,
        0.8757801982621466,
        0.888538208077161,
        0.8994485847882749,
        0.909857836863328,
        0.9190115761353518,
        0.9289764963104673,
        0.940265064836003,
        0.940144578313253,
        0.9401431359791802,
        0.940141693575594,
        0.9401600231358751,
        1.0
    ],
    "Recall": [
        1.0,
        0.9913381484619833,
        0.9827031970840227,
        0.9738126941855304,
        0.9624877268019745,
        0.9466435325290186,
        0.9236438956811793,
        0.8892251408895883,
        0.8328693055723682,
        0.7314960524015118,
        0.5305518567835479,
        0.5247683223715182,
        0.5247548722914901,
        0.5247414222114621,
        0.5247010719713783,
        0.0
    ],
    "Precision-Recall AUC": 0.943254238033212,
    "Chance Level": 0.4999731012871034
}