{
    "Precision": [
        0.4999731012871034,
        0.523643004785231,
        0.6078827646544182,
        0.6100072936896404,
        0.6252426132721872,
        0.6790595785381506,
        0.7029107831284075,
        0.7105190247506464,
        0.7491092487579666,
        0.7497142713605707,
        0.7511150308680862,
        0.7511560802893036,
        0.7546570837195719,
        0.7549106802530938,
        0.7611804197282868,
        0.7826362222497488,
        0.7827392843857208,
        0.8026960129636554,
        0.8051731853575584,
        0.8062370809742069,
        0.8081999134573777,
        0.8083707997038803,
        0.823690897961455,
        0.8238120860159193,
        0.8306290200345893,
        0.8311012923028798,
        0.8304396159676605,
        0.8458526968032671,
        0.8477584939793091,
        0.8502715061446128,
        0.8558801498127341,
        0.8560765033874933,
        0.8688243226676474,
        0.8693115519253208,
        0.9027617212588311,
        0.9039543171182002,
        0.9039336940651035,
        0.904881753091777,
        0.9051652982318954,
        0.9052274801199323,
        0.9139516201017585,
        0.9148678907299597,
        0.9136415286167096,
        0.9140723791172397,
        0.914630467571644,
        0.9147136989611017,
        0.9207761710542578,
        0.9213990461049285,
        0.9214862887319463,
        0.9216760061130922,
        0.9223527884178406,
        0.9230919510289137,
        0.915202358009296,
        0.9139194139194139,
        0.9138743455497382,
        0.9219170705438879,
        0.9446589446589446,
        0.9479505530253741,
        0.9486652977412731,
        0.9492107069320521,
        0.9514978601997147,
        0.9489711934156378,
        0.9475753604193972,
        0.9498644986449865,
        1.0
    ],
    "Recall": [
        1.0,
        0.9949562199895089,
        0.934525010423812,
        0.9336642053020215,
        0.9315525427376293,
        0.8880684340071824,
        0.8288880818840872,
        0.827825525561877,
        0.8031042784704568,
        0.8028756271099813,
        0.8018399709478271,
        0.8018130707877712,
        0.7993382560626235,
        0.799149954942232,
        0.7746842593713432,
        0.7648253507108367,
        0.7641259465493819,
        0.6062892574210816,
        0.604998049738396,
        0.6033033396548709,
        0.6029132873340597,
        0.602160082852493,
        0.5972642537223096,
        0.5971970033221697,
        0.5749236707958413,
        0.5717629019892668,
        0.5526099880294287,
        0.40393280340018023,
        0.4033948001990612,
        0.4001533309123189,
        0.3842015359991392,
        0.3840939353589154,
        0.3812828686330684,
        0.38077176559200526,
        0.2835814873098495,
        0.2831779849090102,
        0.2831107345088703,
        0.280474518823387,
        0.2802458674629114,
        0.2801920671427995,
        0.2754307388128959,
        0.2747716848915251,
        0.2054768725873919,
        0.2041722148246782,
        0.2039032132241187,
        0.20368801194367106,
        0.20040619241684487,
        0.19487820952534668,
        0.1947975090451788,
        0.19467645832492703,
        0.19108528695745738,
        0.19065488439656217,
        0.10858249606585159,
        0.09396225907544149,
        0.09390845875532959,
        0.09210614803158079,
        0.019744717481069013,
        0.019596766600761276,
        0.018641810918774968,
        0.018601460678691038,
        0.017942406757320208,
        0.01550794227225652,
        0.00972440786022677,
        0.009428506099611293,
        0.0
    ],
    "Precision-Recall AUC": 0.8182961191341854,
    "Chance Level": 0.4999731012871034
}