{
    "Precision": [
        0.4999731012871034,
        0.8727594719330256,
        0.8722801144646617,
        1.0
    ],
    "Recall": [
        1.0,
        0.8749546059799056,
        0.8691710715678759,
        0.0
    ],
    "Precision-Recall AUC": 0.9045390476826448,
    "Chance Level": 0.4999731012871034
}