{
    "Bins": [
        20.0,
        21.0,
        22.0,
        23.0,
        24.0,
        25.0,
        26.0,
        27.0,
        28.0,
        29.0,
        30.0,
        31.0,
        32.0,
        33.0,
        34.0,
        35.0,
        36.0,
        37.0,
        38.0,
        39.0,
        40.0,
        41.0,
        42.0,
        43.0,
        44.0,
        45.0,
        46.0,
        47.0,
        48.0,
        49.0,
        50.0,
        51.0,
        52.0,
        53.0,
        54.0,
        55.0,
        56.0,
        57.0,
        58.0,
        59.0,
        60.0
    ],
    "Efficiency": [
        0.9782608695652174,
        0.9847328244274809,
        0.9831618334892422,
        0.9851485148514851,
        0.9862119013062409,
        0.9848389134554643,
        0.9788043478260869,
        0.9817395482940894,
        0.9796370075254538,
        0.9781273983115887,
        0.9822720694645442,
        0.9791310297639412,
        0.9749444973041548,
        0.9732572115384616,
        0.9708369787109945,
        0.967802522135766,
        0.9628498727735368,
        0.956857855361596,
        0.9518156424581006,
        0.9508196721311475,
        0.9432110306146296,
        0.9413301662707838,
        0.9347998939835674,
        0.9149066421793695,
        0.9074852817493693,
        0.9005340453938585,
        0.8893905191873589,
        0.8853754940711462,
        0.8319327731092437,
        0.8305785123966942,
        0.8486486486486486,
        0.7819548872180451,
        0.7735849056603774,
        0.7777777777777778,
        0.7906976744186046,
        0.7457627118644068,
        0.7205882352941176,
        0.6226415094339622,
        0.5084745762711864,
        0.5277777777777778
    ]
}