{
    "Bins": [
        20.0,
        21.0,
        22.0,
        23.0,
        24.0,
        25.0,
        26.0,
        27.0,
        28.0,
        29.0,
        30.0,
        31.0,
        32.0,
        33.0,
        34.0,
        35.0,
        36.0,
        37.0,
        38.0,
        39.0,
        40.0,
        41.0,
        42.0,
        43.0,
        44.0,
        45.0,
        46.0,
        47.0,
        48.0,
        49.0,
        50.0,
        51.0,
        52.0,
        53.0,
        54.0,
        55.0,
        56.0,
        57.0,
        58.0,
        59.0,
        60.0
    ],
    "Efficiency": [
        0.8759590792838875,
        0.8822246455834242,
        0.883068288119738,
        0.8927392739273927,
        0.8889695210449927,
        0.886923562855338,
        0.8951086956521739,
        0.8918789043728976,
        0.883576803895529,
        0.884113584036838,
        0.8867583212735166,
        0.8785494355114608,
        0.8794798604503647,
        0.8861177884615384,
        0.8880139982502188,
        0.87201502548967,
        0.8737913486005089,
        0.8738154613466335,
        0.87756052141527,
        0.8750296982656213,
        0.8632858144426268,
        0.8707838479809976,
        0.8735754041876491,
        0.8732782369146006,
        0.8469301934398654,
        0.8457943925233645,
        0.8521444695259593,
        0.8517786561264822,
        0.8599439775910365,
        0.8305785123966942,
        0.8162162162162162,
        0.8120300751879699,
        0.7547169811320755,
        0.8111111111111111,
        0.813953488372093,
        0.8305084745762712,
        0.7058823529411765,
        0.8113207547169812,
        0.7796610169491526,
        0.8333333333333334
    ]
}