{
    "Bins": [
        20.0,
        21.0,
        22.0,
        23.0,
        24.0,
        25.0,
        26.0,
        27.0,
        28.0,
        29.0,
        30.0,
        31.0,
        32.0,
        33.0,
        34.0,
        35.0,
        36.0,
        37.0,
        38.0,
        39.0,
        40.0,
        41.0,
        42.0,
        43.0,
        44.0,
        45.0,
        46.0,
        47.0,
        48.0,
        49.0,
        50.0,
        51.0,
        52.0,
        53.0,
        54.0,
        55.0,
        56.0,
        57.0,
        58.0,
        59.0,
        60.0
    ],
    "Efficiency": [
        0.0,
        0.0010905125408942203,
        0.0,
        0.0,
        0.0,
        0.0006317119393556538,
        0.0005434782608695652,
        0.0,
        0.0004426737494466578,
        0.0,
        0.0,
        0.0,
        0.0,
        0.0,
        0.0,
        0.0,
        0.0,
        0.0,
        0.0,
        0.00023758612497030174,
        0.00023369946249123628,
        0.00023752969121140142,
        0.0,
        0.0,
        0.0,
        0.0,
        0.001128668171557562,
        0.0,
        0.0,
        0.0,
        0.0,
        0.007518796992481203,
        0.009433962264150943,
        0.0,
        0.023255813953488372,
        0.03389830508474576,
        0.0,
        0.09433962264150944,
        0.01694915254237288,
        0.0
    ]
}