{
    "Bins": [
        20.0,
        21.0,
        22.0,
        23.0,
        24.0,
        25.0,
        26.0,
        27.0,
        28.0,
        29.0,
        30.0,
        31.0,
        32.0,
        33.0,
        34.0,
        35.0,
        36.0,
        37.0,
        38.0,
        39.0,
        40.0,
        41.0,
        42.0,
        43.0,
        44.0,
        45.0,
        46.0,
        47.0,
        48.0,
        49.0,
        50.0,
        51.0,
        52.0,
        53.0,
        54.0,
        55.0,
        56.0,
        57.0,
        58.0,
        59.0,
        60.0
    ],
    "Efficiency": [
        0.9143222506393862,
        0.9302071973827699,
        0.9345182413470533,
        0.9488448844884488,
        0.9484760522496372,
        0.948831332912192,
        0.9565217391304348,
        0.9586737145603076,
        0.9614873837981408,
        0.9604758250191865,
        0.9645441389290883,
        0.962709544988026,
        0.9673326990168094,
        0.9675480769230769,
        0.9638378536016331,
        0.9645827743493426,
        0.9681933842239185,
        0.9673316708229427,
        0.962756052141527,
        0.9672131147540983,
        0.9656461790137882,
        0.9669833729216152,
        0.9647495361781077,
        0.9571472298745026,
        0.95878889823381,
        0.9626168224299065,
        0.9729119638826185,
        0.9486166007905138,
        0.9523809523809523,
        0.9380165289256198,
        0.9513513513513514,
        0.9323308270676691,
        0.9150943396226415,
        0.9444444444444444,
        0.9302325581395349,
        0.9322033898305084,
        0.9117647058823529,
        0.8301886792452831,
        0.7966101694915254,
        0.75
    ]
}