{
    "Bins": [
        20.0,
        21.0,
        22.0,
        23.0,
        24.0,
        25.0,
        26.0,
        27.0,
        28.0,
        29.0,
        30.0,
        31.0,
        32.0,
        33.0,
        34.0,
        35.0,
        36.0,
        37.0,
        38.0,
        39.0,
        40.0,
        41.0,
        42.0,
        43.0,
        44.0,
        45.0,
        46.0,
        47.0,
        48.0,
        49.0,
        50.0,
        51.0,
        52.0,
        53.0,
        54.0,
        55.0,
        56.0,
        57.0,
        58.0,
        59.0,
        60.0
    ],
    "Efficiency": [
        0.9475703324808185,
        0.9476553980370774,
        0.9279700654817586,
        0.9224422442244224,
        0.8766328011611031,
        0.8629185091598232,
        0.8478260869565217,
        0.8337337818356559,
        0.8189464364763169,
        0.8146584804297774,
        0.8339363241678727,
        0.8183373246664386,
        0.8242943228671107,
        0.8299278846153846,
        0.8305628463108778,
        0.852159914140059,
        0.8480916030534351,
        0.8384039900249377,
        0.8324022346368715,
        0.8248990258968876,
        0.8326711848562748,
        0.8209026128266034,
        0.8102305857407899,
        0.7964493419038874,
        0.7472666105971405,
        0.7129506008010681,
        0.6805869074492099,
        0.658102766798419,
        0.5658263305322129,
        0.4793388429752066,
        0.4648648648648649,
        0.42857142857142855,
        0.3867924528301887,
        0.37777777777777777,
        0.36046511627906974,
        0.288135593220339,
        0.2647058823529412,
        0.20754716981132076,
        0.1694915254237288,
        0.19444444444444445
    ]
}