{
    "Bins": [
        20.0,
        21.0,
        22.0,
        23.0,
        24.0,
        25.0,
        26.0,
        27.0,
        28.0,
        29.0,
        30.0,
        31.0,
        32.0,
        33.0,
        34.0,
        35.0,
        36.0,
        37.0,
        38.0,
        39.0,
        40.0,
        41.0,
        42.0,
        43.0,
        44.0,
        45.0,
        46.0,
        47.0,
        48.0,
        49.0,
        50.0,
        51.0,
        52.0,
        53.0,
        54.0,
        55.0,
        56.0,
        57.0,
        58.0,
        59.0,
        60.0
    ],
    "Efficiency": [
        0.4424552429667519,
        0.4525627044711014,
        0.4686623012160898,
        0.4570957095709571,
        0.4680696661828737,
        0.4680985470625395,
        0.46467391304347827,
        0.44930321960595865,
        0.4634794156706507,
        0.45241749808135073,
        0.4573082489146165,
        0.46048580225795416,
        0.4509990485252141,
        0.4573317307692308,
        0.45815106445027703,
        0.47169305071102763,
        0.4674300254452926,
        0.4600997506234414,
        0.4755586592178771,
        0.46875742456640535,
        0.47113811638233233,
        0.4700712589073634,
        0.47654386429896634,
        0.46709519436792163,
        0.4608915054667788,
        0.465954606141522,
        0.46613995485327314,
        0.5474308300395256,
        0.4369747899159664,
        0.44214876033057854,
        0.5027027027027027,
        0.45112781954887216,
        0.5188679245283019,
        0.5333333333333333,
        0.5,
        0.4915254237288136,
        0.4117647058823529,
        0.5849056603773585,
        0.5254237288135594,
        0.4722222222222222
    ]
}