{
    "Bins": [
        20.0,
        21.0,
        22.0,
        23.0,
        24.0,
        25.0,
        26.0,
        27.0,
        28.0,
        29.0,
        30.0,
        31.0,
        32.0,
        33.0,
        34.0,
        35.0,
        36.0,
        37.0,
        38.0,
        39.0,
        40.0,
        41.0,
        42.0,
        43.0,
        44.0,
        45.0,
        46.0,
        47.0,
        48.0,
        49.0,
        50.0,
        51.0,
        52.0,
        53.0,
        54.0,
        55.0,
        56.0,
        57.0,
        58.0,
        59.0,
        60.0
    ],
    "Efficiency": [
        0.9616368286445013,
        0.9770992366412213,
        0.971000935453695,
        0.9752475247524752,
        0.9637155297532656,
        0.965255843335439,
        0.9554347826086956,
        0.9591542527630946,
        0.9473218238158477,
        0.9409056024558711,
        0.9511577424023154,
        0.9377352035579883,
        0.9359340310815096,
        0.9459134615384616,
        0.9501312335958005,
        0.9396297290045613,
        0.9396946564885497,
        0.940149625935162,
        0.9294692737430168,
        0.929912093133761,
        0.9130637999532601,
        0.9052256532066508,
        0.891333156639279,
        0.8628711355984083,
        0.8170731707317073,
        0.7830440587449933,
        0.7494356659142212,
        0.6877470355731226,
        0.5658263305322129,
        0.4834710743801653,
        0.4486486486486487,
        0.3458646616541353,
        0.2358490566037736,
        0.2,
        0.19767441860465115,
        0.0847457627118644,
        0.07352941176470588,
        0.0,
        0.03389830508474576,
        0.0
    ]
}