{
    "Bins": [
        20.0,
        21.0,
        22.0,
        23.0,
        24.0,
        25.0,
        26.0,
        27.0,
        28.0,
        29.0,
        30.0,
        31.0,
        32.0,
        33.0,
        34.0,
        35.0,
        36.0,
        37.0,
        38.0,
        39.0,
        40.0,
        41.0,
        42.0,
        43.0,
        44.0,
        45.0,
        46.0,
        47.0,
        48.0,
        49.0,
        50.0,
        51.0,
        52.0,
        53.0,
        54.0,
        55.0,
        56.0,
        57.0,
        58.0,
        59.0,
        60.0
    ],
    "Efficiency": [
        0.9373401534526854,
        0.9487459105779716,
        0.9560336763330215,
        0.9587458745874587,
        0.9608127721335269,
        0.9583070120025269,
        0.9635869565217391,
        0.9625180201826046,
        0.9614873837981408,
        0.9616270145817345,
        0.9670767004341534,
        0.9582620595278823,
        0.9676498572787822,
        0.9708533653846154,
        0.9728783902012248,
        0.9645827743493426,
        0.9651399491094148,
        0.9730673316708229,
        0.9706703910614525,
        0.9672131147540983,
        0.9721897639635428,
        0.9676959619952494,
        0.9719056453750331,
        0.967860422405877,
        0.9701429772918418,
        0.9632843791722296,
        0.9762979683972912,
        0.9644268774703557,
        0.9803921568627451,
        0.9793388429752066,
        0.9513513513513514,
        0.9548872180451128,
        0.9528301886792453,
        0.9444444444444444,
        0.9186046511627907,
        0.9661016949152542,
        0.9411764705882353,
        0.9433962264150944,
        0.8983050847457628,
        0.9722222222222222
    ]
}