{
    "Bins": [
        20.0,
        21.0,
        22.0,
        23.0,
        24.0,
        25.0,
        26.0,
        27.0,
        28.0,
        29.0,
        30.0,
        31.0,
        32.0,
        33.0,
        34.0,
        35.0,
        36.0,
        37.0,
        38.0,
        39.0,
        40.0,
        41.0,
        42.0,
        43.0,
        44.0,
        45.0,
        46.0,
        47.0,
        48.0,
        49.0,
        50.0,
        51.0,
        52.0,
        53.0,
        54.0,
        55.0,
        56.0,
        57.0,
        58.0,
        59.0,
        60.0
    ],
    "Efficiency": [
        0.9808184143222506,
        0.9869138495092693,
        0.9822263797942001,
        0.9793729372937293,
        0.97677793904209,
        0.9734680985470625,
        0.9630434782608696,
        0.9682844786160499,
        0.9548472775564409,
        0.9516500383729855,
        0.953328509406657,
        0.9459459459459459,
        0.9464002537266096,
        0.9516225961538461,
        0.9550889472149314,
        0.9498255969949021,
        0.9480916030534351,
        0.943640897755611,
        0.9422718808193669,
        0.9429793300071276,
        0.9329282542650152,
        0.9268408551068884,
        0.9194275112642459,
        0.8910315273951638,
        0.8578637510513036,
        0.821762349799733,
        0.7889390519187359,
        0.7272727272727273,
        0.6022408963585434,
        0.5289256198347108,
        0.5135135135135135,
        0.3609022556390977,
        0.25471698113207547,
        0.17777777777777778,
        0.19767441860465115,
        0.1694915254237288,
        0.1323529411764706,
        0.03773584905660377,
        0.03389830508474576,
        0.027777777777777776
    ]
}