{
    "Bins": [
        20.0,
        21.0,
        22.0,
        23.0,
        24.0,
        25.0,
        26.0,
        27.0,
        28.0,
        29.0,
        30.0,
        31.0,
        32.0,
        33.0,
        34.0,
        35.0,
        36.0,
        37.0,
        38.0,
        39.0,
        40.0,
        41.0,
        42.0,
        43.0,
        44.0,
        45.0,
        46.0,
        47.0,
        48.0,
        49.0,
        50.0,
        51.0,
        52.0,
        53.0,
        54.0,
        55.0,
        56.0,
        57.0,
        58.0,
        59.0,
        60.0
    ],
    "Efficiency": [
        0.9833759590792839,
        0.9923664122137404,
        0.9869036482694107,
        0.985973597359736,
        0.9818577648766328,
        0.9810486418193304,
        0.9755434782608695,
        0.980297933685728,
        0.963700752545374,
        0.9681504221028396,
        0.9659913169319826,
        0.9562093739308929,
        0.9613066920393276,
        0.9666466346153846,
        0.9623797025371829,
        0.9600214649852428,
        0.955470737913486,
        0.9551122194513716,
        0.9508845437616388,
        0.950344499881207,
        0.9413414349146997,
        0.9377672209026128,
        0.9273787437052743,
        0.9060299969390878,
        0.8767872161480236,
        0.8437917222963952,
        0.827313769751693,
        0.7529644268774703,
        0.6302521008403361,
        0.5867768595041323,
        0.5297297297297298,
        0.37593984962406013,
        0.3113207547169811,
        0.2,
        0.16279069767441862,
        0.0847457627118644,
        0.058823529411764705,
        0.0,
        0.03389830508474576,
        0.0
    ]
}