{
    "Bins": [
        20.0,
        21.0,
        22.0,
        23.0,
        24.0,
        25.0,
        26.0,
        27.0,
        28.0,
        29.0,
        30.0,
        31.0,
        32.0,
        33.0,
        34.0,
        35.0,
        36.0,
        37.0,
        38.0,
        39.0,
        40.0,
        41.0,
        42.0,
        43.0,
        44.0,
        45.0,
        46.0,
        47.0,
        48.0,
        49.0,
        50.0,
        51.0,
        52.0,
        53.0,
        54.0,
        55.0,
        56.0,
        57.0,
        58.0,
        59.0,
        60.0
    ],
    "Efficiency": [
        0.9705882352941176,
        0.9825517993456925,
        0.9831618334892422,
        0.9884488448844885,
        0.9825834542815675,
        0.981680353758686,
        0.9820652173913044,
        0.9831811629024507,
        0.9840637450199203,
        0.9804297774366846,
        0.9844428364688856,
        0.9781046869654465,
        0.9822391373295274,
        0.9813701923076923,
        0.9807524059492564,
        0.9750469546552186,
        0.9692111959287532,
        0.9680798004987531,
        0.9592644320297952,
        0.9581848420052269,
        0.9506894134143491,
        0.9465558194774347,
        0.9324145242512589,
        0.9146005509641874,
        0.8839360807401178,
        0.8724966622162884,
        0.8668171557562077,
        0.8221343873517787,
        0.7563025210084033,
        0.7520661157024794,
        0.7027027027027027,
        0.6015037593984962,
        0.6132075471698113,
        0.4888888888888889,
        0.4069767441860465,
        0.4067796610169492,
        0.3088235294117647,
        0.16981132075471697,
        0.1694915254237288,
        0.027777777777777776
    ]
}