{
    "Bins": [
        20.0,
        21.0,
        22.0,
        23.0,
        24.0,
        25.0,
        26.0,
        27.0,
        28.0,
        29.0,
        30.0,
        31.0,
        32.0,
        33.0,
        34.0,
        35.0,
        36.0,
        37.0,
        38.0,
        39.0,
        40.0,
        41.0,
        42.0,
        43.0,
        44.0,
        45.0,
        46.0,
        47.0,
        48.0,
        49.0,
        50.0,
        51.0,
        52.0,
        53.0,
        54.0,
        55.0,
        56.0,
        57.0,
        58.0,
        59.0,
        60.0
    ],
    "Efficiency": [
        0.13938618925831203,
        0.13849509269356597,
        0.13002806361085126,
        0.11221122112211221,
        0.10087082728592163,
        0.10928616550852811,
        0.11467391304347826,
        0.09754925516578568,
        0.10712704736609119,
        0.09746738296239447,
        0.09225759768451519,
        0.08963393773520356,
        0.0818268315889629,
        0.0850360576923077,
        0.0863225430154564,
        0.07673732224309096,
        0.07150127226463104,
        0.06508728179551122,
        0.06750465549348231,
        0.06557377049180328,
        0.06473475111007244,
        0.067458432304038,
        0.05353829843625762,
        0.05815733088460361,
        0.050462573591253154,
        0.03938584779706275,
        0.03611738148984198,
        0.05533596837944664,
        0.058823529411764705,
        0.049586776859504134,
        0.02702702702702703,
        0.03007518796992481,
        0.02830188679245283,
        0.05555555555555555,
        0.011627906976744186,
        0.03389830508474576,
        0.029411764705882353,
        0.03773584905660377,
        0.06779661016949153,
        0.05555555555555555
    ]
}