{
    "Bins": [
        20.0,
        21.0,
        22.0,
        23.0,
        24.0,
        25.0,
        26.0,
        27.0,
        28.0,
        29.0,
        30.0,
        31.0,
        32.0,
        33.0,
        34.0,
        35.0,
        36.0,
        37.0,
        38.0,
        39.0,
        40.0,
        41.0,
        42.0,
        43.0,
        44.0,
        45.0,
        46.0,
        47.0,
        48.0,
        49.0,
        50.0,
        51.0,
        52.0,
        53.0,
        54.0,
        55.0,
        56.0,
        57.0,
        58.0,
        59.0,
        60.0
    ],
    "Efficiency": [
        0.9757033248081841,
        0.9890948745910578,
        0.9747427502338635,
        0.976897689768977,
        0.9760522496371553,
        0.967150979153506,
        0.9483695652173914,
        0.9514656415185008,
        0.9371403275785746,
        0.9286262471220261,
        0.9363241678726484,
        0.9261033185083818,
        0.9203932762448461,
        0.9384014423076923,
        0.9390492855059784,
        0.92889723638315,
        0.927735368956743,
        0.927431421446384,
        0.9269087523277467,
        0.9218341648847708,
        0.9203084832904884,
        0.9125890736342043,
        0.8990193479989398,
        0.876645240281604,
        0.8435660218671153,
        0.8030707610146862,
        0.781038374717833,
        0.7450592885375494,
        0.5742296918767507,
        0.5371900826446281,
        0.5135135135135135,
        0.38345864661654133,
        0.32075471698113206,
        0.24444444444444444,
        0.2441860465116279,
        0.1864406779661017,
        0.11764705882352941,
        0.03773584905660377,
        0.1016949152542373,
        0.1111111111111111
    ]
}