{
    "Bins": [
        20.0,
        21.0,
        22.0,
        23.0,
        24.0,
        25.0,
        26.0,
        27.0,
        28.0,
        29.0,
        30.0,
        31.0,
        32.0,
        33.0,
        34.0,
        35.0,
        36.0,
        37.0,
        38.0,
        39.0,
        40.0,
        41.0,
        42.0,
        43.0,
        44.0,
        45.0,
        46.0,
        47.0,
        48.0,
        49.0,
        50.0,
        51.0,
        52.0,
        53.0,
        54.0,
        55.0,
        56.0,
        57.0,
        58.0,
        59.0,
        60.0
    ],
    "Efficiency": [
        0.9680306905370843,
        0.9836423118865867,
        0.9831618334892422,
        0.9867986798679867,
        0.9825834542815675,
        0.9823120656980417,
        0.9815217391304348,
        0.9831811629024507,
        0.984506418769367,
        0.9808135072908672,
        0.9851664254703328,
        0.9798152582962709,
        0.9835077703774183,
        0.9840745192307693,
        0.9833770778652668,
        0.978266702441642,
        0.9748091603053435,
        0.9745635910224439,
        0.9681098696461825,
        0.9669755286291281,
        0.9612058892264548,
        0.9574821852731591,
        0.9491121123774185,
        0.9357208448117539,
        0.9142136248948697,
        0.9118825100133512,
        0.9018058690744921,
        0.883399209486166,
        0.8403361344537815,
        0.8181818181818182,
        0.8054054054054054,
        0.6842105263157895,
        0.7169811320754716,
        0.7111111111111111,
        0.6162790697674418,
        0.576271186440678,
        0.38235294117647056,
        0.32075471698113206,
        0.3389830508474576,
        0.19444444444444445
    ]
}