{
    "Precision": [
        0.40952827069326575,
        0.7423331450246147,
        0.7925687504757348,
        0.8224031237869066,
        0.8224010960780955,
        0.8427938258255404,
        0.8599774157122116,
        0.8744905956112853,
        0.8872516092919116,
        0.8872500314865868,
        0.8995248325936613,
        0.8995232569080701,
        0.9124560718469348,
        0.9124543626388645,
        0.9124526533640517,
        0.9255408189544166,
        0.925534352394357,
        0.925531914893617,
        0.9255294772332974,
        1.0
    ],
    "Recall": [
        1.0,
        0.9902170548894541,
        0.9808108944599195,
        0.9692920484975711,
        0.9692785919018206,
        0.9544359667891217,
        0.9325824552904606,
        0.9009325420855032,
        0.8531885403630589,
        0.8531750837673086,
        0.7718703322433491,
        0.7718568756475986,
        0.6289074589910244,
        0.628894002395274,
        0.6288805457995237,
        0.38689058441995344,
        0.3804987014385101,
        0.3804852448427597,
        0.3804717882470093,
        0.0
    ],
    "Precision-Recall AUC": 0.9194629095506988,
    "Chance Level": 0.40952827069326575
}