{
    "Precision": [
        0.40952827069326575,
        0.8312120277356795,
        0.8305558556611927,
        1.0
    ],
    "Recall": [
        1.0,
        0.8339859782272281,
        0.8275940952457848,
        0.0
    ],
    "Precision-Recall AUC": 0.8657796649667651,
    "Chance Level": 0.40952827069326575
}