Classifier,Accuracy,TN,FP,FN,TP,Precision,Recall,F1,MSE,EventCount,Rate
HistGradientBoostingClassifier,0.92085,8855.0,1110.0,473.0,9562.0,0.8959895052473763,0.9528649725959144,0.9235524218863186,0.07915,4619.0,69.66781632863173
GradientBoostingClassifier,0.9196,8920.0,1045.0,563.0,9472.0,0.9006370638014642,0.9438963627304434,0.9217594394706112,0.0804,4280.0,64.55472047771029
SVC,0.9188,8671.0,1294.0,330.0,9705.0,0.8823529411764706,0.9671150971599404,0.9227916706285062,0.0812,5285.0,79.71301348707918
ExtraTreesClassifier,0.9185,8878.0,1087.0,543.0,9492.0,0.8972492674165801,0.9458893871449924,0.9209275249830212,0.0815,4442.0,66.99814681354886
VotingClassifier,0.91475,8996.0,969.0,736.0,9299.0,0.9056291390728476,0.926656701544594,0.9160222627197953,0.08525,4059.0,61.22140430351075
LinearDiscriminantAnalysis,0.83645,6841.0,3124.0,147.0,9888.0,0.7599139256071319,0.9853512705530644,0.858072634182323,0.16355,11170.0,168.4757541439308
RidgeClassifier,0.83645,6841.0,3124.0,147.0,9888.0,0.7599139256071319,0.9853512705530644,0.858072634182323,0.16355,11170.0,168.4757541439308
