{
    "False Positive Rate": [
        0.0,
        0.08390602095297013,
        1.0
    ],
    "True Positive Rate": [
        0.0,
        0.9084856554896502,
        1.0
    ],
    "ROC AUC": 0.91228981726834
}