{
    "False Positive Rate": [
        0.0,
        0.09145070403593475,
        1.0
    ],
    "True Positive Rate": [
        0.0,
        0.9049886346823763,
        1.0
    ],
    "ROC AUC": 0.9067689653232208
}