{
    "False Positive Rate": [
        0.0,
        0.020307435749156097,
        0.035813709536425625,
        0.04911440752047554,
        0.06097610177925414,
        0.07294538510160442,
        0.08494156568984762,
        0.09855158223166616,
        0.11524133571822424,
        0.1370415697244375,
        0.1751818927606009,
        1.0
    ],
    "True Positive Rate": [
        0.0,
        0.5848498298564876,
        0.7943213762121885,
        0.884315861679377,
        0.927746170089712,
        0.9536779243836501,
        0.9695355687366339,
        0.9799593807583155,
        0.9869265222128072,
        0.9925486556645012,
        0.9967854308733137,
        1.0
    ],
    "ROC AUC": 0.9740227197980538
}