{
    "Precision": [
        0.50475,
        0.8260869565217391,
        0.8263988522238164,
        0.8263157894736842,
        0.8252052148720425,
        1.0
    ],
    "Recall": [
        1.0,
        0.8563645368994551,
        0.8558692421991084,
        0.8553739474987617,
        0.846458642892521,
        0.0
    ],
    "Precision-Recall AUC": 0.8762384864131478,
    "Chance Level": 0.50475
}