{
    "Precision": [
        0.50475,
        0.6597836774827925,
        0.7042105263157895,
        0.744168547780286,
        0.8020788220008662,
        0.8480453972257251,
        1.0
    ],
    "Recall": [
        1.0,
        0.9970282317979198,
        0.9940564635958395,
        0.979692917285785,
        0.9172857850421,
        0.6661713719663199,
        0.0
    ],
    "Precision-Recall AUC": 0.8851499176437301,
    "Chance Level": 0.50475
}