{
    "Precision": [
        0.50475,
        0.8585,
        0.8582164328657315,
        0.8581453634085213,
        0.8572151898734177,
        1.0
    ],
    "Recall": [
        1.0,
        0.8504210004952947,
        0.8484398216939079,
        0.8479445269935612,
        0.8385339276869738,
        0.0
    ],
    "Precision-Recall AUC": 0.890822658369438,
    "Chance Level": 0.50475
}