{
    "Precision": [
        0.50475,
        0.7078493488208377,
        0.7709864603481624,
        0.8109330045211672,
        0.847457627118644,
        0.8719371243643088,
        0.8718778908418131,
        0.8930163447251115,
        0.8934588701684837,
        0.8934060485870104,
        0.8933531746031746,
        0.914301017675415,
        0.9142091152815014,
        0.9141630901287554,
        0.9241176470588235,
        0.924072984108299,
        0.9240282685512368,
        0.9365645046329294,
        0.9365192582025678,
        0.9364739471805853,
        0.9364285714285714,
        0.9363831308077198,
        0.9363376251788269,
        0.937007874015748,
        0.9421319796954315,
        0.9420289855072463,
        0.941908713692946,
        0.9418483904465212,
        0.9417879417879418,
        0.9417273673257024,
        0.9416666666666667,
        0.9416058394160584,
        0.941544885177453,
        0.9414838035527691,
        0.9424686192468619,
        0.9433962264150944,
        0.9432773109243697,
        1.0
    ],
    "Recall": [
        1.0,
        0.9960376423972264,
        0.9871223377909857,
        0.9772164437840515,
        0.9658246656760773,
        0.9341258048538881,
        0.9336305101535414,
        0.8930163447251115,
        0.8930163447251115,
        0.8925210500247648,
        0.8920257553244181,
        0.8454680534918276,
        0.8444774640911342,
        0.8439821693907875,
        0.7781079742446756,
        0.7776126795443289,
        0.7771173848439822,
        0.6508172362555721,
        0.6503219415552254,
        0.6498266468548787,
        0.649331352154532,
        0.6488360574541853,
        0.6483407627538386,
        0.6483407627538386,
        0.4596334819217434,
        0.45071817731550273,
        0.4497275879148093,
        0.4492322932144626,
        0.4487369985141159,
        0.4482417038137692,
        0.4477464091134225,
        0.4472511144130758,
        0.4467558197127291,
        0.4462605250123824,
        0.4462605250123824,
        0.4457652303120357,
        0.4447746409113422,
        0.0
    ],
    "Precision-Recall AUC": 0.9388634170868941,
    "Chance Level": 0.50475
}