{
    "Precision": [
        0.4999731012871034,
        0.8440703448904278,
        0.8740806537573281,
        0.8921219343150011,
        0.9062858139419004,
        0.918132387103362,
        0.9283013914413232,
        0.9380813398434303,
        0.947617877837666,
        0.9571114843043534,
        0.9677263652120494,
        1.0
    ],
    "Recall": [
        1.0,
        0.9967316305532018,
        0.992656256304725,
        0.9868189215725833,
        0.97853367227535,
        0.9674911565723816,
        0.9511627594184185,
        0.9251234044842567,
        0.8820293480746211,
        0.7972131434182034,
        0.5932561298739728,
        0.0
    ],
    "Precision-Recall AUC": 0.9691321177292053,
    "Chance Level": 0.4999731012871034
}