{
    "False Positive Rate": [
        0.0,
        0.02021329531853087,
        0.03493954839490566,
        0.04793092782118698,
        0.05985986524469788,
        0.0719905321624057,
        0.08500880885457993,
        0.09961402423443656,
        0.11654585311403096,
        0.14110305687426872,
        0.18326452116142394,
        1.0
    ],
    "True Positive Rate": [
        0.0,
        0.5929064277932453,
        0.79683654117742,
        0.883199505037055,
        0.9269929656081454,
        0.9530592207023632,
        0.9692531170560464,
        0.9800804314785673,
        0.9876931767744018,
        0.9931404591857321,
        0.9970275323138172,
        1.0
    ],
    "ROC AUC": 0.9745426253455312
}