{
    "False Positive Rate": [
        0.0,
        0.0846053498661861,
        1.0
    ],
    "True Positive Rate": [
        0.0,
        0.9093195604513847,
        1.0
    ],
    "ROC AUC": 0.9123571052925994
}