{
    "False Positive Rate": [
        0.0,
        0.03587594613008297,
        0.0687280091836449,
        0.09806154162039067,
        0.1315575797735821,
        0.1910552791958711,
        1.0
    ],
    "True Positive Rate": [
        0.0,
        0.5627548342820233,
        0.8241088369464293,
        0.9209694131578593,
        0.961352657004831,
        0.9840404774400172,
        1.0
    ],
    "ROC AUC": 0.9503579111420422
}