{
    "False Positive Rate": [
        0.0,
        0.08893389455607717,
        1.0
    ],
    "True Positive Rate": [
        0.0,
        0.8747190935637102,
        1.0
    ],
    "ROC AUC": 0.8928925995038166
}