Classifier,Accuracy,TN,FP,FN,TP,Precision,Recall,F1,MSE,Rate
AdaBoostClassifier,0.931,1776.0,205.0,71.0,1948.0,0.9047840222944727,0.964834076275384,0.9338446788111218,0.069,62.27720580665088
GradientBoostingClassifier,0.93075,1767.0,214.0,63.0,1956.0,0.9013824884792628,0.9687964338781576,0.9338744330389116,0.06925,64.26814578400082
RandomForestClassifier,0.92875,1780.0,201.0,84.0,1935.0,0.9058988764044944,0.9583952451708768,0.9314079422382672,0.07125,62.035879748790286
MLPClassifier,0.92575,1722.0,259.0,38.0,1981.0,0.884375,0.9811788013868252,0.9302653204977694,0.07425,75.80654792546072
SVC,0.92225,1705.0,276.0,35.0,1984.0,0.8778761061946903,0.9826646854878652,0.9273194671652256,0.07775,84.07196540718624
VotingClassifier,0.922,1790.0,191.0,121.0,1898.0,0.9085686931546194,0.9400693412580484,0.9240506329113924,0.078,59.45670750540513
BaggingClassifier,0.918,1793.0,188.0,140.0,1879.0,0.9090469279148524,0.9306587419514613,0.9197258932941752,0.082,58.55173478842788
