{
    "False Positive Rate": [
        0.0,
        0.07508376342781413,
        1.0
    ],
    "True Positive Rate": [
        0.0,
        0.8815685008006674,
        1.0
    ],
    "ROC AUC": 0.9032423686864266
}