{
    "False Positive Rate": [
        0.0,
        0.03598794179958375,
        0.06855068270693533,
        0.09758556002501237,
        0.13069894630740944,
        0.1905512986831176,
        1.0
    ],
    "True Positive Rate": [
        0.0,
        0.5629970530055307,
        0.8239608143931748,
        0.9204311493278431,
        0.9613122872175797,
        0.9839866510570155,
        1.0
    ],
    "ROC AUC": 0.9503747472401122
}