{
    "False Positive Rate": [
        0.0,
        0.08578868283759694,
        1.0
    ],
    "True Positive Rate": [
        0.0,
        0.8771278242030331,
        1.0
    ],
    "ROC AUC": 0.8956695706827182
}