{
    "Bins": [
        20.0,
        21.0,
        22.0,
        23.0,
        24.0,
        25.0,
        26.0,
        27.0,
        28.0,
        29.0,
        30.0,
        31.0,
        32.0,
        33.0,
        34.0,
        35.0,
        36.0,
        37.0,
        38.0,
        39.0,
        40.0,
        41.0,
        42.0,
        43.0,
        44.0,
        45.0,
        46.0,
        47.0,
        48.0,
        49.0,
        50.0,
        51.0,
        52.0,
        53.0,
        54.0,
        55.0,
        56.0,
        57.0,
        58.0,
        59.0,
        60.0
    ],
    "Efficiency": [
        0.9847133757961783,
        0.9772020725388602,
        0.9878277153558053,
        0.9881053525913339,
        0.9826338639652678,
        0.9897032101756511,
        0.9884027411702688,
        0.9866297833102813,
        0.9891440501043841,
        0.97736298649722,
        0.9796791443850268,
        0.9807211710103535,
        0.9798136645962733,
        0.9816063764561619,
        0.9744897959183674,
        0.9709110867178924,
        0.9710334029227558,
        0.9703285924472781,
        0.9672830725462305,
        0.9624652455977757,
        0.9625119388729704,
        0.964567871678238,
        0.9600315540362871,
        0.9583460018242627,
        0.9563356164383562,
        0.9375433726578765,
        0.9493243243243243,
        0.9480249480249481,
        0.9447674418604651,
        0.932,
        0.9012345679012346,
        0.9391891891891891,
        0.8878504672897196,
        0.8876404494382022,
        0.9166666666666666,
        0.9491525423728814,
        0.9137931034482759,
        0.8979591836734694,
        0.8,
        0.8974358974358975
    ]
}