{
    "Bins": [
        20.0,
        21.0,
        22.0,
        23.0,
        24.0,
        25.0,
        26.0,
        27.0,
        28.0,
        29.0,
        30.0,
        31.0,
        32.0,
        33.0,
        34.0,
        35.0,
        36.0,
        37.0,
        38.0,
        39.0,
        40.0,
        41.0,
        42.0,
        43.0,
        44.0,
        45.0,
        46.0,
        47.0,
        48.0,
        49.0,
        50.0,
        51.0,
        52.0,
        53.0,
        54.0,
        55.0,
        56.0,
        57.0,
        58.0,
        59.0,
        60.0
    ],
    "Efficiency": [
        0.9974522292993631,
        0.9948186528497409,
        0.9962546816479401,
        0.9983007646559049,
        0.9971056439942113,
        0.9981829194427619,
        0.9978914074855034,
        0.9972337482710927,
        0.9970772442588727,
        0.9952343129467831,
        0.9971479500891266,
        0.9946447697250982,
        0.996583850931677,
        0.9941753525444512,
        0.9943310657596371,
        0.9928649835345774,
        0.9924321503131524,
        0.9928886709171162,
        0.9935988620199147,
        0.9921223354958295,
        0.9914040114613181,
        0.9920995930093368,
        0.9934262424401789,
        0.9908786865308604,
        0.9935787671232876,
        0.9861207494795281,
        0.990990990990991,
        0.9916839916839917,
        0.9738372093023255,
        0.976,
        0.9814814814814815,
        0.9864864864864865,
        0.9813084112149533,
        1.0,
        0.9722222222222222,
        0.9830508474576272,
        0.9482758620689655,
        0.9387755102040817,
        0.96,
        1.0
    ]
}