{
    "Bins": [
        20.0,
        21.0,
        22.0,
        23.0,
        24.0,
        25.0,
        26.0,
        27.0,
        28.0,
        29.0,
        30.0,
        31.0,
        32.0,
        33.0,
        34.0,
        35.0,
        36.0,
        37.0,
        38.0,
        39.0,
        40.0,
        41.0,
        42.0,
        43.0,
        44.0,
        45.0,
        46.0,
        47.0,
        48.0,
        49.0,
        50.0,
        51.0,
        52.0,
        53.0,
        54.0,
        55.0,
        56.0,
        57.0,
        58.0,
        59.0,
        60.0
    ],
    "Efficiency": [
        0.9770700636942675,
        0.9658031088082901,
        0.9569288389513109,
        0.9371282922684792,
        0.9247467438494935,
        0.9000605693519079,
        0.8724301528729573,
        0.8745965882895343,
        0.858455114822547,
        0.8633836378077839,
        0.8837789661319073,
        0.8961085326669047,
        0.8975155279503105,
        0.904659717964439,
        0.911281179138322,
        0.9206915477497256,
        0.9251043841336117,
        0.9342815105443845,
        0.9253200568990043,
        0.9297961075069509,
        0.9321872015281757,
        0.9394302130715825,
        0.9316329213778596,
        0.9331103678929766,
        0.918236301369863,
        0.8986814712005552,
        0.902027027027027,
        0.8814968814968815,
        0.8517441860465116,
        0.84,
        0.7469135802469136,
        0.6418918918918919,
        0.6915887850467289,
        0.6404494382022472,
        0.6388888888888888,
        0.576271186440678,
        0.5862068965517241,
        0.6938775510204082,
        0.54,
        0.6666666666666666
    ]
}