{
    "Precision": [
        0.3804945649820276,
        0.8000730326821253,
        0.8409957064981427,
        0.871835122544055,
        0.9024047554714942,
        0.9326622921577371,
        1.0
    ],
    "Recall": [
        1.0,
        0.9974960163897109,
        0.9920896881402231,
        0.9797974049624403,
        0.9503186888231278,
        0.8331436376052811,
        0.0
    ],
    "Precision-Recall AUC": 0.9551972805788294,
    "Chance Level": 0.3804945649820276
}