{
    "Precision": [
        0.3804945649820276,
        0.9094645571758347,
        1.0
    ],
    "Recall": [
        1.0,
        0.9192465285681767,
        0.0
    ],
    "Precision-Recall AUC": 0.9297186713636257,
    "Chance Level": 0.3804945649820276
}