{
    "Precision": [
        0.3804945649820276,
        0.908252754666067,
        1.0
    ],
    "Recall": [
        1.0,
        0.9194172547234236,
        0.0
    ],
    "Precision-Recall AUC": 0.9291656529992796,
    "Chance Level": 0.3804945649820276
}