{
    "Precision": [
        0.3804945649820276,
        0.8884413793103448,
        1.0
    ],
    "Recall": [
        1.0,
        0.9164010926473936,
        0.0
    ],
    "Precision-Recall AUC": 0.9183257009219206,
    "Chance Level": 0.3804945649820276
}