{
    "Precision": [
        0.3804945649820276,
        0.8937611012433393,
        1.0
    ],
    "Recall": [
        1.0,
        0.9163441839289779,
        0.0
    ],
    "Precision-Recall AUC": 0.9209679342582386,
    "Chance Level": 0.3804945649820276
}