{
    "Bins": [
        20.0,
        21.0,
        22.0,
        23.0,
        24.0,
        25.0,
        26.0,
        27.0,
        28.0,
        29.0,
        30.0,
        31.0,
        32.0,
        33.0,
        34.0,
        35.0,
        36.0,
        37.0,
        38.0,
        39.0,
        40.0,
        41.0,
        42.0,
        43.0,
        44.0,
        45.0,
        46.0,
        47.0,
        48.0,
        49.0,
        50.0,
        51.0,
        52.0,
        53.0,
        54.0,
        55.0,
        56.0,
        57.0,
        58.0,
        59.0,
        60.0
    ],
    "Efficiency": [
        0.9680306905370843,
        0.9727371864776445,
        0.9691300280636108,
        0.9694719471947195,
        0.9608127721335269,
        0.9633607075173721,
        0.9630434782608696,
        0.9577126381547333,
        0.9557326250553342,
        0.9516500383729855,
        0.9536903039073806,
        0.9500513171399247,
        0.9578179511576277,
        0.9528245192307693,
        0.9486730825313503,
        0.9382881674268849,
        0.9422391857506361,
        0.9423940149625936,
        0.9373836126629422,
        0.9318127821335234,
        0.922879177377892,
        0.9239904988123515,
        0.9252584150543334,
        0.9142944597490053,
        0.9070647603027755,
        0.8885180240320427,
        0.9029345372460497,
        0.883399209486166,
        0.84593837535014,
        0.8512396694214877,
        0.8594594594594595,
        0.8195488721804511,
        0.8490566037735849,
        0.7555555555555555,
        0.8372093023255814,
        0.7796610169491526,
        0.7941176470588235,
        0.6415094339622641,
        0.7288135593220338,
        0.5555555555555556
    ]
}