{
    "Bins": [
        20.0,
        21.0,
        22.0,
        23.0,
        24.0,
        25.0,
        26.0,
        27.0,
        28.0,
        29.0,
        30.0,
        31.0,
        32.0,
        33.0,
        34.0,
        35.0,
        36.0,
        37.0,
        38.0,
        39.0,
        40.0,
        41.0,
        42.0,
        43.0,
        44.0,
        45.0,
        46.0,
        47.0,
        48.0,
        49.0,
        50.0,
        51.0,
        52.0,
        53.0,
        54.0,
        55.0,
        56.0,
        57.0,
        58.0,
        59.0,
        60.0
    ],
    "Efficiency": [
        0.9373401534526854,
        0.9411123227917121,
        0.9569691300280636,
        0.9537953795379538,
        0.9492017416545718,
        0.9589387239418825,
        0.9625,
        0.952426717924075,
        0.9539619300575476,
        0.9551036070606294,
        0.9587554269175108,
        0.9651043448511802,
        0.9654297494449731,
        0.9573317307692307,
        0.9606299212598425,
        0.9629729004561309,
        0.9643765903307888,
        0.9673316708229427,
        0.9681098696461825,
        0.9650748396293657,
        0.9672820752512269,
        0.967458432304038,
        0.9676649880731514,
        0.9715335169880625,
        0.9747687132043734,
        0.9646194926568759,
        0.9571106094808126,
        0.9565217391304348,
        0.969187675070028,
        0.9710743801652892,
        0.9783783783783784,
        0.9624060150375939,
        0.9905660377358491,
        0.9666666666666667,
        0.9651162790697675,
        0.9491525423728814,
        1.0,
        0.9622641509433962,
        1.0,
        0.9722222222222222
    ]
}