{
    "Bins": [
        20.0,
        21.0,
        22.0,
        23.0,
        24.0,
        25.0,
        26.0,
        27.0,
        28.0,
        29.0,
        30.0,
        31.0,
        32.0,
        33.0,
        34.0,
        35.0,
        36.0,
        37.0,
        38.0,
        39.0,
        40.0,
        41.0,
        42.0,
        43.0,
        44.0,
        45.0,
        46.0,
        47.0,
        48.0,
        49.0,
        50.0,
        51.0,
        52.0,
        53.0,
        54.0,
        55.0,
        56.0,
        57.0,
        58.0,
        59.0,
        60.0
    ],
    "Efficiency": [
        1.0,
        1.0,
        1.0,
        1.0,
        1.0,
        1.0,
        1.0,
        0.9995194617972128,
        1.0,
        1.0,
        0.9996382054992764,
        1.0,
        0.9996828417380272,
        0.9993990384615384,
        0.9988334791484398,
        0.9986584384223236,
        0.9977099236641221,
        0.9950124688279302,
        0.9911545623836127,
        0.9900213827512473,
        0.9799018462257537,
        0.9741092636579572,
        0.9650145772594753,
        0.9473523109886747,
        0.936080740117746,
        0.9265687583444593,
        0.9164785553047404,
        0.8596837944664032,
        0.8711484593837535,
        0.8347107438016529,
        0.8054054054054054,
        0.7518796992481203,
        0.7169811320754716,
        0.7222222222222222,
        0.7209302325581395,
        0.6949152542372882,
        0.6029411764705882,
        0.6981132075471698,
        0.5423728813559322,
        0.6944444444444444
    ]
}