{
    "Bins": [
        20.0,
        21.0,
        22.0,
        23.0,
        24.0,
        25.0,
        26.0,
        27.0,
        28.0,
        29.0,
        30.0,
        31.0,
        32.0,
        33.0,
        34.0,
        35.0,
        36.0,
        37.0,
        38.0,
        39.0,
        40.0,
        41.0,
        42.0,
        43.0,
        44.0,
        45.0,
        46.0,
        47.0,
        48.0,
        49.0,
        50.0,
        51.0,
        52.0,
        53.0,
        54.0,
        55.0,
        56.0,
        57.0,
        58.0,
        59.0,
        60.0
    ],
    "Efficiency": [
        0.9961636828644501,
        0.9956379498364231,
        0.9943872778297475,
        0.9884488448844885,
        0.9891146589259797,
        0.9722046746683513,
        0.9739130434782609,
        0.9649207111965401,
        0.9721115537848606,
        0.9758250191864927,
        0.9739507959479016,
        0.9784468012316113,
        0.9869965112591182,
        0.9897836538461539,
        0.9921259842519685,
        0.9935605044271532,
        0.9951653944020357,
        0.9957605985037407,
        0.9958100558659218,
        0.9966737942504158,
        0.9943912129002104,
        0.996437054631829,
        0.993108931884442,
        0.9938781756963575,
        0.9941126997476871,
        0.9933244325767691,
        0.9920993227990971,
        0.9881422924901185,
        0.9831932773109243,
        0.9586776859504132,
        0.9297297297297298,
        0.8646616541353384,
        0.9150943396226415,
        0.8444444444444444,
        0.7906976744186046,
        0.7288135593220338,
        0.6911764705882353,
        0.7547169811320755,
        0.6271186440677966,
        0.5
    ]
}