{
    "Bins": [
        20.0,
        21.0,
        22.0,
        23.0,
        24.0,
        25.0,
        26.0,
        27.0,
        28.0,
        29.0,
        30.0,
        31.0,
        32.0,
        33.0,
        34.0,
        35.0,
        36.0,
        37.0,
        38.0,
        39.0,
        40.0,
        41.0,
        42.0,
        43.0,
        44.0,
        45.0,
        46.0,
        47.0,
        48.0,
        49.0,
        50.0,
        51.0,
        52.0,
        53.0,
        54.0,
        55.0,
        56.0,
        57.0,
        58.0,
        59.0,
        60.0
    ],
    "Efficiency": [
        0.979539641943734,
        0.9847328244274809,
        0.9831618334892422,
        0.9876237623762376,
        0.9738751814223512,
        0.9791535060012634,
        0.9826086956521739,
        0.9745314752522826,
        0.9707835325365206,
        0.9700690713737529,
        0.9706946454413893,
        0.9688676017789942,
        0.9701871233745639,
        0.9666466346153846,
        0.9606299212598425,
        0.9530453447813254,
        0.95470737913486,
        0.9558603491271821,
        0.9499534450651769,
        0.9470182941316228,
        0.9385370413648049,
        0.9382422802850356,
        0.9382454280413464,
        0.9302112029384757,
        0.9222035323801514,
        0.904539385847797,
        0.9153498871331829,
        0.9130434782608695,
        0.876750700280112,
        0.8925619834710744,
        0.8864864864864865,
        0.849624060150376,
        0.9150943396226415,
        0.8222222222222222,
        0.872093023255814,
        0.847457627118644,
        0.9117647058823529,
        0.7358490566037735,
        0.847457627118644,
        0.6666666666666666
    ]
}