{
    "Bins": [
        20.0,
        21.0,
        22.0,
        23.0,
        24.0,
        25.0,
        26.0,
        27.0,
        28.0,
        29.0,
        30.0,
        31.0,
        32.0,
        33.0,
        34.0,
        35.0,
        36.0,
        37.0,
        38.0,
        39.0,
        40.0,
        41.0,
        42.0,
        43.0,
        44.0,
        45.0,
        46.0,
        47.0,
        48.0,
        49.0,
        50.0,
        51.0,
        52.0,
        53.0,
        54.0,
        55.0,
        56.0,
        57.0,
        58.0,
        59.0,
        60.0
    ],
    "Efficiency": [
        0.9616368286445013,
        0.9498364231188658,
        0.9579045837231057,
        0.9496699669966997,
        0.9579100145137881,
        0.9589387239418825,
        0.9565217391304348,
        0.9461797212878423,
        0.953519256308101,
        0.9420567920184191,
        0.9305354558610709,
        0.9408142319534725,
        0.9362511893434824,
        0.9356971153846154,
        0.9355497229512978,
        0.9189696807083445,
        0.9259541984732824,
        0.928428927680798,
        0.9196927374301676,
        0.9142314088857211,
        0.9146996961906988,
        0.910688836104513,
        0.9000795123244103,
        0.9060299969390878,
        0.8986543313708999,
        0.8891855807743658,
        0.8871331828442438,
        0.8932806324110671,
        0.8487394957983193,
        0.8512396694214877,
        0.8864864864864865,
        0.849624060150376,
        0.8962264150943396,
        0.8444444444444444,
        0.8488372093023255,
        0.8983050847457628,
        0.8382352941176471,
        0.7924528301886793,
        0.864406779661017,
        0.75
    ]
}