{
    "Bins": [
        20.0,
        21.0,
        22.0,
        23.0,
        24.0,
        25.0,
        26.0,
        27.0,
        28.0,
        29.0,
        30.0,
        31.0,
        32.0,
        33.0,
        34.0,
        35.0,
        36.0,
        37.0,
        38.0,
        39.0,
        40.0,
        41.0,
        42.0,
        43.0,
        44.0,
        45.0,
        46.0,
        47.0,
        48.0,
        49.0,
        50.0,
        51.0,
        52.0,
        53.0,
        54.0,
        55.0,
        56.0,
        57.0,
        58.0,
        59.0,
        60.0
    ],
    "Efficiency": [
        0.9859335038363172,
        0.9847328244274809,
        0.9840972871842844,
        0.9760726072607261,
        0.9753265602322206,
        0.9797852179406191,
        0.9831521739130434,
        0.9730898606439212,
        0.9783089862771137,
        0.9762087490406753,
        0.9667149059334298,
        0.9698939445774889,
        0.9752616555661275,
        0.9669471153846154,
        0.9644211140274133,
        0.9570700295143547,
        0.9572519083969465,
        0.9603491271820449,
        0.9534450651769087,
        0.9546210501306723,
        0.9434447300771208,
        0.9448931116389548,
        0.9406307977736549,
        0.9427609427609428,
        0.9390243902439024,
        0.92456608811749,
        0.945823927765237,
        0.9268774703557312,
        0.8935574229691877,
        0.8966942148760331,
        0.9351351351351351,
        0.9097744360902256,
        0.8867924528301887,
        0.8333333333333334,
        0.8837209302325582,
        0.9152542372881356,
        0.8529411764705882,
        0.7924528301886793,
        0.8813559322033898,
        0.8888888888888888
    ]
}