{
    "Bins": [
        20.0,
        21.0,
        22.0,
        23.0,
        24.0,
        25.0,
        26.0,
        27.0,
        28.0,
        29.0,
        30.0,
        31.0,
        32.0,
        33.0,
        34.0,
        35.0,
        36.0,
        37.0,
        38.0,
        39.0,
        40.0,
        41.0,
        42.0,
        43.0,
        44.0,
        45.0,
        46.0,
        47.0,
        48.0,
        49.0,
        50.0,
        51.0,
        52.0,
        53.0,
        54.0,
        55.0,
        56.0,
        57.0,
        58.0,
        59.0,
        60.0
    ],
    "Efficiency": [
        0.9820971867007673,
        0.9825517993456925,
        0.9859681945743686,
        0.985973597359736,
        0.9760522496371553,
        0.9797852179406191,
        0.9831521739130434,
        0.9774147044690052,
        0.9783089862771137,
        0.9742900997697621,
        0.975397973950796,
        0.9722887444406432,
        0.9752616555661275,
        0.9735576923076923,
        0.9647127442403033,
        0.9616313388784545,
        0.9651399491094148,
        0.9618453865336658,
        0.9636871508379888,
        0.9553338085055832,
        0.9539612058892265,
        0.9562945368171022,
        0.9567983037370792,
        0.9534741352923171,
        0.9470142977291842,
        0.9332443257676902,
        0.9379232505643341,
        0.9407114624505929,
        0.927170868347339,
        0.9214876033057852,
        0.9081081081081082,
        0.8872180451127819,
        0.9433962264150944,
        0.9111111111111111,
        0.8953488372093024,
        0.864406779661017,
        0.9411764705882353,
        0.8301886792452831,
        0.9661016949152542,
        0.7222222222222222
    ]
}