{
    "Bins": [
        20.0,
        21.0,
        22.0,
        23.0,
        24.0,
        25.0,
        26.0,
        27.0,
        28.0,
        29.0,
        30.0,
        31.0,
        32.0,
        33.0,
        34.0,
        35.0,
        36.0,
        37.0,
        38.0,
        39.0,
        40.0,
        41.0,
        42.0,
        43.0,
        44.0,
        45.0,
        46.0,
        47.0,
        48.0,
        49.0,
        50.0,
        51.0,
        52.0,
        53.0,
        54.0,
        55.0,
        56.0,
        57.0,
        58.0,
        59.0,
        60.0
    ],
    "Efficiency": [
        0.9884910485933504,
        0.9912758996728462,
        0.9840972871842844,
        0.9785478547854786,
        0.9666182873730044,
        0.9583070120025269,
        0.9505434782608696,
        0.9548294089380106,
        0.9592740150509075,
        0.9643131235610131,
        0.9598408104196816,
        0.9705781731098186,
        0.9749444973041548,
        0.9789663461538461,
        0.9801691455234762,
        0.9806815132814596,
        0.9842239185750636,
        0.9850374064837906,
        0.9834729981378026,
        0.9859824186267522,
        0.9845758354755784,
        0.9843230403800475,
        0.9851576994434137,
        0.9840832568105295,
        0.977291841883936,
        0.9719626168224299,
        0.981941309255079,
        0.9367588932806324,
        0.9187675070028011,
        0.9214876033057852,
        0.8918918918918919,
        0.8421052631578947,
        0.8207547169811321,
        0.7666666666666667,
        0.7906976744186046,
        0.7627118644067796,
        0.6323529411764706,
        0.5849056603773585,
        0.5932203389830508,
        0.4722222222222222
    ]
}