{
    "Bins": [
        20.0,
        21.0,
        22.0,
        23.0,
        24.0,
        25.0,
        26.0,
        27.0,
        28.0,
        29.0,
        30.0,
        31.0,
        32.0,
        33.0,
        34.0,
        35.0,
        36.0,
        37.0,
        38.0,
        39.0,
        40.0,
        41.0,
        42.0,
        43.0,
        44.0,
        45.0,
        46.0,
        47.0,
        48.0,
        49.0,
        50.0,
        51.0,
        52.0,
        53.0,
        54.0,
        55.0,
        56.0,
        57.0,
        58.0,
        59.0,
        60.0
    ],
    "Efficiency": [
        0.9641943734015346,
        0.9694656488549618,
        0.9756782039289055,
        0.9785478547854786,
        0.9629898403483309,
        0.9722046746683513,
        0.9706521739130435,
        0.9697260932244114,
        0.9698981850376273,
        0.9635456638526477,
        0.9667149059334298,
        0.9599726308587068,
        0.9692356485886457,
        0.9624399038461539,
        0.9617964421114027,
        0.959216528038637,
        0.961323155216285,
        0.9588528678304239,
        0.964851024208566,
        0.9541458778807318,
        0.9523253096517879,
        0.9532066508313539,
        0.9565332626557116,
        0.9580655035200489,
        0.9507989907485281,
        0.9552736982643525,
        0.9525959367945824,
        0.9545454545454546,
        0.9523809523809523,
        0.9421487603305785,
        0.9513513513513514,
        0.9398496240601504,
        0.9528301886792453,
        0.9333333333333333,
        0.9418604651162791,
        0.8813559322033898,
        0.9852941176470589,
        0.9056603773584906,
        0.9661016949152542,
        0.8055555555555556
    ]
}