{
    "Bins": [
        20.0,
        21.0,
        22.0,
        23.0,
        24.0,
        25.0,
        26.0,
        27.0,
        28.0,
        29.0,
        30.0,
        31.0,
        32.0,
        33.0,
        34.0,
        35.0,
        36.0,
        37.0,
        38.0,
        39.0,
        40.0,
        41.0,
        42.0,
        43.0,
        44.0,
        45.0,
        46.0,
        47.0,
        48.0,
        49.0,
        50.0,
        51.0,
        52.0,
        53.0,
        54.0,
        55.0,
        56.0,
        57.0,
        58.0,
        59.0,
        60.0
    ],
    "Efficiency": [
        0.9859335038363172,
        0.9869138495092693,
        0.9859681945743686,
        0.9900990099009901,
        0.9782293178519593,
        0.9810486418193304,
        0.9864130434782609,
        0.9807784718885152,
        0.9796370075254538,
        0.976592478894858,
        0.9801013024602026,
        0.9753677728361273,
        0.9762131303520457,
        0.9765625,
        0.9693788276465442,
        0.9659243359270191,
        0.9666666666666667,
        0.9655860349127182,
        0.9629888268156425,
        0.959847944880019,
        0.9539612058892265,
        0.9560570071258907,
        0.9517625231910947,
        0.9528619528619529,
        0.9444911690496215,
        0.9312416555407209,
        0.9401805869074492,
        0.9387351778656127,
        0.9159663865546218,
        0.9214876033057852,
        0.9081081081081082,
        0.8947368421052632,
        0.9339622641509434,
        0.8666666666666667,
        0.9186046511627907,
        0.864406779661017,
        0.9558823529411765,
        0.8113207547169812,
        0.864406779661017,
        0.7222222222222222
    ]
}