{
    "Bins": [
        20.0,
        21.0,
        22.0,
        23.0,
        24.0,
        25.0,
        26.0,
        27.0,
        28.0,
        29.0,
        30.0,
        31.0,
        32.0,
        33.0,
        34.0,
        35.0,
        36.0,
        37.0,
        38.0,
        39.0,
        40.0,
        41.0,
        42.0,
        43.0,
        44.0,
        45.0,
        46.0,
        47.0,
        48.0,
        49.0,
        50.0,
        51.0,
        52.0,
        53.0,
        54.0,
        55.0,
        56.0,
        57.0,
        58.0,
        59.0,
        60.0
    ],
    "Efficiency": [
        0.9782608695652174,
        0.9803707742639041,
        0.9775491113189897,
        0.9818481848184818,
        0.9724238026124818,
        0.9759949463044851,
        0.9706521739130435,
        0.9769341662662182,
        0.9760956175298805,
        0.97544128933231,
        0.9775687409551375,
        0.9770783441669517,
        0.975895972090073,
        0.9816706730769231,
        0.979294254884806,
        0.975315266970754,
        0.9796437659033079,
        0.9822942643391521,
        0.978584729981378,
        0.9824186267521977,
        0.9803692451507362,
        0.9800475059382423,
        0.9803869599787968,
        0.9761248852157943,
        0.9777123633305299,
        0.972630173564753,
        0.9841986455981941,
        0.9683794466403162,
        0.9523809523809523,
        0.9669421487603306,
        0.9621621621621622,
        0.9473684210526315,
        0.9433962264150944,
        0.9222222222222223,
        0.9418604651162791,
        0.9152542372881356,
        0.9264705882352942,
        0.8301886792452831,
        0.8813559322033898,
        0.8055555555555556
    ]
}