{
    "Bins": [
        20.0,
        21.0,
        22.0,
        23.0,
        24.0,
        25.0,
        26.0,
        27.0,
        28.0,
        29.0,
        30.0,
        31.0,
        32.0,
        33.0,
        34.0,
        35.0,
        36.0,
        37.0,
        38.0,
        39.0,
        40.0,
        41.0,
        42.0,
        43.0,
        44.0,
        45.0,
        46.0,
        47.0,
        48.0,
        49.0,
        50.0,
        51.0,
        52.0,
        53.0,
        54.0,
        55.0,
        56.0,
        57.0,
        58.0,
        59.0,
        60.0
    ],
    "Efficiency": [
        0.9181585677749361,
        0.916030534351145,
        0.9204864359214219,
        0.9018151815181518,
        0.8896952104499274,
        0.8837650031585597,
        0.8875,
        0.8755406054781355,
        0.8716246126604692,
        0.8679969301611665,
        0.8552821997105644,
        0.8638385220663701,
        0.8604503647320013,
        0.8479567307692307,
        0.8509769612131817,
        0.834987925945801,
        0.8318066157760814,
        0.8246882793017456,
        0.819366852886406,
        0.8189593727726301,
        0.8181818181818182,
        0.8121140142517814,
        0.8134110787172012,
        0.8062442607897153,
        0.8128679562657696,
        0.7937249666221629,
        0.7934537246049661,
        0.7806324110671937,
        0.7815126050420168,
        0.768595041322314,
        0.7621621621621621,
        0.7368421052631579,
        0.8207547169811321,
        0.8111111111111111,
        0.6627906976744186,
        0.7796610169491526,
        0.7941176470588235,
        0.7547169811320755,
        0.847457627118644,
        0.6666666666666666
    ]
}