{
    "Bins": [
        20.0,
        21.0,
        22.0,
        23.0,
        24.0,
        25.0,
        26.0,
        27.0,
        28.0,
        29.0,
        30.0,
        31.0,
        32.0,
        33.0,
        34.0,
        35.0,
        36.0,
        37.0,
        38.0,
        39.0,
        40.0,
        41.0,
        42.0,
        43.0,
        44.0,
        45.0,
        46.0,
        47.0,
        48.0,
        49.0,
        50.0,
        51.0,
        52.0,
        53.0,
        54.0,
        55.0,
        56.0,
        57.0,
        58.0,
        59.0,
        60.0
    ],
    "Efficiency": [
        0.9462915601023018,
        0.9487459105779716,
        0.961646398503274,
        0.9587458745874587,
        0.9571843251088534,
        0.9633607075173721,
        0.9668478260869565,
        0.9581931763575204,
        0.9566179725542275,
        0.9608595548733692,
        0.9627351664254703,
        0.9685254875128293,
        0.9686013320647003,
        0.9612379807692307,
        0.9629629629629629,
        0.9667292728736249,
        0.9674300254452927,
        0.9713216957605985,
        0.9732309124767226,
        0.9667379425041578,
        0.9696190698761393,
        0.9707838479809976,
        0.9708454810495627,
        0.9733700642791552,
        0.977291841883936,
        0.9686248331108144,
        0.9582392776523702,
        0.958498023715415,
        0.9719887955182073,
        0.9710743801652892,
        0.9837837837837838,
        0.9699248120300752,
        1.0,
        0.9666666666666667,
        0.9651162790697675,
        0.9491525423728814,
        1.0,
        0.9622641509433962,
        1.0,
        0.9722222222222222
    ]
}