{
    "Bins": [
        20.0,
        21.0,
        22.0,
        23.0,
        24.0,
        25.0,
        26.0,
        27.0,
        28.0,
        29.0,
        30.0,
        31.0,
        32.0,
        33.0,
        34.0,
        35.0,
        36.0,
        37.0,
        38.0,
        39.0,
        40.0,
        41.0,
        42.0,
        43.0,
        44.0,
        45.0,
        46.0,
        47.0,
        48.0,
        49.0,
        50.0,
        51.0,
        52.0,
        53.0,
        54.0,
        55.0,
        56.0,
        57.0,
        58.0,
        59.0,
        60.0
    ],
    "Efficiency": [
        0.9782608695652174,
        0.9770992366412213,
        0.9766136576239476,
        0.9801980198019802,
        0.9731494920174165,
        0.9791535060012634,
        0.9744565217391304,
        0.9764536280634311,
        0.9774236387782205,
        0.9712202609363009,
        0.9761215629522432,
        0.976052001368457,
        0.9777989216619093,
        0.9780649038461539,
        0.9755030621172354,
        0.9694123960289778,
        0.973027989821883,
        0.9770573566084788,
        0.9750931098696461,
        0.972440009503445,
        0.9710212666510867,
        0.9695961995249406,
        0.9671349059104161,
        0.9693908784817876,
        0.960470984020185,
        0.9499332443257676,
        0.9740406320541761,
        0.9545454545454546,
        0.9327731092436975,
        0.9462809917355371,
        0.9513513513513514,
        0.8947368421052632,
        0.9339622641509434,
        0.8333333333333334,
        0.9186046511627907,
        0.864406779661017,
        0.8970588235294118,
        0.8490566037735849,
        0.9152542372881356,
        0.8055555555555556
    ]
}