{
    "Bins": [
        20.0,
        21.0,
        22.0,
        23.0,
        24.0,
        25.0,
        26.0,
        27.0,
        28.0,
        29.0,
        30.0,
        31.0,
        32.0,
        33.0,
        34.0,
        35.0,
        36.0,
        37.0,
        38.0,
        39.0,
        40.0,
        41.0,
        42.0,
        43.0,
        44.0,
        45.0,
        46.0,
        47.0,
        48.0,
        49.0,
        50.0,
        51.0,
        52.0,
        53.0,
        54.0,
        55.0,
        56.0,
        57.0,
        58.0,
        59.0,
        60.0
    ],
    "Efficiency": [
        0.9961636828644501,
        0.9956379498364231,
        0.9887745556594949,
        0.985973597359736,
        0.9825834542815675,
        0.9867340492735313,
        0.9858695652173913,
        0.9855838539163864,
        0.9853917662682603,
        0.985418265541059,
        0.9804630969609262,
        0.9787889154977762,
        0.9819219790675547,
        0.9780649038461539,
        0.9795858850976962,
        0.9712905822377247,
        0.9720101781170484,
        0.9718204488778055,
        0.9646182495344506,
        0.9674507008790687,
        0.9649450806263146,
        0.9643705463182898,
        0.9591836734693877,
        0.9608203244566881,
        0.9558452481076535,
        0.9405874499332443,
        0.9559819413092551,
        0.9407114624505929,
        0.9187675070028011,
        0.9214876033057852,
        0.9405405405405406,
        0.9172932330827067,
        0.8962264150943396,
        0.8555555555555555,
        0.9302325581395349,
        0.9152542372881356,
        0.8382352941176471,
        0.8490566037735849,
        0.8983050847457628,
        0.7777777777777778
    ]
}