{
    "Bins": [
        20.0,
        21.0,
        22.0,
        23.0,
        24.0,
        25.0,
        26.0,
        27.0,
        28.0,
        29.0,
        30.0,
        31.0,
        32.0,
        33.0,
        34.0,
        35.0,
        36.0,
        37.0,
        38.0,
        39.0,
        40.0,
        41.0,
        42.0,
        43.0,
        44.0,
        45.0,
        46.0,
        47.0,
        48.0,
        49.0,
        50.0,
        51.0,
        52.0,
        53.0,
        54.0,
        55.0,
        56.0,
        57.0,
        58.0,
        59.0,
        60.0
    ],
    "Efficiency": [
        0.948849104859335,
        0.9411123227917121,
        0.9466791393826005,
        0.9513201320132013,
        0.9375907111756169,
        0.9387239418825016,
        0.9309782608695653,
        0.9375300336376742,
        0.9344842850818946,
        0.944359171143515,
        0.9327062228654125,
        0.9349982894286691,
        0.9425943545829368,
        0.9423076923076923,
        0.9419655876348789,
        0.9299704856452912,
        0.9402035623409669,
        0.9386533665835411,
        0.9390130353817505,
        0.9446424328819197,
        0.9385370413648049,
        0.9342042755344419,
        0.9313543599257885,
        0.9289868380777472,
        0.9293523969722456,
        0.904539385847797,
        0.909706546275395,
        0.8932806324110671,
        0.8487394957983193,
        0.8512396694214877,
        0.8864864864864865,
        0.7969924812030075,
        0.7924528301886793,
        0.7,
        0.7441860465116279,
        0.6949152542372882,
        0.7058823529411765,
        0.6981132075471698,
        0.5932203389830508,
        0.6111111111111112
    ]
}