{
    "Bins": [
        20.0,
        21.0,
        22.0,
        23.0,
        24.0,
        25.0,
        26.0,
        27.0,
        28.0,
        29.0,
        30.0,
        31.0,
        32.0,
        33.0,
        34.0,
        35.0,
        36.0,
        37.0,
        38.0,
        39.0,
        40.0,
        41.0,
        42.0,
        43.0,
        44.0,
        45.0,
        46.0,
        47.0,
        48.0,
        49.0,
        50.0,
        51.0,
        52.0,
        53.0,
        54.0,
        55.0,
        56.0,
        57.0,
        58.0,
        59.0,
        60.0
    ],
    "Efficiency": [
        0.9833759590792839,
        0.9847328244274809,
        0.9850327408793265,
        0.985973597359736,
        0.9760522496371553,
        0.9791535060012634,
        0.9831521739130434,
        0.9769341662662182,
        0.9760956175298805,
        0.9746738296239448,
        0.9764833574529667,
        0.9712624016421485,
        0.9743101807802094,
        0.9747596153846154,
        0.9638378536016331,
        0.9568017171988195,
        0.962086513994911,
        0.9576059850374065,
        0.9574022346368715,
        0.955096222380613,
        0.9481187193269456,
        0.9513064133016627,
        0.9488470712960508,
        0.9467401285583104,
        0.9386038687973086,
        0.9259012016021362,
        0.927765237020316,
        0.9308300395256917,
        0.907563025210084,
        0.9090909090909091,
        0.8972972972972973,
        0.8721804511278195,
        0.9339622641509434,
        0.8444444444444444,
        0.8837209302325582,
        0.864406779661017,
        0.9264705882352942,
        0.8490566037735849,
        0.9322033898305084,
        0.6944444444444444
    ]
}