{
    "Bins": [
        20.0,
        21.0,
        22.0,
        23.0,
        24.0,
        25.0,
        26.0,
        27.0,
        28.0,
        29.0,
        30.0,
        31.0,
        32.0,
        33.0,
        34.0,
        35.0,
        36.0,
        37.0,
        38.0,
        39.0,
        40.0,
        41.0,
        42.0,
        43.0,
        44.0,
        45.0,
        46.0,
        47.0,
        48.0,
        49.0,
        50.0,
        51.0,
        52.0,
        53.0,
        54.0,
        55.0,
        56.0,
        57.0,
        58.0,
        59.0,
        60.0
    ],
    "Efficiency": [
        0.979539641943734,
        0.9858233369683751,
        0.9784845650140318,
        0.981023102310231,
        0.9738751814223512,
        0.9848389134554643,
        0.9755434782608695,
        0.980297933685728,
        0.9836210712704737,
        0.9785111281657713,
        0.9801013024602026,
        0.9774204584331166,
        0.9797018712337456,
        0.9837740384615384,
        0.979294254884806,
        0.978266702441642,
        0.982442748091603,
        0.9822942643391521,
        0.9811452513966481,
        0.9786172487526729,
        0.9782659499883151,
        0.9776722090261283,
        0.9756162205141797,
        0.972757881848791,
        0.9735071488645921,
        0.9672897196261683,
        0.9830699774266366,
        0.9525691699604744,
        0.957983193277311,
        0.9710743801652892,
        0.9567567567567568,
        0.924812030075188,
        0.9622641509433962,
        0.8777777777777778,
        0.9302325581395349,
        0.9152542372881356,
        0.8382352941176471,
        0.8867924528301887,
        0.8983050847457628,
        0.75
    ]
}