{
    "Bins": [
        20.0,
        21.0,
        22.0,
        23.0,
        24.0,
        25.0,
        26.0,
        27.0,
        28.0,
        29.0,
        30.0,
        31.0,
        32.0,
        33.0,
        34.0,
        35.0,
        36.0,
        37.0,
        38.0,
        39.0,
        40.0,
        41.0,
        42.0,
        43.0,
        44.0,
        45.0,
        46.0,
        47.0,
        48.0,
        49.0,
        50.0,
        51.0,
        52.0,
        53.0,
        54.0,
        55.0,
        56.0,
        57.0,
        58.0,
        59.0,
        60.0
    ],
    "Efficiency": [
        0.8772378516624041,
        0.8538713195201745,
        0.8643592142188962,
        0.8638613861386139,
        0.8468795355587808,
        0.8566013897662665,
        0.8494565217391304,
        0.8635271504084575,
        0.8494909251881363,
        0.8557175748273216,
        0.8552821997105644,
        0.8699965788573384,
        0.8674278464954012,
        0.8743990384615384,
        0.8655584718576844,
        0.8741615240139522,
        0.87735368956743,
        0.8685785536159601,
        0.8768621973929237,
        0.8812069375148491,
        0.8745033886422061,
        0.875771971496437,
        0.8690697058043997,
        0.8720538720538721,
        0.864592094196804,
        0.855807743658211,
        0.8363431151241535,
        0.8517786561264822,
        0.7955182072829131,
        0.7644628099173554,
        0.8054054054054054,
        0.7669172932330827,
        0.7641509433962265,
        0.7777777777777778,
        0.7209302325581395,
        0.6610169491525424,
        0.75,
        0.7547169811320755,
        0.7288135593220338,
        0.5555555555555556
    ]
}