{
    "Bins": [
        20.0,
        21.0,
        22.0,
        23.0,
        24.0,
        25.0,
        26.0,
        27.0,
        28.0,
        29.0,
        30.0,
        31.0,
        32.0,
        33.0,
        34.0,
        35.0,
        36.0,
        37.0,
        38.0,
        39.0,
        40.0,
        41.0,
        42.0,
        43.0,
        44.0,
        45.0,
        46.0,
        47.0,
        48.0,
        49.0,
        50.0,
        51.0,
        52.0,
        53.0,
        54.0,
        55.0,
        56.0,
        57.0,
        58.0,
        59.0,
        60.0
    ],
    "Efficiency": [
        0.9578005115089514,
        0.9629225736095965,
        0.9663236669784846,
        0.9694719471947195,
        0.9564586357039188,
        0.967150979153506,
        0.9608695652173913,
        0.9654012493993273,
        0.963700752545374,
        0.9574059861857253,
        0.9602026049204052,
        0.9548409168662333,
        0.9638439581351094,
        0.9561298076923077,
        0.9547973170020414,
        0.951703783203649,
        0.9559796437659033,
        0.956857855361596,
        0.9562383612662942,
        0.9517700166310288,
        0.944613227389577,
        0.9477434679334917,
        0.9499072356215214,
        0.9546985001530456,
        0.9457527333894029,
        0.9479305740987984,
        0.9503386004514672,
        0.932806324110672,
        0.9551820728291317,
        0.9380165289256198,
        0.9405405405405406,
        0.9323308270676691,
        0.9528301886792453,
        0.9111111111111111,
        0.9186046511627907,
        0.8983050847457628,
        0.9852941176470589,
        0.8867924528301887,
        0.9830508474576272,
        0.75
    ]
}