{
    "Bins": [
        20.0,
        21.0,
        22.0,
        23.0,
        24.0,
        25.0,
        26.0,
        27.0,
        28.0,
        29.0,
        30.0,
        31.0,
        32.0,
        33.0,
        34.0,
        35.0,
        36.0,
        37.0,
        38.0,
        39.0,
        40.0,
        41.0,
        42.0,
        43.0,
        44.0,
        45.0,
        46.0,
        47.0,
        48.0,
        49.0,
        50.0,
        51.0,
        52.0,
        53.0,
        54.0,
        55.0,
        56.0,
        57.0,
        58.0,
        59.0,
        60.0
    ],
    "Efficiency": [
        0.9757033248081841,
        0.9792802617230099,
        0.9794200187090739,
        0.976897689768977,
        0.9702467343976778,
        0.9703095388502843,
        0.9706521739130435,
        0.9759730898606439,
        0.9716688800354139,
        0.9696853415195702,
        0.9703328509406657,
        0.9712624016421485,
        0.9733587059942912,
        0.9753605769230769,
        0.9728783902012248,
        0.9651193989804132,
        0.9725190839694656,
        0.9763092269326683,
        0.9732309124767226,
        0.9717272511285341,
        0.968450572563683,
        0.9684085510688836,
        0.9668698648290485,
        0.9666360575451485,
        0.964255677039529,
        0.9586114819759679,
        0.9683972911963883,
        0.950592885375494,
        0.927170868347339,
        0.9173553719008265,
        0.9459459459459459,
        0.8872180451127819,
        0.9056603773584906,
        0.8444444444444444,
        0.9069767441860465,
        0.9322033898305084,
        0.8823529411764706,
        0.7924528301886793,
        0.7966101694915254,
        0.6111111111111112
    ]
}