{
    "Bins": [
        20.0,
        21.0,
        22.0,
        23.0,
        24.0,
        25.0,
        26.0,
        27.0,
        28.0,
        29.0,
        30.0,
        31.0,
        32.0,
        33.0,
        34.0,
        35.0,
        36.0,
        37.0,
        38.0,
        39.0,
        40.0,
        41.0,
        42.0,
        43.0,
        44.0,
        45.0,
        46.0,
        47.0,
        48.0,
        49.0,
        50.0,
        51.0,
        52.0,
        53.0,
        54.0,
        55.0,
        56.0,
        57.0,
        58.0,
        59.0,
        60.0
    ],
    "Efficiency": [
        0.9168797953964194,
        0.916030534351145,
        0.9204864359214219,
        0.8985148514851485,
        0.8867924528301887,
        0.8825015792798484,
        0.8853260869565217,
        0.8726573762614128,
        0.868083222664896,
        0.8660782808902533,
        0.8531114327062229,
        0.8590489223400616,
        0.8569616238503013,
        0.8449519230769231,
        0.8492271799358414,
        0.8339146766836598,
        0.8279898218829517,
        0.8219451371571073,
        0.8163407821229051,
        0.8153955808980755,
        0.8156111240944146,
        0.8085510688836105,
        0.8110257089848927,
        0.8031833486378941,
        0.8103448275862069,
        0.7910547396528705,
        0.791196388261851,
        0.7786561264822134,
        0.7815126050420168,
        0.7644628099173554,
        0.7513513513513513,
        0.7368421052631579,
        0.8113207547169812,
        0.8,
        0.6511627906976745,
        0.7796610169491526,
        0.7941176470588235,
        0.7547169811320755,
        0.847457627118644,
        0.6666666666666666
    ]
}