Classifier,Accuracy,TN,FP,FN,TP,Precision,Recall,F1,MSE
ExtraTreesClassifier,0.9689922480620154,27492.0,1118.0,314.0,17258.0,0.9391597736177624,0.9821306624174824,0.9601646823189052,0.0310077519379844
MLPClassifier,0.9681910701138972,27693.0,917.0,552.0,17020.0,0.9488766237386408,0.9685863874345548,0.9586302064265396,0.0318089298861028
RandomForestClassifier,0.9672166645013208,27542.0,1068.0,446.0,17126.0,0.941299329449269,0.9746187115866152,0.9576692948610412,0.0327833354986791
VotingClassifier,0.9500021653458056,27822.0,788.0,1521.0,16051.0,0.9532038719638932,0.9134418392897792,0.9328993635756008,0.0499978346541942
XGBClassifier,0.9656143086050842,27509.0,-1101.0,-487.0,17085.0,0.9394589244473772,0.972285454131573,0.9555903574025392,-0.0343856913949157
HistGradientBoostingClassifier,0.9650946256117102,27453.0,-1157.0,-455.0,17117.0,0.936686001970012,0.974106533120874,0.9550298499135188,-0.0349053743882898
SVC,0.9645316357022216,27350.0,-1260.0,-378.0,17194.0,0.9317221198656118,0.97848850443888,0.9545328373952146,-0.0354683642977783
