{
    "Bins": [
        20.0,
        21.0,
        22.0,
        23.0,
        24.0,
        25.0,
        26.0,
        27.0,
        28.0,
        29.0,
        30.0,
        31.0,
        32.0,
        33.0,
        34.0,
        35.0,
        36.0,
        37.0,
        38.0,
        39.0,
        40.0,
        41.0,
        42.0,
        43.0,
        44.0,
        45.0,
        46.0,
        47.0,
        48.0,
        49.0,
        50.0,
        51.0,
        52.0,
        53.0,
        54.0,
        55.0,
        56.0,
        57.0,
        58.0,
        59.0,
        60.0
    ],
    "Efficiency": [
        0.7352941176470589,
        0.7568157033805889,
        0.7876520112254444,
        0.7673267326732673,
        0.7895500725689405,
        0.786481364497789,
        0.8076086956521739,
        0.810187409899087,
        0.83178397521027,
        0.8380660015349194,
        0.8350217076700435,
        0.8549435511460828,
        0.8598160482080558,
        0.8614783653846154,
        0.8678915135608049,
        0.8679903407566407,
        0.8689567430025446,
        0.8845386533665835,
        0.8850093109869647,
        0.8928486576383939,
        0.8988081327412947,
        0.9007125890736342,
        0.9088258680095415,
        0.9057239057239057,
        0.913372582001682,
        0.8911882510013351,
        0.8882618510158014,
        0.8596837944664032,
        0.8403361344537815,
        0.8181818181818182,
        0.8324324324324325,
        0.7518796992481203,
        0.7452830188679245,
        0.6888888888888889,
        0.5930232558139535,
        0.559322033898305,
        0.5294117647058824,
        0.41509433962264153,
        0.5423728813559322,
        0.4444444444444444
    ]
}