{
    "Bins": [
        20.0,
        21.0,
        22.0,
        23.0,
        24.0,
        25.0,
        26.0,
        27.0,
        28.0,
        29.0,
        30.0,
        31.0,
        32.0,
        33.0,
        34.0,
        35.0,
        36.0,
        37.0,
        38.0,
        39.0,
        40.0,
        41.0,
        42.0,
        43.0,
        44.0,
        45.0,
        46.0,
        47.0,
        48.0,
        49.0,
        50.0,
        51.0,
        52.0,
        53.0,
        54.0,
        55.0,
        56.0,
        57.0,
        58.0,
        59.0,
        60.0
    ],
    "Efficiency": [
        0.8913043478260869,
        0.906215921483097,
        0.9092609915809168,
        0.91996699669967,
        0.918722786647315,
        0.9216677195198989,
        0.9358695652173913,
        0.9384911100432485,
        0.9402390438247012,
        0.9278587874136608,
        0.9450072358900145,
        0.9418405747519671,
        0.9502061528702823,
        0.94921875,
        0.9463400408282298,
        0.9482157231016903,
        0.9513994910941476,
        0.9531172069825437,
        0.9522811918063314,
        0.9569969113803753,
        0.9588688946015425,
        0.9522565320665083,
        0.9628942486085343,
        0.9620446893174166,
        0.9646761984861227,
        0.9532710280373832,
        0.9616252821670429,
        0.9347826086956522,
        0.9635854341736695,
        0.9380165289256198,
        0.9513513513513514,
        0.9398496240601504,
        0.9433962264150944,
        0.9333333333333333,
        0.9186046511627907,
        0.8983050847457628,
        0.9852941176470589,
        0.9433962264150944,
        0.9322033898305084,
        0.9722222222222222
    ]
}