{
    "Bins": [
        20.0,
        21.0,
        22.0,
        23.0,
        24.0,
        25.0,
        26.0,
        27.0,
        28.0,
        29.0,
        30.0,
        31.0,
        32.0,
        33.0,
        34.0,
        35.0,
        36.0,
        37.0,
        38.0,
        39.0,
        40.0,
        41.0,
        42.0,
        43.0,
        44.0,
        45.0,
        46.0,
        47.0,
        48.0,
        49.0,
        50.0,
        51.0,
        52.0,
        53.0,
        54.0,
        55.0,
        56.0,
        57.0,
        58.0,
        59.0,
        60.0
    ],
    "Efficiency": [
        0.9923273657289002,
        0.9912758996728462,
        0.9869036482694107,
        0.9752475247524752,
        0.9629898403483309,
        0.9576753000631711,
        0.9445652173913044,
        0.9365689572321,
        0.9428950863213812,
        0.9397544128933231,
        0.9504341534008683,
        0.9466301744782758,
        0.9543292102759277,
        0.9618389423076923,
        0.9702537182852143,
        0.967802522135766,
        0.9681933842239185,
        0.9753117206982543,
        0.9743947858472998,
        0.9750534568781183,
        0.9749941575134378,
        0.9774346793349169,
        0.9748210972700768,
        0.9712274257728803,
        0.9684608915054668,
        0.9539385847797063,
        0.9627539503386005,
        0.932806324110672,
        0.9131652661064426,
        0.8760330578512396,
        0.8648648648648649,
        0.7894736842105263,
        0.8113207547169812,
        0.7222222222222222,
        0.6511627906976745,
        0.711864406779661,
        0.5588235294117647,
        0.4528301886792453,
        0.576271186440678,
        0.4722222222222222
    ]
}