{
    "Bins": [
        20.0,
        21.0,
        22.0,
        23.0,
        24.0,
        25.0,
        26.0,
        27.0,
        28.0,
        29.0,
        30.0,
        31.0,
        32.0,
        33.0,
        34.0,
        35.0,
        36.0,
        37.0,
        38.0,
        39.0,
        40.0,
        41.0,
        42.0,
        43.0,
        44.0,
        45.0,
        46.0,
        47.0,
        48.0,
        49.0,
        50.0,
        51.0,
        52.0,
        53.0,
        54.0,
        55.0,
        56.0,
        57.0,
        58.0,
        59.0,
        60.0
    ],
    "Efficiency": [
        0.9884910485933504,
        0.990185387131952,
        0.9775491113189897,
        0.9620462046204621,
        0.9448476052249637,
        0.9248262792166771,
        0.9054347826086957,
        0.8899567515617491,
        0.8919876051350155,
        0.9002302379125096,
        0.9120839363241678,
        0.9148135477249402,
        0.9292737075800824,
        0.9323918269230769,
        0.9466316710411199,
        0.9444593506841964,
        0.9524173027989822,
        0.9630922693266832,
        0.9585661080074488,
        0.9615110477548111,
        0.9677494741762094,
        0.9605700712589074,
        0.9583885502252849,
        0.9577594123048668,
        0.9507989907485281,
        0.9272363150867824,
        0.9288939051918735,
        0.8695652173913043,
        0.8263305322128851,
        0.8099173553719008,
        0.7783783783783784,
        0.7368421052631579,
        0.6886792452830188,
        0.6111111111111112,
        0.6162790697674418,
        0.5254237288135594,
        0.45588235294117646,
        0.4716981132075472,
        0.5084745762711864,
        0.3055555555555556
    ]
}