{
    "Bins": [
        20.0,
        21.0,
        22.0,
        23.0,
        24.0,
        25.0,
        26.0,
        27.0,
        28.0,
        29.0,
        30.0,
        31.0,
        32.0,
        33.0,
        34.0,
        35.0,
        36.0,
        37.0,
        38.0,
        39.0,
        40.0,
        41.0,
        42.0,
        43.0,
        44.0,
        45.0,
        46.0,
        47.0,
        48.0,
        49.0,
        50.0,
        51.0,
        52.0,
        53.0,
        54.0,
        55.0,
        56.0,
        57.0,
        58.0,
        59.0,
        60.0
    ],
    "Efficiency": [
        0.9514066496163683,
        0.9705561613958561,
        0.9691300280636108,
        0.9711221122112211,
        0.9680696661828737,
        0.9715729627289956,
        0.9733695652173913,
        0.9711677078327727,
        0.9734395750332006,
        0.9742900997697621,
        0.9764833574529667,
        0.976052001368457,
        0.9784332381858547,
        0.9744591346153846,
        0.9775444736074658,
        0.9761202039173598,
        0.9773536895674301,
        0.9793017456359102,
        0.978584729981378,
        0.974815870753148,
        0.9740593596634728,
        0.975771971496437,
        0.9748210972700768,
        0.9681665136210591,
        0.975609756097561,
        0.9706275033377837,
        0.9672686230248307,
        0.958498023715415,
        0.957983193277311,
        0.9586776859504132,
        0.9459459459459459,
        0.924812030075188,
        0.9433962264150944,
        0.9111111111111111,
        0.9302325581395349,
        0.8813559322033898,
        0.9411764705882353,
        0.8867924528301887,
        0.8813559322033898,
        0.7777777777777778
    ]
}