{
    "Bins": [
        20.0,
        21.0,
        22.0,
        23.0,
        24.0,
        25.0,
        26.0,
        27.0,
        28.0,
        29.0,
        30.0,
        31.0,
        32.0,
        33.0,
        34.0,
        35.0,
        36.0,
        37.0,
        38.0,
        39.0,
        40.0,
        41.0,
        42.0,
        43.0,
        44.0,
        45.0,
        46.0,
        47.0,
        48.0,
        49.0,
        50.0,
        51.0,
        52.0,
        53.0,
        54.0,
        55.0,
        56.0,
        57.0,
        58.0,
        59.0,
        60.0
    ],
    "Efficiency": [
        0.7365728900255755,
        0.7622682660850599,
        0.7932647333956969,
        0.7788778877887789,
        0.8076923076923077,
        0.8016424510423247,
        0.8320652173913043,
        0.8366170110523786,
        0.8574590526781762,
        0.8595548733691482,
        0.8552821997105644,
        0.8741019500513172,
        0.8820171265461465,
        0.8771033653846154,
        0.8813065033537475,
        0.8795277703246579,
        0.8844783715012723,
        0.8930174563591022,
        0.896415270018622,
        0.9044903777619387,
        0.9104931058658565,
        0.9099762470308789,
        0.9188974291015107,
        0.9198041016222834,
        0.9293523969722456,
        0.9125500667556742,
        0.9119638826185101,
        0.9031620553359684,
        0.9187675070028011,
        0.9008264462809917,
        0.918918918918919,
        0.924812030075188,
        0.8867924528301887,
        0.8888888888888888,
        0.8604651162790697,
        0.8305084745762712,
        0.9117647058823529,
        0.9056603773584906,
        0.9322033898305084,
        0.9166666666666666
    ]
}