{
    "Bins": [
        20.0,
        21.0,
        22.0,
        23.0,
        24.0,
        25.0,
        26.0,
        27.0,
        28.0,
        29.0,
        30.0,
        31.0,
        32.0,
        33.0,
        34.0,
        35.0,
        36.0,
        37.0,
        38.0,
        39.0,
        40.0,
        41.0,
        42.0,
        43.0,
        44.0,
        45.0,
        46.0,
        47.0,
        48.0,
        49.0,
        50.0,
        51.0,
        52.0,
        53.0,
        54.0,
        55.0,
        56.0,
        57.0,
        58.0,
        59.0,
        60.0
    ],
    "Efficiency": [
        0.9641943734015346,
        0.9760087241003271,
        0.9672591206735267,
        0.9760726072607261,
        0.9687953555878084,
        0.965255843335439,
        0.9695652173913043,
        0.9673234022104757,
        0.9654714475431607,
        0.9635456638526477,
        0.9681620839363242,
        0.9609989736572015,
        0.9625753250872185,
        0.9612379807692307,
        0.9617964421114027,
        0.9541185940434666,
        0.950381679389313,
        0.9543640897755611,
        0.9455307262569832,
        0.9444048467569494,
        0.9464828230895069,
        0.9456057007125891,
        0.94672674264511,
        0.938475665748393,
        0.93986543313709,
        0.9185580774365821,
        0.9367945823927766,
        0.9150197628458498,
        0.9103641456582633,
        0.8966942148760331,
        0.9081081081081082,
        0.8796992481203008,
        0.8867924528301887,
        0.8555555555555555,
        0.8837209302325582,
        0.847457627118644,
        0.8529411764705882,
        0.8301886792452831,
        0.847457627118644,
        0.8333333333333334
    ]
}