{
    "Bins": [
        20.0,
        21.0,
        22.0,
        23.0,
        24.0,
        25.0,
        26.0,
        27.0,
        28.0,
        29.0,
        30.0,
        31.0,
        32.0,
        33.0,
        34.0,
        35.0,
        36.0,
        37.0,
        38.0,
        39.0,
        40.0,
        41.0,
        42.0,
        43.0,
        44.0,
        45.0,
        46.0,
        47.0,
        48.0,
        49.0,
        50.0,
        51.0,
        52.0,
        53.0,
        54.0,
        55.0,
        56.0,
        57.0,
        58.0,
        59.0,
        60.0
    ],
    "Efficiency": [
        0.9820971867007673,
        0.9760087241003271,
        0.9532273152478953,
        0.9224422442244224,
        0.9027576197387518,
        0.8629185091598232,
        0.8309782608695652,
        0.8188370975492552,
        0.8264718902169101,
        0.8231005372217959,
        0.8361070911722142,
        0.8518645227505987,
        0.8648905803996194,
        0.8737980769230769,
        0.8830562846310878,
        0.8934800107324926,
        0.9055979643765903,
        0.9162094763092269,
        0.9199255121042831,
        0.9175576146353053,
        0.9198410843655059,
        0.9213776722090261,
        0.9175722236946727,
        0.9097030915212734,
        0.9028595458368377,
        0.8598130841121495,
        0.8803611738148984,
        0.8458498023715415,
        0.7338935574229691,
        0.7479338842975206,
        0.7081081081081081,
        0.631578947368421,
        0.5849056603773585,
        0.6444444444444445,
        0.5813953488372093,
        0.5254237288135594,
        0.45588235294117646,
        0.4339622641509434,
        0.4915254237288136,
        0.5
    ]
}