{
    "Bins": [
        20.0,
        21.0,
        22.0,
        23.0,
        24.0,
        25.0,
        26.0,
        27.0,
        28.0,
        29.0,
        30.0,
        31.0,
        32.0,
        33.0,
        34.0,
        35.0,
        36.0,
        37.0,
        38.0,
        39.0,
        40.0,
        41.0,
        42.0,
        43.0,
        44.0,
        45.0,
        46.0,
        47.0,
        48.0,
        49.0,
        50.0,
        51.0,
        52.0,
        53.0,
        54.0,
        55.0,
        56.0,
        57.0,
        58.0,
        59.0,
        60.0
    ],
    "Efficiency": [
        0.9411764705882353,
        0.9378407851690295,
        0.9289055191768008,
        0.9207920792079208,
        0.8904208998548622,
        0.8692356285533797,
        0.8342391304347826,
        0.8097068716962998,
        0.8140770252324038,
        0.8280890253261703,
        0.8411722141823444,
        0.8515224084844338,
        0.8496669838249287,
        0.8665865384615384,
        0.884514435695538,
        0.8873088274751811,
        0.8921119592875318,
        0.9024937655860349,
        0.9047951582867784,
        0.9052031361368497,
        0.9116616031783127,
        0.9135391923990499,
        0.9143917307182613,
        0.9069482705846342,
        0.8944491169049622,
        0.8865153538050734,
        0.8521444695259593,
        0.8260869565217391,
        0.7703081232492998,
        0.743801652892562,
        0.6864864864864865,
        0.6466165413533834,
        0.660377358490566,
        0.5777777777777777,
        0.5813953488372093,
        0.5423728813559322,
        0.4852941176470588,
        0.41509433962264153,
        0.5932203389830508,
        0.3611111111111111
    ]
}