{
    "Bins": [
        20.0,
        21.0,
        22.0,
        23.0,
        24.0,
        25.0,
        26.0,
        27.0,
        28.0,
        29.0,
        30.0,
        31.0,
        32.0,
        33.0,
        34.0,
        35.0,
        36.0,
        37.0,
        38.0,
        39.0,
        40.0,
        41.0,
        42.0,
        43.0,
        44.0,
        45.0,
        46.0,
        47.0,
        48.0,
        49.0,
        50.0,
        51.0,
        52.0,
        53.0,
        54.0,
        55.0,
        56.0,
        57.0,
        58.0,
        59.0,
        60.0
    ],
    "Efficiency": [
        0.9884910485933504,
        0.9956379498364231,
        0.9850327408793265,
        0.9793729372937293,
        0.9600870827285921,
        0.9532533164876816,
        0.9396739130434782,
        0.9341662662181643,
        0.9406817175741479,
        0.9428242517267843,
        0.9493487698986975,
        0.9445774888812863,
        0.9594037424674913,
        0.9591346153846154,
        0.9673374161563137,
        0.9659243359270191,
        0.9646310432569974,
        0.972568578553616,
        0.9676443202979516,
        0.9712520788785934,
        0.9731245618135078,
        0.9705463182897862,
        0.972700768619136,
        0.9687786960514233,
        0.9676198486122792,
        0.9425901201602136,
        0.9582392776523702,
        0.9150197628458498,
        0.8627450980392157,
        0.859504132231405,
        0.827027027027027,
        0.7669172932330827,
        0.7264150943396226,
        0.6888888888888889,
        0.6162790697674418,
        0.7966101694915254,
        0.5441176470588235,
        0.4716981132075472,
        0.5932203389830508,
        0.5
    ]
}