{
    "Bins": [
        20.0,
        21.0,
        22.0,
        23.0,
        24.0,
        25.0,
        26.0,
        27.0,
        28.0,
        29.0,
        30.0,
        31.0,
        32.0,
        33.0,
        34.0,
        35.0,
        36.0,
        37.0,
        38.0,
        39.0,
        40.0,
        41.0,
        42.0,
        43.0,
        44.0,
        45.0,
        46.0,
        47.0,
        48.0,
        49.0,
        50.0,
        51.0,
        52.0,
        53.0,
        54.0,
        55.0,
        56.0,
        57.0,
        58.0,
        59.0,
        60.0
    ],
    "Efficiency": [
        0.9539641943734015,
        0.9498364231188658,
        0.9513564078578111,
        0.9537953795379538,
        0.9528301886792453,
        0.9557801642451043,
        0.9565217391304348,
        0.9553099471407976,
        0.9579459938025675,
        0.9539524174980814,
        0.959479015918958,
        0.9510776599384194,
        0.9584522676815731,
        0.9561298076923077,
        0.9585885097696122,
        0.9484840354172257,
        0.9531806615776082,
        0.9596009975062344,
        0.9504189944134078,
        0.9493941553813258,
        0.9509231128768404,
        0.9558194774346793,
        0.9533527696793003,
        0.955616773798592,
        0.9512195121951219,
        0.9372496662216289,
        0.95372460496614,
        0.924901185770751,
        0.9523809523809523,
        0.9504132231404959,
        0.9243243243243243,
        0.9398496240601504,
        0.8867924528301887,
        0.9222222222222223,
        0.9418604651162791,
        0.9152542372881356,
        0.9264705882352942,
        0.9433962264150944,
        0.8983050847457628,
        0.9722222222222222
    ]
}