{
    "Bins": [
        20.0,
        21.0,
        22.0,
        23.0,
        24.0,
        25.0,
        26.0,
        27.0,
        28.0,
        29.0,
        30.0,
        31.0,
        32.0,
        33.0,
        34.0,
        35.0,
        36.0,
        37.0,
        38.0,
        39.0,
        40.0,
        41.0,
        42.0,
        43.0,
        44.0,
        45.0,
        46.0,
        47.0,
        48.0,
        49.0,
        50.0,
        51.0,
        52.0,
        53.0,
        54.0,
        55.0,
        56.0,
        57.0,
        58.0,
        59.0,
        60.0
    ],
    "Efficiency": [
        0.819693094629156,
        0.8124318429661941,
        0.8391019644527596,
        0.8085808580858086,
        0.8243831640058055,
        0.817435249526216,
        0.8239130434782609,
        0.8197981739548295,
        0.8251438689685702,
        0.829623944742901,
        0.802821997105644,
        0.8043106397536778,
        0.8033618775769109,
        0.8022836538461539,
        0.8022747156605424,
        0.7853501475717736,
        0.783969465648855,
        0.771571072319202,
        0.7672253258845437,
        0.7595628415300546,
        0.7405935966347278,
        0.754394299287411,
        0.7365491651205937,
        0.7312519130700948,
        0.7195121951219512,
        0.7576769025367156,
        0.718961625282167,
        0.6857707509881423,
        0.7170868347338936,
        0.7066115702479339,
        0.6594594594594595,
        0.6240601503759399,
        0.7075471698113207,
        0.6555555555555556,
        0.6976744186046512,
        0.6440677966101694,
        0.6617647058823529,
        0.5849056603773585,
        0.711864406779661,
        0.6666666666666666
    ]
}