{
    "Bins": [
        20.0,
        21.0,
        22.0,
        23.0,
        24.0,
        25.0,
        26.0,
        27.0,
        28.0,
        29.0,
        30.0,
        31.0,
        32.0,
        33.0,
        34.0,
        35.0,
        36.0,
        37.0,
        38.0,
        39.0,
        40.0,
        41.0,
        42.0,
        43.0,
        44.0,
        45.0,
        46.0,
        47.0,
        48.0,
        49.0,
        50.0,
        51.0,
        52.0,
        53.0,
        54.0,
        55.0,
        56.0,
        57.0,
        58.0,
        59.0,
        60.0
    ],
    "Efficiency": [
        0.2608695652173913,
        0.25408942202835333,
        0.2609915809167446,
        0.2590759075907591,
        0.274310595065312,
        0.2899557801642451,
        0.3076086956521739,
        0.2984142239308025,
        0.31252766710934043,
        0.3104374520337682,
        0.3314037626628075,
        0.33698255217242556,
        0.3339676498572788,
        0.34555288461538464,
        0.336832895888014,
        0.3549771934531795,
        0.34631043256997457,
        0.3645885286783042,
        0.3649906890130354,
        0.38013779995248276,
        0.39191399859780324,
        0.3790973871733967,
        0.3972965809700504,
        0.39669421487603307,
        0.41589571068124476,
        0.38384512683578104,
        0.43792325056433407,
        0.44664031620553357,
        0.42296918767507,
        0.4256198347107438,
        0.518918918918919,
        0.48120300751879697,
        0.4716981132075472,
        0.5,
        0.4069767441860465,
        0.4406779661016949,
        0.5,
        0.5094339622641509,
        0.4915254237288136,
        0.4444444444444444
    ]
}