{
    "Bins": [
        20.0,
        21.0,
        22.0,
        23.0,
        24.0,
        25.0,
        26.0,
        27.0,
        28.0,
        29.0,
        30.0,
        31.0,
        32.0,
        33.0,
        34.0,
        35.0,
        36.0,
        37.0,
        38.0,
        39.0,
        40.0,
        41.0,
        42.0,
        43.0,
        44.0,
        45.0,
        46.0,
        47.0,
        48.0,
        49.0,
        50.0,
        51.0,
        52.0,
        53.0,
        54.0,
        55.0,
        56.0,
        57.0,
        58.0,
        59.0,
        60.0
    ],
    "Efficiency": [
        1.0,
        0.9565217391304348,
        0.96,
        1.0,
        0.9761904761904762,
        1.0,
        0.9473684210526315,
        0.9166666666666666,
        0.9642857142857143,
        0.9836065573770492,
        0.963855421686747,
        0.9852941176470589,
        0.9705882352941176,
        0.9506172839506173,
        0.9611650485436893,
        0.9770114942528736,
        0.9494949494949495,
        0.9661016949152542,
        0.9805825242718447,
        0.8976377952755905,
        0.940677966101695,
        0.9223300970873787,
        0.90625,
        0.9263157894736842,
        0.953125,
        0.8913043478260869,
        0.9615384615384616,
        0.9333333333333333,
        0.8,
        1.0,
        1.0,
        0.8571428571428571,
        0.0,
        0.8333333333333334,
        1.0,
        0.0,
        1.0,
        1.0,
        1.0,
        0.5
    ]
}