{
    "Bins": [
        20.0,
        21.0,
        22.0,
        23.0,
        24.0,
        25.0,
        26.0,
        27.0,
        28.0,
        29.0,
        30.0,
        31.0,
        32.0,
        33.0,
        34.0,
        35.0,
        36.0,
        37.0,
        38.0,
        39.0,
        40.0,
        41.0,
        42.0,
        43.0,
        44.0,
        45.0,
        46.0,
        47.0,
        48.0,
        49.0,
        50.0,
        51.0,
        52.0,
        53.0,
        54.0,
        55.0,
        56.0,
        57.0,
        58.0,
        59.0,
        60.0
    ],
    "Efficiency": [
        0.9047619047619048,
        0.8260869565217391,
        0.68,
        0.6071428571428571,
        0.8333333333333334,
        0.8545454545454545,
        0.7368421052631579,
        0.8166666666666667,
        0.7857142857142857,
        0.7213114754098361,
        0.8072289156626506,
        0.7794117647058824,
        0.7941176470588235,
        0.8518518518518519,
        0.7572815533980582,
        0.8505747126436781,
        0.8282828282828283,
        0.7542372881355932,
        0.8640776699029126,
        0.7401574803149606,
        0.8220338983050848,
        0.7669902912621359,
        0.71875,
        0.6526315789473685,
        0.796875,
        0.8260869565217391,
        0.8076923076923077,
        0.9333333333333333,
        0.6,
        1.0,
        0.375,
        0.5714285714285714,
        0.0,
        1.0,
        0.5,
        0.0,
        1.0,
        1.0,
        1.0,
        0.5
    ]
}