{
    "Bins": [
        20.0,
        21.0,
        22.0,
        23.0,
        24.0,
        25.0,
        26.0,
        27.0,
        28.0,
        29.0,
        30.0,
        31.0,
        32.0,
        33.0,
        34.0,
        35.0,
        36.0,
        37.0,
        38.0,
        39.0,
        40.0,
        41.0,
        42.0,
        43.0,
        44.0,
        45.0,
        46.0,
        47.0,
        48.0,
        49.0,
        50.0,
        51.0,
        52.0,
        53.0,
        54.0,
        55.0,
        56.0,
        57.0,
        58.0,
        59.0,
        60.0
    ],
    "Efficiency": [
        1.0,
        1.0,
        1.0,
        1.0,
        1.0,
        1.0,
        0.9649122807017544,
        0.9833333333333333,
        1.0,
        1.0,
        1.0,
        0.9852941176470589,
        0.9852941176470589,
        0.9876543209876543,
        0.9902912621359223,
        1.0,
        1.0,
        0.9915254237288136,
        0.9902912621359223,
        0.9763779527559056,
        0.9830508474576272,
        1.0,
        0.9765625,
        0.9789473684210527,
        0.984375,
        0.9565217391304348,
        1.0,
        1.0,
        1.0,
        1.0,
        1.0,
        0.8571428571428571,
        0.0,
        0.6666666666666666,
        0.5,
        0.0,
        0.5,
        1.0,
        1.0,
        0.5
    ]
}