{
    "Bins": [
        20.0,
        21.0,
        22.0,
        23.0,
        24.0,
        25.0,
        26.0,
        27.0,
        28.0,
        29.0,
        30.0,
        31.0,
        32.0,
        33.0,
        34.0,
        35.0,
        36.0,
        37.0,
        38.0,
        39.0,
        40.0,
        41.0,
        42.0,
        43.0,
        44.0,
        45.0,
        46.0,
        47.0,
        48.0,
        49.0,
        50.0,
        51.0,
        52.0,
        53.0,
        54.0,
        55.0,
        56.0,
        57.0,
        58.0,
        59.0,
        60.0
    ],
    "Efficiency": [
        1.0,
        1.0,
        0.96,
        1.0,
        1.0,
        1.0,
        0.9824561403508771,
        0.9666666666666667,
        1.0,
        1.0,
        0.9759036144578314,
        0.9705882352941176,
        0.9852941176470589,
        0.9876543209876543,
        0.9902912621359223,
        0.9885057471264368,
        0.98989898989899,
        1.0,
        0.9902912621359223,
        0.9448818897637795,
        0.940677966101695,
        0.970873786407767,
        0.9375,
        0.9157894736842105,
        0.921875,
        0.9782608695652174,
        1.0,
        1.0,
        0.8,
        1.0,
        1.0,
        0.8571428571428571,
        0.0,
        0.6666666666666666,
        0.0,
        0.0,
        0.5,
        1.0,
        1.0,
        0.5
    ]
}