{
    "Bins": [
        20.0,
        21.0,
        22.0,
        23.0,
        24.0,
        25.0,
        26.0,
        27.0,
        28.0,
        29.0,
        30.0,
        31.0,
        32.0,
        33.0,
        34.0,
        35.0,
        36.0,
        37.0,
        38.0,
        39.0,
        40.0,
        41.0,
        42.0,
        43.0,
        44.0,
        45.0,
        46.0,
        47.0,
        48.0,
        49.0,
        50.0,
        51.0,
        52.0,
        53.0,
        54.0,
        55.0,
        56.0,
        57.0,
        58.0,
        59.0,
        60.0
    ],
    "Efficiency": [
        0.9523809523809523,
        1.0,
        0.96,
        0.9642857142857143,
        0.9523809523809523,
        0.9818181818181818,
        0.9473684210526315,
        0.9666666666666667,
        0.9821428571428571,
        0.9508196721311475,
        0.9879518072289156,
        0.9558823529411765,
        0.9264705882352942,
        0.9753086419753086,
        0.970873786407767,
        0.9655172413793104,
        0.9797979797979798,
        0.9745762711864406,
        0.970873786407767,
        0.9291338582677166,
        0.9576271186440678,
        0.9805825242718447,
        0.8984375,
        0.9052631578947369,
        1.0,
        0.9347826086956522,
        0.9615384615384616,
        0.9333333333333333,
        0.6,
        1.0,
        1.0,
        0.8571428571428571,
        0.0,
        0.8333333333333334,
        1.0,
        0.0,
        1.0,
        1.0,
        1.0,
        1.0
    ]
}