{
    "Bins": [
        20.0,
        21.0,
        22.0,
        23.0,
        24.0,
        25.0,
        26.0,
        27.0,
        28.0,
        29.0,
        30.0,
        31.0,
        32.0,
        33.0,
        34.0,
        35.0,
        36.0,
        37.0,
        38.0,
        39.0,
        40.0,
        41.0,
        42.0,
        43.0,
        44.0,
        45.0,
        46.0,
        47.0,
        48.0,
        49.0,
        50.0,
        51.0,
        52.0,
        53.0,
        54.0,
        55.0,
        56.0,
        57.0,
        58.0,
        59.0,
        60.0
    ],
    "Efficiency": [
        0.9047619047619048,
        0.9130434782608695,
        0.84,
        0.8571428571428571,
        0.8571428571428571,
        0.9090909090909091,
        0.8421052631578947,
        0.8,
        0.8571428571428571,
        0.7868852459016393,
        0.7951807228915663,
        0.8529411764705882,
        0.8676470588235294,
        0.7654320987654321,
        0.7766990291262136,
        0.7701149425287356,
        0.797979797979798,
        0.7627118644067796,
        0.7669902912621359,
        0.7559055118110236,
        0.7966101694915254,
        0.7087378640776699,
        0.7265625,
        0.6947368421052632,
        0.640625,
        0.7608695652173914,
        0.6153846153846154,
        0.5333333333333333,
        0.8,
        1.0,
        0.875,
        0.7142857142857143,
        0.0,
        0.6666666666666666,
        0.5,
        0.0,
        1.0,
        1.0,
        1.0,
        1.0
    ]
}