{
    "Bins": [
        20.0,
        21.0,
        22.0,
        23.0,
        24.0,
        25.0,
        26.0,
        27.0,
        28.0,
        29.0,
        30.0,
        31.0,
        32.0,
        33.0,
        34.0,
        35.0,
        36.0,
        37.0,
        38.0,
        39.0,
        40.0,
        41.0,
        42.0,
        43.0,
        44.0,
        45.0,
        46.0,
        47.0,
        48.0,
        49.0,
        50.0,
        51.0,
        52.0,
        53.0,
        54.0,
        55.0,
        56.0,
        57.0,
        58.0,
        59.0,
        60.0
    ],
    "Efficiency": [
        0.9523809523809523,
        1.0,
        0.96,
        0.9642857142857143,
        0.9761904761904762,
        1.0,
        0.9473684210526315,
        0.9666666666666667,
        0.9464285714285714,
        0.9344262295081968,
        0.9397590361445783,
        0.9852941176470589,
        0.9558823529411765,
        0.9259259259259259,
        0.9514563106796117,
        0.9425287356321839,
        0.9393939393939394,
        0.9322033898305084,
        0.970873786407767,
        0.8976377952755905,
        0.9322033898305084,
        0.9223300970873787,
        0.9140625,
        0.9157894736842105,
        0.96875,
        0.8260869565217391,
        0.9615384615384616,
        1.0,
        0.8,
        1.0,
        0.875,
        0.7142857142857143,
        0.0,
        0.5,
        1.0,
        0.0,
        1.0,
        1.0,
        1.0,
        1.0
    ]
}