{
    "Bins": [
        20.0,
        21.0,
        22.0,
        23.0,
        24.0,
        25.0,
        26.0,
        27.0,
        28.0,
        29.0,
        30.0,
        31.0,
        32.0,
        33.0,
        34.0,
        35.0,
        36.0,
        37.0,
        38.0,
        39.0,
        40.0,
        41.0,
        42.0,
        43.0,
        44.0,
        45.0,
        46.0,
        47.0,
        48.0,
        49.0,
        50.0,
        51.0,
        52.0,
        53.0,
        54.0,
        55.0,
        56.0,
        57.0,
        58.0,
        59.0,
        60.0
    ],
    "Efficiency": [
        0.9047619047619048,
        1.0,
        0.84,
        1.0,
        0.9047619047619048,
        0.8727272727272727,
        0.8596491228070176,
        0.9166666666666666,
        0.9285714285714286,
        0.819672131147541,
        0.963855421686747,
        0.9117647058823529,
        0.9558823529411765,
        0.9382716049382716,
        0.9223300970873787,
        0.9195402298850575,
        0.9494949494949495,
        0.9067796610169492,
        0.9611650485436893,
        0.8976377952755905,
        0.9152542372881356,
        0.9805825242718447,
        0.9140625,
        0.9157894736842105,
        0.9375,
        0.9347826086956522,
        0.9615384615384616,
        1.0,
        1.0,
        0.6666666666666666,
        0.875,
        0.8571428571428571,
        0.0,
        0.8333333333333334,
        0.0,
        0.0,
        0.5,
        0.0,
        1.0,
        1.0
    ]
}