{
    "Bins": [
        20.0,
        21.0,
        22.0,
        23.0,
        24.0,
        25.0,
        26.0,
        27.0,
        28.0,
        29.0,
        30.0,
        31.0,
        32.0,
        33.0,
        34.0,
        35.0,
        36.0,
        37.0,
        38.0,
        39.0,
        40.0,
        41.0,
        42.0,
        43.0,
        44.0,
        45.0,
        46.0,
        47.0,
        48.0,
        49.0,
        50.0,
        51.0,
        52.0,
        53.0,
        54.0,
        55.0,
        56.0,
        57.0,
        58.0,
        59.0,
        60.0
    ],
    "Efficiency": [
        1.0,
        1.0,
        1.0,
        1.0,
        0.9523809523809523,
        1.0,
        0.9649122807017544,
        0.9833333333333333,
        0.9642857142857143,
        0.9672131147540983,
        1.0,
        0.9705882352941176,
        0.9705882352941176,
        0.9876543209876543,
        0.9611650485436893,
        0.9195402298850575,
        0.9595959595959596,
        0.9576271186440678,
        0.970873786407767,
        0.937007874015748,
        0.9576271186440678,
        0.8932038834951457,
        0.9296875,
        0.9368421052631579,
        0.9375,
        0.9565217391304348,
        0.9230769230769231,
        0.8666666666666667,
        0.8,
        1.0,
        1.0,
        0.7142857142857143,
        0.0,
        0.8333333333333334,
        1.0,
        0.0,
        1.0,
        1.0,
        1.0,
        1.0
    ]
}