{
    "Bins": [
        20.0,
        21.0,
        22.0,
        23.0,
        24.0,
        25.0,
        26.0,
        27.0,
        28.0,
        29.0,
        30.0,
        31.0,
        32.0,
        33.0,
        34.0,
        35.0,
        36.0,
        37.0,
        38.0,
        39.0,
        40.0,
        41.0,
        42.0,
        43.0,
        44.0,
        45.0,
        46.0,
        47.0,
        48.0,
        49.0,
        50.0,
        51.0,
        52.0,
        53.0,
        54.0,
        55.0,
        56.0,
        57.0,
        58.0,
        59.0,
        60.0
    ],
    "Efficiency": [
        0.8571428571428571,
        0.8260869565217391,
        0.72,
        0.9285714285714286,
        0.8333333333333334,
        0.8727272727272727,
        0.7719298245614035,
        0.8666666666666667,
        0.9464285714285714,
        0.819672131147541,
        0.8674698795180723,
        0.8529411764705882,
        0.9117647058823529,
        0.7901234567901234,
        0.8932038834951457,
        0.8620689655172413,
        0.898989898989899,
        0.8389830508474576,
        0.9029126213592233,
        0.8346456692913385,
        0.847457627118644,
        0.8252427184466019,
        0.859375,
        0.8315789473684211,
        0.890625,
        0.8913043478260869,
        0.8076923076923077,
        1.0,
        1.0,
        1.0,
        0.875,
        0.8571428571428571,
        0.0,
        0.6666666666666666,
        1.0,
        0.0,
        1.0,
        1.0,
        0.0,
        1.0
    ]
}