{
    "Bins": [
        20.0,
        21.0,
        22.0,
        23.0,
        24.0,
        25.0,
        26.0,
        27.0,
        28.0,
        29.0,
        30.0,
        31.0,
        32.0,
        33.0,
        34.0,
        35.0,
        36.0,
        37.0,
        38.0,
        39.0,
        40.0,
        41.0,
        42.0,
        43.0,
        44.0,
        45.0,
        46.0,
        47.0,
        48.0,
        49.0,
        50.0,
        51.0,
        52.0,
        53.0,
        54.0,
        55.0,
        56.0,
        57.0,
        58.0,
        59.0,
        60.0
    ],
    "Efficiency": [
        0.9047619047619048,
        0.9130434782608695,
        0.8,
        0.8571428571428571,
        0.9285714285714286,
        0.9818181818181818,
        0.9298245614035088,
        0.95,
        0.9285714285714286,
        0.8688524590163934,
        0.9397590361445783,
        0.9117647058823529,
        0.9117647058823529,
        0.8765432098765432,
        0.9514563106796117,
        0.9425287356321839,
        0.9292929292929293,
        0.9152542372881356,
        0.9223300970873787,
        0.8503937007874016,
        0.8898305084745762,
        0.9029126213592233,
        0.84375,
        0.8526315789473684,
        0.859375,
        0.782608695652174,
        0.8076923076923077,
        0.9333333333333333,
        0.6,
        1.0,
        0.875,
        0.7142857142857143,
        0.0,
        0.8333333333333334,
        1.0,
        0.0,
        1.0,
        1.0,
        1.0,
        0.5
    ]
}