{
    "Bins": [
        20.0,
        21.0,
        22.0,
        23.0,
        24.0,
        25.0,
        26.0,
        27.0,
        28.0,
        29.0,
        30.0,
        31.0,
        32.0,
        33.0,
        34.0,
        35.0,
        36.0,
        37.0,
        38.0,
        39.0,
        40.0,
        41.0,
        42.0,
        43.0,
        44.0,
        45.0,
        46.0,
        47.0,
        48.0,
        49.0,
        50.0,
        51.0,
        52.0,
        53.0,
        54.0,
        55.0,
        56.0,
        57.0,
        58.0,
        59.0,
        60.0
    ],
    "Efficiency": [
        1.0,
        0.7391304347826086,
        0.8,
        0.75,
        0.9523809523809523,
        0.9636363636363636,
        0.8771929824561403,
        0.8666666666666667,
        0.875,
        0.819672131147541,
        0.8674698795180723,
        0.8382352941176471,
        0.8235294117647058,
        0.8518518518518519,
        0.8543689320388349,
        0.8735632183908046,
        0.8383838383838383,
        0.788135593220339,
        0.9223300970873787,
        0.7874015748031497,
        0.8898305084745762,
        0.8349514563106796,
        0.796875,
        0.7684210526315789,
        0.84375,
        0.8913043478260869,
        0.6923076923076923,
        0.6666666666666666,
        0.8,
        1.0,
        0.875,
        1.0,
        0.0,
        1.0,
        1.0,
        0.0,
        0.5,
        1.0,
        1.0,
        1.0
    ]
}