{
    "Bins": [
        20.0,
        21.0,
        22.0,
        23.0,
        24.0,
        25.0,
        26.0,
        27.0,
        28.0,
        29.0,
        30.0,
        31.0,
        32.0,
        33.0,
        34.0,
        35.0,
        36.0,
        37.0,
        38.0,
        39.0,
        40.0,
        41.0,
        42.0,
        43.0,
        44.0,
        45.0,
        46.0,
        47.0,
        48.0,
        49.0,
        50.0,
        51.0,
        52.0,
        53.0,
        54.0,
        55.0,
        56.0,
        57.0,
        58.0,
        59.0,
        60.0
    ],
    "Efficiency": [
        0.9523809523809523,
        0.9565217391304348,
        0.96,
        0.9642857142857143,
        0.9761904761904762,
        0.9818181818181818,
        0.9298245614035088,
        0.95,
        0.9821428571428571,
        0.9836065573770492,
        0.9879518072289156,
        0.9558823529411765,
        0.9558823529411765,
        0.9629629629629629,
        0.9902912621359223,
        0.9655172413793104,
        0.9797979797979798,
        0.9491525423728814,
        0.9805825242718447,
        0.9448818897637795,
        0.940677966101695,
        0.970873786407767,
        0.90625,
        0.9157894736842105,
        0.984375,
        0.8695652173913043,
        1.0,
        0.9333333333333333,
        0.6,
        1.0,
        1.0,
        0.8571428571428571,
        0.0,
        0.8333333333333334,
        1.0,
        0.0,
        1.0,
        1.0,
        1.0,
        1.0
    ]
}