{
    "Bins": [
        20.0,
        21.0,
        22.0,
        23.0,
        24.0,
        25.0,
        26.0,
        27.0,
        28.0,
        29.0,
        30.0,
        31.0,
        32.0,
        33.0,
        34.0,
        35.0,
        36.0,
        37.0,
        38.0,
        39.0,
        40.0,
        41.0,
        42.0,
        43.0,
        44.0,
        45.0,
        46.0,
        47.0,
        48.0,
        49.0,
        50.0,
        51.0,
        52.0,
        53.0,
        54.0,
        55.0,
        56.0,
        57.0,
        58.0,
        59.0,
        60.0
    ],
    "Efficiency": [
        0.9523809523809523,
        0.9565217391304348,
        0.96,
        1.0,
        0.9285714285714286,
        1.0,
        0.9473684210526315,
        0.9666666666666667,
        0.9642857142857143,
        0.9836065573770492,
        0.963855421686747,
        0.9852941176470589,
        0.9117647058823529,
        0.9506172839506173,
        0.941747572815534,
        0.9655172413793104,
        0.9393939393939394,
        0.940677966101695,
        0.9223300970873787,
        0.905511811023622,
        0.9152542372881356,
        0.9514563106796117,
        0.9375,
        0.9157894736842105,
        0.96875,
        0.9565217391304348,
        0.9615384615384616,
        1.0,
        0.8,
        1.0,
        1.0,
        0.8571428571428571,
        0.0,
        0.8333333333333334,
        0.5,
        0.0,
        1.0,
        1.0,
        1.0,
        1.0
    ]
}