{
    "Bins": [
        20.0,
        21.0,
        22.0,
        23.0,
        24.0,
        25.0,
        26.0,
        27.0,
        28.0,
        29.0,
        30.0,
        31.0,
        32.0,
        33.0,
        34.0,
        35.0,
        36.0,
        37.0,
        38.0,
        39.0,
        40.0,
        41.0,
        42.0,
        43.0,
        44.0,
        45.0,
        46.0,
        47.0,
        48.0,
        49.0,
        50.0,
        51.0,
        52.0,
        53.0,
        54.0,
        55.0,
        56.0,
        57.0,
        58.0,
        59.0,
        60.0
    ],
    "Efficiency": [
        0.9523809523809523,
        0.8695652173913043,
        0.76,
        0.75,
        0.8571428571428571,
        0.9636363636363636,
        0.8596491228070176,
        0.8833333333333333,
        0.8928571428571429,
        0.8524590163934426,
        0.8433734939759037,
        0.8823529411764706,
        0.8235294117647058,
        0.8765432098765432,
        0.8737864077669902,
        0.8620689655172413,
        0.9393939393939394,
        0.8728813559322034,
        0.8543689320388349,
        0.8188976377952756,
        0.8305084745762712,
        0.8446601941747572,
        0.8046875,
        0.7473684210526316,
        0.859375,
        0.782608695652174,
        0.8076923076923077,
        0.8,
        1.0,
        1.0,
        1.0,
        0.7142857142857143,
        0.0,
        0.6666666666666666,
        1.0,
        0.0,
        1.0,
        1.0,
        1.0,
        0.5
    ]
}