{
    "Bins": [
        20.0,
        21.0,
        22.0,
        23.0,
        24.0,
        25.0,
        26.0,
        27.0,
        28.0,
        29.0,
        30.0,
        31.0,
        32.0,
        33.0,
        34.0,
        35.0,
        36.0,
        37.0,
        38.0,
        39.0,
        40.0,
        41.0,
        42.0,
        43.0,
        44.0,
        45.0,
        46.0,
        47.0,
        48.0,
        49.0,
        50.0,
        51.0,
        52.0,
        53.0,
        54.0,
        55.0,
        56.0,
        57.0,
        58.0,
        59.0,
        60.0
    ],
    "Efficiency": [
        1.0,
        1.0,
        0.96,
        1.0,
        0.9761904761904762,
        1.0,
        0.9473684210526315,
        0.9833333333333333,
        1.0,
        1.0,
        0.9759036144578314,
        0.9852941176470589,
        0.9852941176470589,
        0.9753086419753086,
        0.9805825242718447,
        0.9655172413793104,
        0.98989898989899,
        0.9661016949152542,
        1.0,
        0.905511811023622,
        0.9661016949152542,
        0.9320388349514563,
        0.9453125,
        0.9368421052631579,
        0.953125,
        0.9565217391304348,
        0.9615384615384616,
        0.9333333333333333,
        1.0,
        1.0,
        1.0,
        0.8571428571428571,
        0.0,
        0.8333333333333334,
        1.0,
        0.0,
        1.0,
        1.0,
        1.0,
        1.0
    ]
}