{
    "Bins": [
        20.0,
        21.0,
        22.0,
        23.0,
        24.0,
        25.0,
        26.0,
        27.0,
        28.0,
        29.0,
        30.0,
        31.0,
        32.0,
        33.0,
        34.0,
        35.0,
        36.0,
        37.0,
        38.0,
        39.0,
        40.0,
        41.0,
        42.0,
        43.0,
        44.0,
        45.0,
        46.0,
        47.0,
        48.0,
        49.0,
        50.0,
        51.0,
        52.0,
        53.0,
        54.0,
        55.0,
        56.0,
        57.0,
        58.0,
        59.0,
        60.0
    ],
    "Efficiency": [
        1.0,
        1.0,
        0.96,
        1.0,
        0.9761904761904762,
        1.0,
        0.9824561403508771,
        0.9833333333333333,
        0.9642857142857143,
        0.9672131147540983,
        0.9397590361445783,
        0.9852941176470589,
        0.9705882352941176,
        0.9382716049382716,
        0.9029126213592233,
        0.896551724137931,
        0.898989898989899,
        0.9322033898305084,
        0.8932038834951457,
        0.8346456692913385,
        0.847457627118644,
        0.8446601941747572,
        0.8359375,
        0.7789473684210526,
        0.75,
        0.782608695652174,
        0.7307692307692307,
        0.8666666666666667,
        0.6,
        1.0,
        0.75,
        0.5714285714285714,
        0.0,
        0.5,
        0.0,
        0.0,
        0.5,
        0.0,
        1.0,
        0.5
    ]
}