{
    "Bins": [
        20.0,
        21.0,
        22.0,
        23.0,
        24.0,
        25.0,
        26.0,
        27.0,
        28.0,
        29.0,
        30.0,
        31.0,
        32.0,
        33.0,
        34.0,
        35.0,
        36.0,
        37.0,
        38.0,
        39.0,
        40.0,
        41.0,
        42.0,
        43.0,
        44.0,
        45.0,
        46.0,
        47.0,
        48.0,
        49.0,
        50.0,
        51.0,
        52.0,
        53.0,
        54.0,
        55.0,
        56.0,
        57.0,
        58.0,
        59.0,
        60.0
    ],
    "Efficiency": [
        1.0,
        1.0,
        0.92,
        0.9642857142857143,
        0.9761904761904762,
        1.0,
        0.9473684210526315,
        0.9166666666666666,
        0.9821428571428571,
        0.9836065573770492,
        0.9397590361445783,
        0.9705882352941176,
        0.9705882352941176,
        0.9382716049382716,
        0.8932038834951457,
        0.9425287356321839,
        0.9595959595959596,
        0.940677966101695,
        0.9611650485436893,
        0.8582677165354331,
        0.9152542372881356,
        0.912621359223301,
        0.8671875,
        0.8421052631578947,
        0.875,
        0.9565217391304348,
        0.8461538461538461,
        0.9333333333333333,
        0.8,
        1.0,
        1.0,
        0.7142857142857143,
        0.0,
        1.0,
        0.5,
        0.0,
        1.0,
        1.0,
        1.0,
        0.5
    ]
}