{
    "Bins": [
        20.0,
        21.0,
        22.0,
        23.0,
        24.0,
        25.0,
        26.0,
        27.0,
        28.0,
        29.0,
        30.0,
        31.0,
        32.0,
        33.0,
        34.0,
        35.0,
        36.0,
        37.0,
        38.0,
        39.0,
        40.0,
        41.0,
        42.0,
        43.0,
        44.0,
        45.0,
        46.0,
        47.0,
        48.0,
        49.0,
        50.0,
        51.0,
        52.0,
        53.0,
        54.0,
        55.0,
        56.0,
        57.0,
        58.0,
        59.0,
        60.0
    ],
    "Efficiency": [
        0.3617021276595745,
        0.4132231404958678,
        0.4296875,
        0.3375796178343949,
        0.3670212765957447,
        0.4010152284263959,
        0.358695652173913,
        0.328719723183391,
        0.3474576271186441,
        0.3753501400560224,
        0.3105134474327628,
        0.3253333333333333,
        0.3302540415704388,
        0.30484988452655887,
        0.32908704883227174,
        0.29938900203665986,
        0.2955390334572491,
        0.26519337016574585,
        0.30642201834862387,
        0.3051948051948052,
        0.24285714285714285,
        0.2534965034965035,
        0.24748490945674045,
        0.26077097505668934,
        0.2289156626506024,
        0.2275449101796407,
        0.2,
        0.2638888888888889,
        0.27906976744186046,
        0.25,
        0.12,
        0.07142857142857142,
        0.3125,
        0.10526315789473684,
        0.5,
        0.2222222222222222,
        0.14285714285714285,
        0.2222222222222222,
        0.0,
        0.16666666666666666
    ]
}