{
    "Bins": [
        20.0,
        21.0,
        22.0,
        23.0,
        24.0,
        25.0,
        26.0,
        27.0,
        28.0,
        29.0,
        30.0,
        31.0,
        32.0,
        33.0,
        34.0,
        35.0,
        36.0,
        37.0,
        38.0,
        39.0,
        40.0,
        41.0,
        42.0,
        43.0,
        44.0,
        45.0,
        46.0,
        47.0,
        48.0,
        49.0,
        50.0,
        51.0,
        52.0,
        53.0,
        54.0,
        55.0,
        56.0,
        57.0,
        58.0,
        59.0,
        60.0
    ],
    "Efficiency": [
        0.425531914893617,
        0.4380165289256198,
        0.421875,
        0.5031847133757962,
        0.48404255319148937,
        0.48223350253807107,
        0.5652173913043478,
        0.5259515570934256,
        0.5310734463276836,
        0.5210084033613446,
        0.5696821515892421,
        0.5946666666666667,
        0.581986143187067,
        0.6004618937644342,
        0.6114649681528662,
        0.615071283095723,
        0.604089219330855,
        0.6519337016574586,
        0.653211009174312,
        0.650974025974026,
        0.7142857142857143,
        0.6940559440559441,
        0.6780684104627767,
        0.6984126984126984,
        0.7409638554216867,
        0.7365269461077845,
        0.775,
        0.6527777777777778,
        0.6976744186046512,
        0.7142857142857143,
        0.84,
        0.9285714285714286,
        0.625,
        0.8421052631578947,
        0.5,
        0.7777777777777778,
        0.8571428571428571,
        0.7777777777777778,
        0.75,
        0.8333333333333334
    ]
}