{
    "Bins": [
        20.0,
        21.0,
        22.0,
        23.0,
        24.0,
        25.0,
        26.0,
        27.0,
        28.0,
        29.0,
        30.0,
        31.0,
        32.0,
        33.0,
        34.0,
        35.0,
        36.0,
        37.0,
        38.0,
        39.0,
        40.0,
        41.0,
        42.0,
        43.0,
        44.0,
        45.0,
        46.0,
        47.0,
        48.0,
        49.0,
        50.0,
        51.0,
        52.0,
        53.0,
        54.0,
        55.0,
        56.0,
        57.0,
        58.0,
        59.0,
        60.0
    ],
    "Efficiency": [
        0.9787234042553191,
        0.9586776859504132,
        0.9765625,
        0.9745222929936306,
        0.9627659574468085,
        0.9746192893401016,
        0.967391304347826,
        0.972318339100346,
        0.9322033898305084,
        0.9523809523809523,
        0.9364303178484108,
        0.9706666666666667,
        0.9584295612009238,
        0.9630484988452656,
        0.9596602972399151,
        0.9531568228105907,
        0.9368029739776952,
        0.9392265193370166,
        0.9467889908256881,
        0.948051948051948,
        0.9339285714285714,
        0.9335664335664335,
        0.9295774647887324,
        0.927437641723356,
        0.9066265060240963,
        0.874251497005988,
        0.8333333333333334,
        0.7083333333333334,
        0.6744186046511628,
        0.6071428571428571,
        0.68,
        0.7857142857142857,
        0.5625,
        0.3684210526315789,
        0.625,
        0.0,
        0.42857142857142855,
        0.4444444444444444,
        0.5,
        0.5
    ]
}