{
    "Bins": [
        20.0,
        21.0,
        22.0,
        23.0,
        24.0,
        25.0,
        26.0,
        27.0,
        28.0,
        29.0,
        30.0,
        31.0,
        32.0,
        33.0,
        34.0,
        35.0,
        36.0,
        37.0,
        38.0,
        39.0,
        40.0,
        41.0,
        42.0,
        43.0,
        44.0,
        45.0,
        46.0,
        47.0,
        48.0,
        49.0,
        50.0,
        51.0,
        52.0,
        53.0,
        54.0,
        55.0,
        56.0,
        57.0,
        58.0,
        59.0,
        60.0
    ],
    "Efficiency": [
        1.0,
        0.9917355371900827,
        0.9765625,
        1.0,
        0.9946808510638298,
        0.9847715736040609,
        0.9746376811594203,
        0.9653979238754326,
        0.9548022598870056,
        0.9439775910364145,
        0.9511002444987775,
        0.952,
        0.9676674364896074,
        0.9491916859122402,
        0.970276008492569,
        0.9531568228105907,
        0.9646840148698885,
        0.9705340699815838,
        0.9614678899082569,
        0.952922077922078,
        0.95,
        0.9545454545454546,
        0.9577464788732394,
        0.9546485260770975,
        0.9367469879518072,
        0.9341317365269461,
        0.925,
        0.8194444444444444,
        0.8604651162790697,
        0.8214285714285714,
        0.76,
        0.9285714285714286,
        0.625,
        0.5263157894736842,
        0.75,
        0.1111111111111111,
        0.5714285714285714,
        0.2222222222222222,
        0.25,
        0.3333333333333333
    ]
}