{
    "Bins": [
        20.0,
        21.0,
        22.0,
        23.0,
        24.0,
        25.0,
        26.0,
        27.0,
        28.0,
        29.0,
        30.0,
        31.0,
        32.0,
        33.0,
        34.0,
        35.0,
        36.0,
        37.0,
        38.0,
        39.0,
        40.0,
        41.0,
        42.0,
        43.0,
        44.0,
        45.0,
        46.0,
        47.0,
        48.0,
        49.0,
        50.0,
        51.0,
        52.0,
        53.0,
        54.0,
        55.0,
        56.0,
        57.0,
        58.0,
        59.0,
        60.0
    ],
    "Efficiency": [
        0.9893617021276596,
        0.9834710743801653,
        0.96875,
        1.0,
        0.9840425531914894,
        0.9898477157360406,
        0.9782608695652174,
        0.9826989619377162,
        0.96045197740113,
        0.9495798319327731,
        0.960880195599022,
        0.9733333333333334,
        0.9653579676674365,
        0.9607390300230947,
        0.9723991507430998,
        0.9592668024439919,
        0.9591078066914498,
        0.9705340699815838,
        0.9669724770642202,
        0.974025974025974,
        0.9553571428571429,
        0.9527972027972028,
        0.9617706237424547,
        0.9569160997732427,
        0.9397590361445783,
        0.9401197604790419,
        0.925,
        0.8055555555555556,
        0.9069767441860465,
        0.8928571428571429,
        0.72,
        0.9285714285714286,
        0.625,
        0.5789473684210527,
        0.75,
        0.2222222222222222,
        0.5714285714285714,
        0.3333333333333333,
        0.25,
        0.5
    ]
}