{
    "Bins": [
        20.0,
        21.0,
        22.0,
        23.0,
        24.0,
        25.0,
        26.0,
        27.0,
        28.0,
        29.0,
        30.0,
        31.0,
        32.0,
        33.0,
        34.0,
        35.0,
        36.0,
        37.0,
        38.0,
        39.0,
        40.0,
        41.0,
        42.0,
        43.0,
        44.0,
        45.0,
        46.0,
        47.0,
        48.0,
        49.0,
        50.0,
        51.0,
        52.0,
        53.0,
        54.0,
        55.0,
        56.0,
        57.0,
        58.0,
        59.0,
        60.0
    ],
    "Efficiency": [
        0.9893617021276596,
        0.9834710743801653,
        0.984375,
        0.9936305732484076,
        0.9946808510638298,
        0.9898477157360406,
        0.9927536231884058,
        0.9930795847750865,
        0.9774011299435028,
        0.9803921568627451,
        0.980440097799511,
        0.9786666666666667,
        0.976905311778291,
        0.976905311778291,
        0.9851380042462845,
        0.9572301425661914,
        0.9609665427509294,
        0.9576427255985267,
        0.9431192660550459,
        0.9659090909090909,
        0.95,
        0.9597902097902098,
        0.9496981891348089,
        0.9569160997732427,
        0.9487951807228916,
        0.9341317365269461,
        0.9583333333333334,
        0.9305555555555556,
        0.9534883720930233,
        0.9642857142857143,
        0.96,
        1.0,
        0.875,
        0.8421052631578947,
        0.75,
        0.6666666666666666,
        0.8571428571428571,
        0.8888888888888888,
        0.5,
        0.6666666666666666
    ]
}