{
    "Bins": [
        20.0,
        21.0,
        22.0,
        23.0,
        24.0,
        25.0,
        26.0,
        27.0,
        28.0,
        29.0,
        30.0,
        31.0,
        32.0,
        33.0,
        34.0,
        35.0,
        36.0,
        37.0,
        38.0,
        39.0,
        40.0,
        41.0,
        42.0,
        43.0,
        44.0,
        45.0,
        46.0,
        47.0,
        48.0,
        49.0,
        50.0,
        51.0,
        52.0,
        53.0,
        54.0,
        55.0,
        56.0,
        57.0,
        58.0,
        59.0,
        60.0
    ],
    "Efficiency": [
        0.9893617021276596,
        0.9669421487603306,
        0.9453125,
        0.9936305732484076,
        0.9680851063829787,
        0.9796954314720813,
        0.967391304347826,
        0.9792387543252595,
        0.9463276836158192,
        0.9495798319327731,
        0.9462102689486552,
        0.9626666666666667,
        0.9491916859122402,
        0.9653579676674365,
        0.9596602972399151,
        0.9592668024439919,
        0.9535315985130112,
        0.9558011049723757,
        0.9614678899082569,
        0.961038961038961,
        0.9482142857142857,
        0.9475524475524476,
        0.959758551307847,
        0.9342403628117913,
        0.9397590361445783,
        0.9281437125748503,
        0.8916666666666667,
        0.8194444444444444,
        0.8604651162790697,
        0.8571428571428571,
        0.72,
        0.8571428571428571,
        0.625,
        0.47368421052631576,
        0.75,
        0.3333333333333333,
        0.5714285714285714,
        0.2222222222222222,
        0.125,
        0.16666666666666666
    ]
}