{
    "Bins": [
        20.0,
        21.0,
        22.0,
        23.0,
        24.0,
        25.0,
        26.0,
        27.0,
        28.0,
        29.0,
        30.0,
        31.0,
        32.0,
        33.0,
        34.0,
        35.0,
        36.0,
        37.0,
        38.0,
        39.0,
        40.0,
        41.0,
        42.0,
        43.0,
        44.0,
        45.0,
        46.0,
        47.0,
        48.0,
        49.0,
        50.0,
        51.0,
        52.0,
        53.0,
        54.0,
        55.0,
        56.0,
        57.0,
        58.0,
        59.0,
        60.0
    ],
    "Efficiency": [
        0.9361702127659575,
        0.9338842975206612,
        0.9609375,
        0.9617834394904459,
        0.9521276595744681,
        0.9695431472081218,
        0.9565217391304348,
        0.9653979238754326,
        0.9293785310734464,
        0.9355742296918768,
        0.9290953545232273,
        0.9733333333333334,
        0.9561200923787528,
        0.9584295612009238,
        0.9511677282377919,
        0.9409368635437881,
        0.9405204460966543,
        0.9576427255985267,
        0.9504587155963303,
        0.9561688311688312,
        0.9357142857142857,
        0.9493006993006993,
        0.9496981891348089,
        0.9455782312925171,
        0.9307228915662651,
        0.9041916167664671,
        0.9,
        0.8333333333333334,
        0.8837209302325582,
        0.8571428571428571,
        0.76,
        0.9285714285714286,
        0.4375,
        0.3684210526315789,
        0.5,
        0.1111111111111111,
        0.2857142857142857,
        0.2222222222222222,
        0.125,
        0.16666666666666666
    ]
}