{
    "Bins": [
        20.0,
        21.0,
        22.0,
        23.0,
        24.0,
        25.0,
        26.0,
        27.0,
        28.0,
        29.0,
        30.0,
        31.0,
        32.0,
        33.0,
        34.0,
        35.0,
        36.0,
        37.0,
        38.0,
        39.0,
        40.0,
        41.0,
        42.0,
        43.0,
        44.0,
        45.0,
        46.0,
        47.0,
        48.0,
        49.0,
        50.0,
        51.0,
        52.0,
        53.0,
        54.0,
        55.0,
        56.0,
        57.0,
        58.0,
        59.0,
        60.0
    ],
    "Efficiency": [
        0.35106382978723405,
        0.2809917355371901,
        0.3515625,
        0.3885350318471338,
        0.3882978723404255,
        0.38071065989847713,
        0.4528985507246377,
        0.43252595155709345,
        0.4406779661016949,
        0.43137254901960786,
        0.4547677261613692,
        0.472,
        0.4618937644341801,
        0.4942263279445728,
        0.4989384288747346,
        0.5010183299389002,
        0.5055762081784386,
        0.5395948434622467,
        0.544954128440367,
        0.5551948051948052,
        0.5857142857142857,
        0.5874125874125874,
        0.5814889336016097,
        0.6054421768707483,
        0.641566265060241,
        0.5868263473053892,
        0.6416666666666667,
        0.5833333333333334,
        0.5581395348837209,
        0.6785714285714286,
        0.72,
        0.7857142857142857,
        0.5,
        0.631578947368421,
        0.5,
        0.6666666666666666,
        0.5714285714285714,
        0.5555555555555556,
        0.5,
        0.8333333333333334
    ]
}