{
    "Bins": [
        20.0,
        21.0,
        22.0,
        23.0,
        24.0,
        25.0,
        26.0,
        27.0,
        28.0,
        29.0,
        30.0,
        31.0,
        32.0,
        33.0,
        34.0,
        35.0,
        36.0,
        37.0,
        38.0,
        39.0,
        40.0,
        41.0,
        42.0,
        43.0,
        44.0,
        45.0,
        46.0,
        47.0,
        48.0,
        49.0,
        50.0,
        51.0,
        52.0,
        53.0,
        54.0,
        55.0,
        56.0,
        57.0,
        58.0,
        59.0,
        60.0
    ],
    "Efficiency": [
        0.9468085106382979,
        0.9421487603305785,
        0.9296875,
        0.9426751592356688,
        0.898936170212766,
        0.8934010152284264,
        0.8695652173913043,
        0.8546712802768166,
        0.847457627118644,
        0.8683473389355743,
        0.8704156479217604,
        0.8826666666666667,
        0.8383371824480369,
        0.8914549653579676,
        0.8895966029723992,
        0.8716904276985743,
        0.9014869888475836,
        0.8858195211786372,
        0.8880733944954129,
        0.913961038961039,
        0.8910714285714286,
        0.8968531468531469,
        0.8812877263581489,
        0.8934240362811792,
        0.8734939759036144,
        0.8323353293413174,
        0.8083333333333333,
        0.6944444444444444,
        0.7906976744186046,
        0.6071428571428571,
        0.6,
        0.7857142857142857,
        0.625,
        0.5263157894736842,
        0.625,
        0.4444444444444444,
        0.7142857142857143,
        0.4444444444444444,
        0.375,
        0.3333333333333333
    ]
}