{
    "Bins": [
        20.0,
        21.0,
        22.0,
        23.0,
        24.0,
        25.0,
        26.0,
        27.0,
        28.0,
        29.0,
        30.0,
        31.0,
        32.0,
        33.0,
        34.0,
        35.0,
        36.0,
        37.0,
        38.0,
        39.0,
        40.0,
        41.0,
        42.0,
        43.0,
        44.0,
        45.0,
        46.0,
        47.0,
        48.0,
        49.0,
        50.0,
        51.0,
        52.0,
        53.0,
        54.0,
        55.0,
        56.0,
        57.0,
        58.0,
        59.0,
        60.0
    ],
    "Efficiency": [
        0.9468085106382979,
        0.9504132231404959,
        0.9609375,
        0.9745222929936306,
        0.9787234042553191,
        0.9644670050761421,
        0.9565217391304348,
        0.9550173010380623,
        0.923728813559322,
        0.9327731092436975,
        0.9242053789731052,
        0.944,
        0.9122401847575058,
        0.9099307159353349,
        0.9129511677282378,
        0.8879837067209776,
        0.8866171003717472,
        0.8710865561694291,
        0.8532110091743119,
        0.8474025974025974,
        0.8160714285714286,
        0.8111888111888111,
        0.7927565392354124,
        0.780045351473923,
        0.7228915662650602,
        0.7604790419161677,
        0.6166666666666667,
        0.5416666666666666,
        0.6976744186046512,
        0.5714285714285714,
        0.48,
        0.5,
        0.6875,
        0.3157894736842105,
        0.625,
        0.3333333333333333,
        0.42857142857142855,
        0.4444444444444444,
        0.25,
        0.16666666666666666
    ]
}