{
    "Bins": [
        20.0,
        21.0,
        22.0,
        23.0,
        24.0,
        25.0,
        26.0,
        27.0,
        28.0,
        29.0,
        30.0,
        31.0,
        32.0,
        33.0,
        34.0,
        35.0,
        36.0,
        37.0,
        38.0,
        39.0,
        40.0,
        41.0,
        42.0,
        43.0,
        44.0,
        45.0,
        46.0,
        47.0,
        48.0,
        49.0,
        50.0,
        51.0,
        52.0,
        53.0,
        54.0,
        55.0,
        56.0,
        57.0,
        58.0,
        59.0,
        60.0
    ],
    "Efficiency": [
        0.44680851063829785,
        0.5206611570247934,
        0.515625,
        0.4968152866242038,
        0.48936170212765956,
        0.5380710659898477,
        0.6086956521739131,
        0.47750865051903113,
        0.559322033898305,
        0.5294117647058824,
        0.5476772616136919,
        0.5866666666666667,
        0.5681293302540416,
        0.605080831408776,
        0.6624203821656051,
        0.615071283095723,
        0.6059479553903345,
        0.6279926335174953,
        0.6256880733944954,
        0.6688311688311688,
        0.6410714285714286,
        0.6625874125874126,
        0.641851106639839,
        0.691609977324263,
        0.6837349397590361,
        0.6526946107784432,
        0.675,
        0.6944444444444444,
        0.7906976744186046,
        0.75,
        0.76,
        0.8571428571428571,
        0.75,
        0.631578947368421,
        0.625,
        0.5555555555555556,
        0.8571428571428571,
        0.6666666666666666,
        0.5,
        0.8333333333333334
    ]
}