{
    "Bins": [
        20.0,
        21.0,
        22.0,
        23.0,
        24.0,
        25.0,
        26.0,
        27.0,
        28.0,
        29.0,
        30.0,
        31.0,
        32.0,
        33.0,
        34.0,
        35.0,
        36.0,
        37.0,
        38.0,
        39.0,
        40.0,
        41.0,
        42.0,
        43.0,
        44.0,
        45.0,
        46.0,
        47.0,
        48.0,
        49.0,
        50.0,
        51.0,
        52.0,
        53.0,
        54.0,
        55.0,
        56.0,
        57.0,
        58.0,
        59.0,
        60.0
    ],
    "Efficiency": [
        0.9787234042553191,
        0.9669421487603306,
        0.984375,
        0.9808917197452229,
        0.9893617021276596,
        0.9796954314720813,
        0.9746376811594203,
        0.9757785467128027,
        0.9661016949152542,
        0.9663865546218487,
        0.9731051344743277,
        0.9706666666666667,
        0.9792147806004619,
        0.9653579676674365,
        0.970276008492569,
        0.9633401221995926,
        0.9572490706319703,
        0.9465930018416207,
        0.9339449541284404,
        0.9577922077922078,
        0.9446428571428571,
        0.951048951048951,
        0.9476861167002012,
        0.9546485260770975,
        0.9397590361445783,
        0.9461077844311377,
        0.9666666666666667,
        0.9444444444444444,
        0.9534883720930233,
        0.9642857142857143,
        0.92,
        0.9285714285714286,
        0.9375,
        0.7368421052631579,
        1.0,
        1.0,
        0.7142857142857143,
        0.7777777777777778,
        0.5,
        1.0
    ]
}