{
    "Bins": [
        20.0,
        21.0,
        22.0,
        23.0,
        24.0,
        25.0,
        26.0,
        27.0,
        28.0,
        29.0,
        30.0,
        31.0,
        32.0,
        33.0,
        34.0,
        35.0,
        36.0,
        37.0,
        38.0,
        39.0,
        40.0,
        41.0,
        42.0,
        43.0,
        44.0,
        45.0,
        46.0,
        47.0,
        48.0,
        49.0,
        50.0,
        51.0,
        52.0,
        53.0,
        54.0,
        55.0,
        56.0,
        57.0,
        58.0,
        59.0,
        60.0
    ],
    "Efficiency": [
        0.9787234042553191,
        0.9421487603305785,
        0.984375,
        0.9808917197452229,
        0.9840425531914894,
        0.9746192893401016,
        0.9710144927536232,
        0.9826989619377162,
        0.9689265536723164,
        0.9663865546218487,
        0.9755501222493888,
        0.9706666666666667,
        0.976905311778291,
        0.9676674364896074,
        0.9723991507430998,
        0.9755600814663951,
        0.9776951672862454,
        0.9760589318600368,
        0.963302752293578,
        0.9772727272727273,
        0.9678571428571429,
        0.972027972027972,
        0.9698189134808853,
        0.9546485260770975,
        0.927710843373494,
        0.9341317365269461,
        0.9583333333333334,
        0.9583333333333334,
        0.9534883720930233,
        0.9642857142857143,
        0.92,
        0.9285714285714286,
        0.9375,
        0.7894736842105263,
        1.0,
        0.8888888888888888,
        0.7142857142857143,
        0.7777777777777778,
        0.25,
        1.0
    ]
}