{
    "Bins": [
        20.0,
        21.0,
        22.0,
        23.0,
        24.0,
        25.0,
        26.0,
        27.0,
        28.0,
        29.0,
        30.0,
        31.0,
        32.0,
        33.0,
        34.0,
        35.0,
        36.0,
        37.0,
        38.0,
        39.0,
        40.0,
        41.0,
        42.0,
        43.0,
        44.0,
        45.0,
        46.0,
        47.0,
        48.0,
        49.0,
        50.0,
        51.0,
        52.0,
        53.0,
        54.0,
        55.0,
        56.0,
        57.0,
        58.0,
        59.0,
        60.0
    ],
    "Efficiency": [
        0.9787234042553191,
        0.9669421487603306,
        0.9453125,
        0.9872611464968153,
        0.973404255319149,
        0.9695431472081218,
        0.967391304347826,
        0.9792387543252595,
        0.940677966101695,
        0.9355742296918768,
        0.9462102689486552,
        0.9466666666666667,
        0.9515011547344111,
        0.953810623556582,
        0.9532908704883227,
        0.9409368635437881,
        0.9312267657992565,
        0.9447513812154696,
        0.9321100917431193,
        0.9431818181818182,
        0.9178571428571428,
        0.9213286713286714,
        0.9255533199195171,
        0.9024943310657596,
        0.858433734939759,
        0.8622754491017964,
        0.8416666666666667,
        0.75,
        0.7906976744186046,
        0.6785714285714286,
        0.68,
        0.7142857142857143,
        0.5625,
        0.42105263157894735,
        0.375,
        0.1111111111111111,
        0.42857142857142855,
        0.2222222222222222,
        0.0,
        0.0
    ]
}