{
    "Bins": [
        20.0,
        21.0,
        22.0,
        23.0,
        24.0,
        25.0,
        26.0,
        27.0,
        28.0,
        29.0,
        30.0,
        31.0,
        32.0,
        33.0,
        34.0,
        35.0,
        36.0,
        37.0,
        38.0,
        39.0,
        40.0,
        41.0,
        42.0,
        43.0,
        44.0,
        45.0,
        46.0,
        47.0,
        48.0,
        49.0,
        50.0,
        51.0,
        52.0,
        53.0,
        54.0,
        55.0,
        56.0,
        57.0,
        58.0,
        59.0,
        60.0
    ],
    "Efficiency": [
        0.9893617021276596,
        0.9834710743801653,
        0.9765625,
        1.0,
        0.9893617021276596,
        0.9898477157360406,
        0.9782608695652174,
        0.9826989619377162,
        0.9661016949152542,
        0.9495798319327731,
        0.9535452322738386,
        0.9786666666666667,
        0.9676674364896074,
        0.9653579676674365,
        0.9723991507430998,
        0.9694501018329938,
        0.9609665427509294,
        0.9779005524861878,
        0.9706422018348624,
        0.9675324675324676,
        0.9535714285714286,
        0.9597902097902098,
        0.9678068410462777,
        0.9569160997732427,
        0.9427710843373494,
        0.9161676646706587,
        0.925,
        0.8194444444444444,
        0.8837209302325582,
        0.8928571428571429,
        0.6,
        0.9285714285714286,
        0.625,
        0.5789473684210527,
        0.875,
        0.1111111111111111,
        0.5714285714285714,
        0.3333333333333333,
        0.375,
        0.5
    ]
}