{
    "Bins": [
        20.0,
        21.0,
        22.0,
        23.0,
        24.0,
        25.0,
        26.0,
        27.0,
        28.0,
        29.0,
        30.0,
        31.0,
        32.0,
        33.0,
        34.0,
        35.0,
        36.0,
        37.0,
        38.0,
        39.0,
        40.0,
        41.0,
        42.0,
        43.0,
        44.0,
        45.0,
        46.0,
        47.0,
        48.0,
        49.0,
        50.0,
        51.0,
        52.0,
        53.0,
        54.0,
        55.0,
        56.0,
        57.0,
        58.0,
        59.0,
        60.0
    ],
    "Efficiency": [
        0.6063829787234043,
        0.768595041322314,
        0.8125,
        0.7515923566878981,
        0.776595744680851,
        0.766497461928934,
        0.782608695652174,
        0.7577854671280276,
        0.788135593220339,
        0.773109243697479,
        0.7775061124694377,
        0.7893333333333333,
        0.7967667436489607,
        0.815242494226328,
        0.7983014861995754,
        0.8167006109979633,
        0.7732342007434945,
        0.8139963167587477,
        0.818348623853211,
        0.8116883116883117,
        0.8160714285714286,
        0.8094405594405595,
        0.8390342052313883,
        0.8752834467120182,
        0.8283132530120482,
        0.8622754491017964,
        0.8333333333333334,
        0.75,
        0.8604651162790697,
        0.9285714285714286,
        0.84,
        1.0,
        0.875,
        0.7894736842105263,
        0.875,
        0.7777777777777778,
        1.0,
        0.8888888888888888,
        0.625,
        1.0
    ]
}