{
    "Bins": [
        20.0,
        21.0,
        22.0,
        23.0,
        24.0,
        25.0,
        26.0,
        27.0,
        28.0,
        29.0,
        30.0,
        31.0,
        32.0,
        33.0,
        34.0,
        35.0,
        36.0,
        37.0,
        38.0,
        39.0,
        40.0,
        41.0,
        42.0,
        43.0,
        44.0,
        45.0,
        46.0,
        47.0,
        48.0,
        49.0,
        50.0,
        51.0,
        52.0,
        53.0,
        54.0,
        55.0,
        56.0,
        57.0,
        58.0,
        59.0,
        60.0
    ],
    "Efficiency": [
        0.9361702127659575,
        0.9504132231404959,
        0.9453125,
        0.9235668789808917,
        0.8829787234042553,
        0.9289340101522843,
        0.8623188405797102,
        0.8754325259515571,
        0.8728813559322034,
        0.8795518207282913,
        0.8655256723716381,
        0.896,
        0.8475750577367206,
        0.8891454965357968,
        0.8895966029723992,
        0.890020366598778,
        0.8773234200743495,
        0.8802946593001841,
        0.8935779816513761,
        0.8977272727272727,
        0.9089285714285714,
        0.8671328671328671,
        0.89738430583501,
        0.8616780045351474,
        0.858433734939759,
        0.844311377245509,
        0.8166666666666667,
        0.7222222222222222,
        0.8837209302325582,
        0.7857142857142857,
        0.64,
        0.5714285714285714,
        0.6875,
        0.47368421052631576,
        0.625,
        0.3333333333333333,
        0.5714285714285714,
        0.2222222222222222,
        0.5,
        0.6666666666666666
    ]
}