{
    "Bins": [
        20.0,
        21.0,
        22.0,
        23.0,
        24.0,
        25.0,
        26.0,
        27.0,
        28.0,
        29.0,
        30.0,
        31.0,
        32.0,
        33.0,
        34.0,
        35.0,
        36.0,
        37.0,
        38.0,
        39.0,
        40.0,
        41.0,
        42.0,
        43.0,
        44.0,
        45.0,
        46.0,
        47.0,
        48.0,
        49.0,
        50.0,
        51.0,
        52.0,
        53.0,
        54.0,
        55.0,
        56.0,
        57.0,
        58.0,
        59.0,
        60.0
    ],
    "Efficiency": [
        0.9893617021276596,
        0.9834710743801653,
        0.984375,
        0.9936305732484076,
        0.9946808510638298,
        0.9847715736040609,
        0.9891304347826086,
        1.0,
        0.980225988700565,
        0.9831932773109243,
        0.980440097799511,
        0.9866666666666667,
        0.9838337182448037,
        0.9792147806004619,
        0.9915074309978769,
        0.9714867617107943,
        0.9609665427509294,
        0.9686924493554327,
        0.9559633027522936,
        0.9707792207792207,
        0.9535714285714286,
        0.9475524475524476,
        0.9456740442655935,
        0.9229024943310657,
        0.8855421686746988,
        0.8922155688622755,
        0.8833333333333333,
        0.8333333333333334,
        0.813953488372093,
        0.7142857142857143,
        0.88,
        0.8571428571428571,
        0.6875,
        0.5789473684210527,
        0.5,
        0.1111111111111111,
        0.42857142857142855,
        0.4444444444444444,
        0.125,
        0.16666666666666666
    ]
}