{
    "Bins": [
        20.0,
        21.0,
        22.0,
        23.0,
        24.0,
        25.0,
        26.0,
        27.0,
        28.0,
        29.0,
        30.0,
        31.0,
        32.0,
        33.0,
        34.0,
        35.0,
        36.0,
        37.0,
        38.0,
        39.0,
        40.0,
        41.0,
        42.0,
        43.0,
        44.0,
        45.0,
        46.0,
        47.0,
        48.0,
        49.0,
        50.0,
        51.0,
        52.0,
        53.0,
        54.0,
        55.0,
        56.0,
        57.0,
        58.0,
        59.0,
        60.0
    ],
    "Efficiency": [
        0.9893617021276596,
        0.9834710743801653,
        0.984375,
        0.9936305732484076,
        0.9946808510638298,
        0.9847715736040609,
        0.9891304347826086,
        1.0,
        0.9774011299435028,
        0.9831932773109243,
        0.9779951100244498,
        0.9813333333333333,
        0.9792147806004619,
        0.9792147806004619,
        0.9915074309978769,
        0.9694501018329938,
        0.9591078066914498,
        0.9668508287292817,
        0.9504587155963303,
        0.9659090909090909,
        0.9464285714285714,
        0.9440559440559441,
        0.9356136820925554,
        0.9183673469387755,
        0.8644578313253012,
        0.874251497005988,
        0.8583333333333333,
        0.8055555555555556,
        0.7906976744186046,
        0.7142857142857143,
        0.88,
        0.8571428571428571,
        0.625,
        0.5263157894736842,
        0.5,
        0.1111111111111111,
        0.42857142857142855,
        0.4444444444444444,
        0.125,
        0.16666666666666666
    ]
}