{
    "Bins": [
        20.0,
        21.0,
        22.0,
        23.0,
        24.0,
        25.0,
        26.0,
        27.0,
        28.0,
        29.0,
        30.0,
        31.0,
        32.0,
        33.0,
        34.0,
        35.0,
        36.0,
        37.0,
        38.0,
        39.0,
        40.0,
        41.0,
        42.0,
        43.0,
        44.0,
        45.0,
        46.0,
        47.0,
        48.0,
        49.0,
        50.0,
        51.0,
        52.0,
        53.0,
        54.0,
        55.0,
        56.0,
        57.0,
        58.0,
        59.0,
        60.0
    ],
    "Efficiency": [
        0.9893617021276596,
        0.9834710743801653,
        0.9453125,
        0.9872611464968153,
        0.9574468085106383,
        0.9390862944162437,
        0.9565217391304348,
        0.9377162629757786,
        0.9463276836158192,
        0.9243697478991597,
        0.9119804400977995,
        0.9546666666666667,
        0.9422632794457275,
        0.9422632794457275,
        0.9447983014861996,
        0.9307535641547862,
        0.9386617100371747,
        0.9373848987108656,
        0.9376146788990826,
        0.9285714285714286,
        0.9285714285714286,
        0.9283216783216783,
        0.93158953722334,
        0.9206349206349206,
        0.9006024096385542,
        0.874251497005988,
        0.8,
        0.7777777777777778,
        0.813953488372093,
        0.75,
        0.48,
        0.7857142857142857,
        0.625,
        0.3684210526315789,
        0.5,
        0.3333333333333333,
        0.42857142857142855,
        0.4444444444444444,
        0.25,
        0.16666666666666666
    ]
}