{
    "Bins": [
        20.0,
        21.0,
        22.0,
        23.0,
        24.0,
        25.0,
        26.0,
        27.0,
        28.0,
        29.0,
        30.0,
        31.0,
        32.0,
        33.0,
        34.0,
        35.0,
        36.0,
        37.0,
        38.0,
        39.0,
        40.0,
        41.0,
        42.0,
        43.0,
        44.0,
        45.0,
        46.0,
        47.0,
        48.0,
        49.0,
        50.0,
        51.0,
        52.0,
        53.0,
        54.0,
        55.0,
        56.0,
        57.0,
        58.0,
        59.0,
        60.0
    ],
    "Efficiency": [
        0.9893617021276596,
        0.9834710743801653,
        0.96875,
        0.9936305732484076,
        0.9840425531914894,
        0.9644670050761421,
        0.9710144927536232,
        0.9584775086505191,
        0.9491525423728814,
        0.9439775910364145,
        0.9462102689486552,
        0.9573333333333334,
        0.9491916859122402,
        0.9584295612009238,
        0.9554140127388535,
        0.9511201629327902,
        0.9442379182156134,
        0.9521178637200737,
        0.9577981651376147,
        0.9594155844155844,
        0.9428571428571428,
        0.9458041958041958,
        0.9496981891348089,
        0.9433106575963719,
        0.9397590361445783,
        0.9221556886227545,
        0.9166666666666666,
        0.8472222222222222,
        0.9069767441860465,
        0.8928571428571429,
        0.76,
        0.8571428571428571,
        0.625,
        0.5263157894736842,
        0.75,
        0.2222222222222222,
        0.5714285714285714,
        0.3333333333333333,
        0.125,
        0.3333333333333333
    ]
}