{
    "False Positive Rate": [
        0.0,
        0.015464735363565942,
        0.02894154759349305,
        0.04030910804782215,
        0.05215265009752956,
        0.06356687541415065,
        0.07544774935369165,
        0.08936321128916348,
        0.10647054980540753,
        0.12969098528190243,
        0.16943078200976228,
        1.0
    ],
    "True Positive Rate": [
        0.0,
        0.5171638878796442,
        0.7365736815900313,
        0.8421406752519748,
        0.8989544225101934,
        0.9342241599720102,
        0.9549876872148884,
        0.9710279493493736,
        0.9813357016941854,
        0.9895711382934346,
        0.9950883425511015,
        1.0
    ],
    "ROC AUC": 0.9743631203324626
}