{
    "Precision": [
        0.50175,
        0.8189086712825585,
        0.861172128986908,
        0.8880799029216839,
        0.9108511078898323,
        0.9284981684981685,
        1.0
    ],
    "Recall": [
        1.0,
        0.9900348779272546,
        0.9766816143497757,
        0.9480817140009965,
        0.876631788739412,
        0.6314897857498755,
        0.0
    ],
    "Precision-Recall AUC": 0.94144283387949,
    "Chance Level": 0.50175
}