{
    "Precision": [
        0.50175,
        1.0
    ],
    "Recall": [
        1.0,
        0.0
    ],
    "Precision-Recall AUC": 0.750875,
    "Chance Level": 0.50175
}