{
    "Precision": [
        0.50175,
        0.7931365490760739,
        0.8335448929508336,
        0.8556764344621863,
        0.8730288200108755,
        0.8845220313666916,
        0.895272234063166,
        0.9066870852475752,
        0.9066775576883807,
        0.9143298741444027,
        0.9247557416571501,
        0.9340717299578059,
        0.9345344273992151,
        0.9345227475468332,
        1.0
    ],
    "Recall": [
        1.0,
        0.9880418535127056,
        0.9815645241654211,
        0.971898355754858,
        0.9599402092675635,
        0.9441953163926258,
        0.9208769307424016,
        0.8850024912805182,
        0.8849028400597907,
        0.8253114100647733,
        0.7262580966616841,
        0.5294469357249626,
        0.522072745391131,
        0.5219730941704036,
        0.0
    ],
    "Precision-Recall AUC": 0.9386386277225569,
    "Chance Level": 0.50175
}