{
    "Precision": [
        0.50175,
        0.8755622188905547,
        0.8753401189156506,
        1.0
    ],
    "Recall": [
        1.0,
        0.8729446935724963,
        0.8655705032386647,
        0.0
    ],
    "Precision-Recall AUC": 0.9055727017929476,
    "Chance Level": 0.50175
}