{
    "Precision": [
        0.50175,
        0.8661992692801422,
        0.8659034345445495,
        1.0
    ],
    "Recall": [
        1.0,
        0.8741405082212257,
        0.8667663178873941,
        0.0
    ],
    "Precision-Recall AUC": 0.9011222521600568,
    "Chance Level": 0.50175
}