{
    "Precision": [
        0.4999731012871034,
        0.7958240167644232,
        0.8357603328456474,
        0.8580502198153788,
        0.8745828188608663,
        0.8876334991289418,
        0.8990199418254239,
        0.9090383742208891,
        0.9190497401633259,
        0.9288522012578616,
        0.9288509852848182,
        0.9402792387874152,
        0.9401585460170147,
        0.9401570996978852,
        1.0
    ],
    "Recall": [
        1.0,
        0.990934646061144,
        0.9834564015655893,
        0.9739202948257543,
        0.9622187252014149,
        0.9457154770070882,
        0.9228772411195847,
        0.8886198872883294,
        0.8325330535716687,
        0.7309983994404766,
        0.7309849493604487,
        0.5289916475003026,
        0.5232081130882729,
        0.5231946630082449,
        0.0
    ],
    "Precision-Recall AUC": 0.942957983716342,
    "Chance Level": 0.4999731012871034
}