{
    "Precision": [
        0.4999731012871034,
        0.8789679859516413,
        0.8785234716899073,
        1.0
    ],
    "Recall": [
        1.0,
        0.8751967074204091,
        0.8694131730083794,
        0.0
    ],
    "Precision-Recall AUC": 0.9077369761887166,
    "Chance Level": 0.4999731012871034
}