{
    "Bins": [
        20.0,
        21.0,
        22.0,
        23.0,
        24.0,
        25.0,
        26.0,
        27.0,
        28.0,
        29.0,
        30.0,
        31.0,
        32.0,
        33.0,
        34.0,
        35.0,
        36.0,
        37.0,
        38.0,
        39.0,
        40.0,
        41.0,
        42.0,
        43.0,
        44.0,
        45.0,
        46.0,
        47.0,
        48.0,
        49.0,
        50.0,
        51.0,
        52.0,
        53.0,
        54.0,
        55.0,
        56.0,
        57.0,
        58.0,
        59.0,
        60.0
    ],
    "Efficiency": [
        0.5280373831775701,
        0.680161943319838,
        0.7903780068728522,
        0.8415841584158416,
        0.8697788697788698,
        0.8791469194312796,
        0.9241379310344827,
        0.9636363636363636,
        0.9365351629502573,
        0.9681020733652312,
        0.9615384615384616,
        0.9680111265646731,
        0.972972972972973,
        0.9801324503311258,
        0.9720534629404617,
        0.9809976247030879,
        0.984,
        0.9877049180327869,
        0.9874081846799581,
        0.9783728115345005,
        0.9905163329820864,
        0.982086406743941,
        0.9836065573770492,
        0.9895287958115183,
        0.976491862567812,
        0.9714285714285714,
        0.9704142011834319,
        0.9770992366412213,
        0.935064935064935,
        0.9629629629629629,
        0.9583333333333334,
        0.9393939393939394,
        0.8928571428571429,
        0.9444444444444444,
        0.9473684210526315,
        0.6666666666666666,
        0.9333333333333333,
        1.0,
        0.75,
        0.7142857142857143
    ]
}