{
    "Bins": [
        20.0,
        21.0,
        22.0,
        23.0,
        24.0,
        25.0,
        26.0,
        27.0,
        28.0,
        29.0,
        30.0,
        31.0,
        32.0,
        33.0,
        34.0,
        35.0,
        36.0,
        37.0,
        38.0,
        39.0,
        40.0,
        41.0,
        42.0,
        43.0,
        44.0,
        45.0,
        46.0,
        47.0,
        48.0,
        49.0,
        50.0,
        51.0,
        52.0,
        53.0,
        54.0,
        55.0,
        56.0,
        57.0,
        58.0,
        59.0,
        60.0
    ],
    "Efficiency": [
        0.602803738317757,
        0.7004048582995951,
        0.8109965635738832,
        0.8679867986798679,
        0.8722358722358723,
        0.9265402843601895,
        0.9471264367816092,
        0.9414141414141414,
        0.9451114922813036,
        0.9728867623604466,
        0.9644970414201184,
        0.9791376912378303,
        0.9878378378378379,
        0.9880794701986755,
        0.976913730255164,
        0.9774346793349169,
        0.9828571428571429,
        0.985655737704918,
        0.9884575026232949,
        0.9824922760041195,
        0.9894625922023182,
        0.9863013698630136,
        0.9901639344262295,
        0.9869109947643979,
        0.9819168173598554,
        0.9809523809523809,
        0.9644970414201184,
        0.9770992366412213,
        0.922077922077922,
        0.9444444444444444,
        0.9791666666666666,
        0.8484848484848485,
        0.9642857142857143,
        0.9444444444444444,
        0.8947368421052632,
        0.9166666666666666,
        0.8,
        0.9285714285714286,
        0.75,
        0.8571428571428571
    ]
}