Classifier,Accuracy,TN,FP,FN,TP,Precision,Recall,F1,MSE
XGBClassifier,0.9482401517087408,68695.0,5662.0,2035.0,72314.0,0.9273879142300196,0.9726290871430684,0.9494698834728376,0.0517598482912592
BaggingClassifier,0.9394442725915564,68913.0,5444.0,3561.0,70788.0,0.9285864204008816,0.9521042650203768,0.9401982985901276,0.0605557274084435
VotingClassifier,0.917824432100924,69900.0,4457.0,7763.0,66586.0,0.9372633475500752,0.895587028742821,0.9159513590844064,0.082175567899076
GaussianNB,0.8747057953276935,57305.0,17052.0,1580.0,72769.0,0.8101557542222866,0.9787488735557976,0.8865078881647073,0.1252942046723064
RidgeClassifier,0.8596290667491561,54522.0,19835.0,1039.0,73310.0,0.7870524451124591,0.9860253668509328,0.8753746402856222,0.1403709332508439
LinearDiscriminantAnalysis,0.8596290667491561,54522.0,19835.0,1039.0,73310.0,0.7870524451124591,0.9860253668509328,0.8753746402856222,0.1403709332508439
RidgeClassifierCV,0.8534221887482684,53150.0,21207.0,590.0,73759.0,0.7766884990417623,0.992064452783494,0.8712636210613354,0.1465778112517316
