{
    "Precision": [
        0.40952827069326575,
        0.7503038473715926,
        0.797034809709846,
        0.8239091232785454,
        0.8438970086544332,
        0.8598150666982792,
        0.8734246934627238,
        0.8861461948046474,
        0.8861445952401023,
        0.886142995630611,
        0.8987193503045448,
        0.8987177685111434,
        0.9107650592200651,
        0.9107633789025722,
        0.9252527547427013,
        0.9252428023862359,
        1.0
    ],
    "Recall": [
        1.0,
        0.988561893612154,
        0.9773390927563145,
        0.9652685263681994,
        0.9486900004036979,
        0.9271998169902977,
        0.8962496467643616,
        0.8487747769569255,
        0.848761320361175,
        0.8487478637654247,
        0.7743598024571744,
        0.7743463458614239,
        0.6508686232556887,
        0.6508551666599384,
        0.4384158895482621,
        0.4320240065668187,
        0.0
    ],
    "Precision-Recall AUC": 0.9207803251849757,
    "Chance Level": 0.40952827069326575
}