Classifier,Accuracy,TN,FP,FN,TP,Precision,Recall,F1,MSE,EventCount,Rate
GradientBoostingClassifier,0.91215,8720.0,1245.0,512.0,9523.0,0.8843796433878157,0.9489785749875436,0.915541027736384,0.08785,5527.0,83.36307011222074
HistGradientBoostingClassifier,0.91105,8660.0,1305.0,474.0,9561.0,0.8799006073992269,0.9527653213751868,0.9148844552892206,0.08895,5696.0,85.91207659837332
AdaBoostClassifier,0.9087,8746.0,1219.0,607.0,9428.0,0.885507654738424,0.9395117090184356,0.9117106662798568,0.0913,5385.0,81.22130134870791
SVC,0.9074,8433.0,1532.0,320.0,9715.0,0.8637858984618121,0.9681116093672149,0.9129781035616952,0.0926,6592.0,99.42633583856689
FixedThresholdClassifier,0.9071,8541.0,1424.0,434.0,9601.0,0.8708390022675737,0.956751370204285,0.9117758784425452,0.0929,6265.0,94.49423453104087
LogisticRegressionCV,0.9071,8541.0,1424.0,434.0,9601.0,0.8708390022675737,0.956751370204285,0.9117758784425452,0.0929,6265.0,94.49423453104087
LogisticRegression,0.9071,8541.0,1424.0,434.0,9601.0,0.8708390022675737,0.956751370204285,0.9117758784425452,0.0929,6265.0,94.49423453104087
