{
    "Precision": [
        0.3804945649820276,
        0.9172230394930406,
        1.0
    ],
    "Recall": [
        1.0,
        0.922547234236285,
        0.0
    ],
    "Precision-Recall AUC": 0.9346203150726227,
    "Chance Level": 0.3804945649820276
}