{
    "Precision": [
        0.3804945649820276,
        0.8664451497718707,
        0.9013732833957553,
        0.9226022948690192,
        0.9409702264628118,
        0.9590429566296629,
        1.0
    ],
    "Recall": [
        1.0,
        0.9942522194400182,
        0.9861142727065787,
        0.9700660141133621,
        0.9316526291827908,
        0.7915433644434328,
        0.0
    ],
    "Precision-Recall AUC": 0.9696441057545646,
    "Chance Level": 0.3804945649820276
}