{
    "Bins": [
        20.0,
        21.0,
        22.0,
        23.0,
        24.0,
        25.0,
        26.0,
        27.0,
        28.0,
        29.0,
        30.0,
        31.0,
        32.0,
        33.0,
        34.0,
        35.0,
        36.0,
        37.0,
        38.0,
        39.0,
        40.0,
        41.0,
        42.0,
        43.0,
        44.0,
        45.0,
        46.0,
        47.0,
        48.0,
        49.0,
        50.0,
        51.0,
        52.0,
        53.0,
        54.0,
        55.0,
        56.0,
        57.0,
        58.0,
        59.0,
        60.0
    ],
    "Efficiency": [
        0.9936061381074168,
        0.9956379498364231,
        0.9859681945743686,
        0.9826732673267327,
        0.969521044992743,
        0.9444093493367025,
        0.9304347826086956,
        0.9216722729456992,
        0.9287295263390881,
        0.9336147352264006,
        0.928726483357453,
        0.9404721176873075,
        0.9527434189660641,
        0.9603365384615384,
        0.9693788276465442,
        0.9659243359270191,
        0.9697201017811705,
        0.9793017456359102,
        0.9757914338919925,
        0.9762413875029698,
        0.9747604580509465,
        0.9817102137767221,
        0.9758812615955473,
        0.972757881848791,
        0.9739276703111859,
        0.9572763684913218,
        0.9695259593679458,
        0.9268774703557312,
        0.865546218487395,
        0.8512396694214877,
        0.827027027027027,
        0.7142857142857143,
        0.6698113207547169,
        0.6666666666666666,
        0.627906976744186,
        0.6101694915254238,
        0.47058823529411764,
        0.39622641509433965,
        0.4915254237288136,
        0.3055555555555556
    ]
}