{
    "Bins": [
        20.0,
        21.0,
        22.0,
        23.0,
        24.0,
        25.0,
        26.0,
        27.0,
        28.0,
        29.0,
        30.0,
        31.0,
        32.0,
        33.0,
        34.0,
        35.0,
        36.0,
        37.0,
        38.0,
        39.0,
        40.0,
        41.0,
        42.0,
        43.0,
        44.0,
        45.0,
        46.0,
        47.0,
        48.0,
        49.0,
        50.0,
        51.0,
        52.0,
        53.0,
        54.0,
        55.0,
        56.0,
        57.0,
        58.0,
        59.0,
        60.0
    ],
    "Efficiency": [
        0.9859335038363172,
        0.9880043620501636,
        0.9831618334892422,
        0.9818481848184818,
        0.9796806966618288,
        0.9823120656980417,
        0.9847826086956522,
        0.980297933685728,
        0.9760956175298805,
        0.977743668457406,
        0.9804630969609262,
        0.9753677728361273,
        0.9809705042816366,
        0.9720552884615384,
        0.9743365412656751,
        0.9661926482425544,
        0.9633587786259542,
        0.9708229426433915,
        0.9622905027932961,
        0.9615110477548111,
        0.9509231128768404,
        0.9631828978622328,
        0.956268221574344,
        0.9534741352923171,
        0.9529015979814971,
        0.9279038718291055,
        0.9525959367945824,
        0.924901185770751,
        0.9243697478991597,
        0.9256198347107438,
        0.9459459459459459,
        0.9172932330827067,
        0.9150943396226415,
        0.9111111111111111,
        0.9534883720930233,
        0.9152542372881356,
        0.8823529411764706,
        0.8679245283018868,
        0.8983050847457628,
        0.8611111111111112
    ]
}