{
    "Bins": [
        20.0,
        21.0,
        22.0,
        23.0,
        24.0,
        25.0,
        26.0,
        27.0,
        28.0,
        29.0,
        30.0,
        31.0,
        32.0,
        33.0,
        34.0,
        35.0,
        36.0,
        37.0,
        38.0,
        39.0,
        40.0,
        41.0,
        42.0,
        43.0,
        44.0,
        45.0,
        46.0,
        47.0,
        48.0,
        49.0,
        50.0,
        51.0,
        52.0,
        53.0,
        54.0,
        55.0,
        56.0,
        57.0,
        58.0,
        59.0,
        60.0
    ],
    "Efficiency": [
        0.9616368286445013,
        0.9683751363140676,
        0.9354536950420954,
        0.91996699669967,
        0.8701015965166908,
        0.8224889450410613,
        0.7684782608695652,
        0.7544449783757808,
        0.7804338202744577,
        0.7705295471987721,
        0.7840086830680174,
        0.8241532671912418,
        0.827465905486838,
        0.8401442307692307,
        0.8673082531350248,
        0.8585994097129058,
        0.8712468193384224,
        0.8902743142144638,
        0.8982774674115456,
        0.8923734853884533,
        0.8946015424164524,
        0.9042755344418052,
        0.9048502517890273,
        0.8931741659014386,
        0.8730025231286795,
        0.8457943925233645,
        0.8589164785553047,
        0.7944664031620553,
        0.7002801120448179,
        0.7520661157024794,
        0.654054054054054,
        0.6090225563909775,
        0.5754716981132075,
        0.4888888888888889,
        0.46511627906976744,
        0.5423728813559322,
        0.45588235294117646,
        0.4339622641509434,
        0.4915254237288136,
        0.3888888888888889
    ]
}