{
    "Bins": [
        20.0,
        21.0,
        22.0,
        23.0,
        24.0,
        25.0,
        26.0,
        27.0,
        28.0,
        29.0,
        30.0,
        31.0,
        32.0,
        33.0,
        34.0,
        35.0,
        36.0,
        37.0,
        38.0,
        39.0,
        40.0,
        41.0,
        42.0,
        43.0,
        44.0,
        45.0,
        46.0,
        47.0,
        48.0,
        49.0,
        50.0,
        51.0,
        52.0,
        53.0,
        54.0,
        55.0,
        56.0,
        57.0,
        58.0,
        59.0,
        60.0
    ],
    "Efficiency": [
        0.9808184143222506,
        0.9792802617230099,
        0.9766136576239476,
        0.9711221122112211,
        0.9753265602322206,
        0.9772583701831965,
        0.9766304347826087,
        0.9735703988467083,
        0.9690128375387339,
        0.97544128933231,
        0.9728654124457308,
        0.9736572015053028,
        0.978116079923882,
        0.9696514423076923,
        0.9708369787109945,
        0.9659243359270191,
        0.9720101781170484,
        0.972568578553616,
        0.9713687150837989,
        0.965312425754336,
        0.961439588688946,
        0.9691211401425178,
        0.9666048237476809,
        0.9693908784817876,
        0.9629941126997477,
        0.9579439252336449,
        0.9729119638826185,
        0.958498023715415,
        0.9355742296918768,
        0.9586776859504132,
        0.9783783783783784,
        0.9172932330827067,
        0.9245283018867925,
        0.9444444444444444,
        0.9534883720930233,
        0.9322033898305084,
        0.9558823529411765,
        0.8867924528301887,
        0.9322033898305084,
        0.8055555555555556
    ]
}