{
    "Bins": [
        20.0,
        21.0,
        22.0,
        23.0,
        24.0,
        25.0,
        26.0,
        27.0,
        28.0,
        29.0,
        30.0,
        31.0,
        32.0,
        33.0,
        34.0,
        35.0,
        36.0,
        37.0,
        38.0,
        39.0,
        40.0,
        41.0,
        42.0,
        43.0,
        44.0,
        45.0,
        46.0,
        47.0,
        48.0,
        49.0,
        50.0,
        51.0,
        52.0,
        53.0,
        54.0,
        55.0,
        56.0,
        57.0,
        58.0,
        59.0,
        60.0
    ],
    "Efficiency": [
        0.9731457800511509,
        0.9727371864776445,
        0.9766136576239476,
        0.9711221122112211,
        0.9680696661828737,
        0.9797852179406191,
        0.9798913043478261,
        0.9822200864968765,
        0.9769809650287737,
        0.9819646968534151,
        0.9851664254703328,
        0.9893944577488881,
        0.9885823025689819,
        0.9849759615384616,
        0.9851268591426072,
        0.9833646364368125,
        0.9854961832061069,
        0.9860349127182045,
        0.9869646182495344,
        0.9852696602518413,
        0.9834073381631222,
        0.9864608076009501,
        0.985687781606149,
        0.9843893480257117,
        0.988645920941968,
        0.9846461949265688,
        0.9887133182844243,
        0.9762845849802372,
        0.988795518207283,
        0.9917355371900827,
        0.9891891891891892,
        0.9849624060150376,
        0.9811320754716981,
        0.9777777777777777,
        0.9883720930232558,
        0.9491525423728814,
        0.9852941176470589,
        1.0,
        1.0,
        1.0
    ]
}