{
    "Bins": [
        20.0,
        21.0,
        22.0,
        23.0,
        24.0,
        25.0,
        26.0,
        27.0,
        28.0,
        29.0,
        30.0,
        31.0,
        32.0,
        33.0,
        34.0,
        35.0,
        36.0,
        37.0,
        38.0,
        39.0,
        40.0,
        41.0,
        42.0,
        43.0,
        44.0,
        45.0,
        46.0,
        47.0,
        48.0,
        49.0,
        50.0,
        51.0,
        52.0,
        53.0,
        54.0,
        55.0,
        56.0,
        57.0,
        58.0,
        59.0,
        60.0
    ],
    "Efficiency": [
        0.9884910485933504,
        0.9890948745910578,
        0.9822263797942001,
        0.966996699669967,
        0.9579100145137881,
        0.9589387239418825,
        0.9521739130434783,
        0.9509851033157136,
        0.9477644975652944,
        0.9435917114351496,
        0.9399421128798843,
        0.9377352035579883,
        0.9416428797970187,
        0.9368990384615384,
        0.9460484106153397,
        0.9372149181647438,
        0.9351145038167938,
        0.9386533665835411,
        0.9350558659217877,
        0.9249227845093847,
        0.9207758822154709,
        0.9228028503562945,
        0.9268486615425391,
        0.9097030915212734,
        0.9053826745164003,
        0.890520694259012,
        0.90744920993228,
        0.8557312252964426,
        0.8263305322128851,
        0.8140495867768595,
        0.7945945945945946,
        0.7518796992481203,
        0.7075471698113207,
        0.7666666666666667,
        0.7674418604651163,
        0.7966101694915254,
        0.75,
        0.6415094339622641,
        0.711864406779661,
        0.6944444444444444
    ]
}