{
    "Bins": [
        20.0,
        21.0,
        22.0,
        23.0,
        24.0,
        25.0,
        26.0,
        27.0,
        28.0,
        29.0,
        30.0,
        31.0,
        32.0,
        33.0,
        34.0,
        35.0,
        36.0,
        37.0,
        38.0,
        39.0,
        40.0,
        41.0,
        42.0,
        43.0,
        44.0,
        45.0,
        46.0,
        47.0,
        48.0,
        49.0,
        50.0,
        51.0,
        52.0,
        53.0,
        54.0,
        55.0,
        56.0,
        57.0,
        58.0,
        59.0,
        60.0
    ],
    "Efficiency": [
        0.8132992327365729,
        0.8058887677208287,
        0.7885874649204865,
        0.7648514851485149,
        0.8011611030478955,
        0.7687934301958307,
        0.746195652173913,
        0.7328207592503604,
        0.7397078353253652,
        0.7225633154259401,
        0.7069464544138929,
        0.7064659596305166,
        0.6698382492863939,
        0.6613581730769231,
        0.6864975211431904,
        0.6409981218137912,
        0.6391857506361324,
        0.6354114713216957,
        0.6133612662942272,
        0.6010928961748634,
        0.6115914933395653,
        0.5895486935866984,
        0.5775245163000265,
        0.5736149372513009,
        0.5424726661059714,
        0.534712950600801,
        0.5496613995485328,
        0.5039525691699605,
        0.5182072829131653,
        0.4793388429752066,
        0.5027027027027027,
        0.47368421052631576,
        0.44339622641509435,
        0.4777777777777778,
        0.5697674418604651,
        0.4406779661016949,
        0.4264705882352941,
        0.37735849056603776,
        0.4576271186440678,
        0.4166666666666667
    ]
}