{
    "Bins": [
        20.0,
        21.0,
        22.0,
        23.0,
        24.0,
        25.0,
        26.0,
        27.0,
        28.0,
        29.0,
        30.0,
        31.0,
        32.0,
        33.0,
        34.0,
        35.0,
        36.0,
        37.0,
        38.0,
        39.0,
        40.0,
        41.0,
        42.0,
        43.0,
        44.0,
        45.0,
        46.0,
        47.0,
        48.0,
        49.0,
        50.0,
        51.0,
        52.0,
        53.0,
        54.0,
        55.0,
        56.0,
        57.0,
        58.0,
        59.0,
        60.0
    ],
    "Efficiency": [
        1.0,
        1.0,
        1.0,
        1.0,
        1.0,
        1.0,
        0.9994565217391305,
        0.9995194617972128,
        1.0,
        1.0,
        0.9996382054992764,
        1.0,
        0.9996828417380272,
        1.0,
        0.99970836978711,
        0.9994633753689295,
        0.9994910941475827,
        0.9997506234413965,
        0.9990689013035382,
        0.9980993110002376,
        0.995092311287684,
        0.995249406175772,
        0.9840975351179433,
        0.9562289562289562,
        0.9020185029436502,
        0.8144192256341789,
        0.6873589164785553,
        0.5849802371541502,
        0.40336134453781514,
        0.3760330578512397,
        0.24324324324324326,
        0.17293233082706766,
        0.1320754716981132,
        0.16666666666666666,
        0.11627906976744186,
        0.1694915254237288,
        0.08823529411764706,
        0.07547169811320754,
        0.0,
        0.027777777777777776
    ]
}