{
    "Precision": [
        0.50175,
        0.832679956626908,
        0.8556780975357574,
        0.8696956329951477,
        0.8817573675646357,
        0.8920876671619614,
        0.9006806634071518,
        0.9112503790558981,
        0.9214285714285714,
        0.9348550910489869,
        0.9496307517515622,
        0.9496116688766811,
        1.0
    ],
    "Recall": [
        1.0,
        0.9948181365221724,
        0.9896362730443448,
        0.9823617339312407,
        0.9719980069755855,
        0.9572496263079223,
        0.9362232187344295,
        0.898355754857997,
        0.8355754857997011,
        0.726457399103139,
        0.49975087194818135,
        0.49955156950672647,
        0.0
    ],
    "Precision-Recall AUC": 0.9489910698795745,
    "Chance Level": 0.50175
}