{
    "Precision": [
        0.50175,
        0.8819214149331726,
        1.0
    ],
    "Recall": [
        1.0,
        0.8745391131041356,
        0.0
    ],
    "Precision-Recall AUC": 0.909705264018654,
    "Chance Level": 0.50175
}