{
    "Precision": [
        0.50175,
        0.7543178878490451,
        0.759577076310144,
        0.7641247298548934,
        0.779299234796617,
        0.7804307493748488,
        0.8981622219151583,
        0.9021145497829436,
        0.9061172472387425,
        0.9113344170237919,
        0.9236499068901304,
        0.9399806389157793,
        1.0
    ],
    "Recall": [
        1.0,
        0.987942202291978,
        0.987942202291978,
        0.9865470852017937,
        0.9641255605381166,
        0.9641255605381166,
        0.6477329347284504,
        0.6419531639262581,
        0.6376681614349776,
        0.6145490782262083,
        0.09885401096163428,
        0.09676133532635775,
        0.0
    ],
    "Precision-Recall AUC": 0.8905251240583674,
    "Chance Level": 0.50175
}