{
    "Precision": [
        0.50175,
        0.8289342629482072,
        0.8636720453554295,
        0.8853707782672541,
        0.9095141700404858,
        0.9318656820398495,
        1.0
    ],
    "Recall": [
        1.0,
        0.9952167414050822,
        0.9867463876432486,
        0.9613353263577479,
        0.8954658694569009,
        0.6664673642252118,
        0.0
    ],
    "Precision-Recall AUC": 0.946286887555837,
    "Chance Level": 0.50175
}