{
    "Precision": [
        0.50175,
        0.8912079048195201,
        1.0
    ],
    "Recall": [
        1.0,
        0.8808171400099651,
        0.0
    ],
    "Precision-Recall AUC": 0.9159125224147426,
    "Chance Level": 0.50175
}