{
    "False Positive Rate": [
        0.0,
        0.11947765509635945,
        0.1197735250211816,
        1.0
    ],
    "True Positive Rate": [
        0.0,
        0.871861087573471,
        0.8776446219855009,
        1.0
    ],
    "ROC AUC": 0.8787190256545184
}