{
    "False Positive Rate": [
        0.0,
        0.0004975994190190567,
        0.0005379453178584397,
        0.0008338152426805815,
        0.0009145070403593474,
        0.0009951988380381134,
        0.0010086474709845744,
        0.0010758906357168794,
        0.0011565824333956453,
        0.007800207108947375,
        0.008849200478771333,
        0.008849200478771333,
        0.010059577443952823,
        0.015882835509770432,
        0.016084565003967346,
        0.01654181852414702,
        0.016595613055932865,
        0.016622510321825785,
        0.01724114743736299,
        0.01898946972040292,
        0.019029815619242305,
        0.019191199214599837,
        0.019419825974689674,
        0.025565851231222347,
        0.025928964320776793,
        0.029331468456231424,
        0.029358365722124347,
        0.029479403418642493,
        0.030084591901233238,
        0.030084591901233238,
        0.030541845421412913,
        0.05723738182013798,
        0.057560149010853046,
        0.06456688677595922,
        0.06468792447247737,
        0.07045738800650914,
        0.0724343370496389,
        0.073604368115981,
        0.11282058178786127,
        0.11618274002447651,
        0.11721828476135401,
        0.12770821845959357,
        0.12782925615611174,
        0.1427303414607905,
        0.14306655728445203,
        0.1449762631628495,
        0.14637492098928143,
        0.1490108530467878,
        0.21207149293274338,
        0.21239426012345844,
        0.24303024597549658,
        0.25942412953723254,
        0.2598410371585728,
        0.2655970520596581,
        0.26566429522439045,
        0.2680043573570747,
        0.2689457616633269,
        0.33723791976545586,
        0.35029654235646945,
        0.4196780397272617,
        0.5582930995064351,
        0.5968503301639388,
        0.6027542800274353,
        0.905012305499146,
        1.0
    ],
    "True Positive Rate": [
        0.0,
        0.009428506099611293,
        0.00972440786022677,
        0.01550794227225652,
        0.017942406757320208,
        0.018601460678691038,
        0.018641810918774968,
        0.019596766600761276,
        0.019744717481069013,
        0.09210614803158079,
        0.09390845875532959,
        0.09396225907544149,
        0.10858249606585159,
        0.19065488439656217,
        0.19108528695745738,
        0.19467645832492703,
        0.1947975090451788,
        0.19487820952534668,
        0.20040619241684487,
        0.20368801194367106,
        0.2039032132241187,
        0.2041722148246782,
        0.2054768725873919,
        0.2747716848915251,
        0.2754307388128959,
        0.2801920671427995,
        0.2802458674629114,
        0.280474518823387,
        0.2831107345088703,
        0.2831779849090102,
        0.2835814873098495,
        0.38077176559200526,
        0.3812828686330684,
        0.3840939353589154,
        0.3842015359991392,
        0.4001533309123189,
        0.4033948001990612,
        0.40393280340018023,
        0.5526099880294287,
        0.5717629019892668,
        0.5749236707958413,
        0.5971970033221697,
        0.5972642537223096,
        0.602160082852493,
        0.6029132873340597,
        0.6033033396548709,
        0.604998049738396,
        0.6062892574210816,
        0.7641259465493819,
        0.7648253507108367,
        0.7746842593713432,
        0.799149954942232,
        0.7993382560626235,
        0.8018130707877712,
        0.8018399709478271,
        0.8028756271099813,
        0.8031042784704568,
        0.827825525561877,
        0.8288880818840872,
        0.8880684340071824,
        0.9315525427376293,
        0.9336642053020215,
        0.934525010423812,
        0.9949562199895089,
        1.0
    ],
    "ROC AUC": 0.8280569496209783
}