{
    "False Positive Rate": [
        0.0,
        0.04641123229823688,
        0.0831932434068077,
        0.11337197573866617,
        0.1473163252955337,
        0.21074007827104374,
        1.0
    ],
    "True Positive Rate": [
        0.0,
        0.6375606934861262,
        0.8662927544418889,
        0.9427026590808215,
        0.9720641837818935,
        0.9883522306957726,
        1.0
    ],
    "ROC AUC": 0.9490785637273806
}