{
    "Precision": [
        0.40952827069326575,
        0.7711312846220275,
        0.8288507143270287,
        0.8618609201746024,
        0.8865480221918005,
        0.9089026463792126,
        1.0
    ],
    "Recall": [
        1.0,
        0.9853188540363059,
        0.964165085516666,
        0.9246161506062196,
        0.8278766837565432,
        0.5610727598132225,
        0.0
    ],
    "Precision-Recall AUC": 0.9186258185257492,
    "Chance Level": 0.40952827069326575
}