{
    "Precision": [
        0.40952827069326575,
        0.8918871347721303,
        1.0
    ],
    "Recall": [
        1.0,
        0.8864263318665644,
        0.0
    ],
    "Precision-Recall AUC": 0.9124125472728357,
    "Chance Level": 0.40952827069326575
}