{
    "Precision": [
        0.40952827069326575,
        0.8047377179339373,
        0.8430786153793269,
        0.8659483422827543,
        0.8835707734637726,
        0.899613362983928,
        0.9133419246245693,
        0.9256311593400509,
        0.9377772449346601,
        0.9484998614190687,
        0.9610276561878233,
        1.0
    ],
    "Recall": [
        1.0,
        0.9956535195726185,
        0.9901094021234508,
        0.9830581459502375,
        0.9722928693499119,
        0.9580961608332325,
        0.9346413144402729,
        0.8999098408084723,
        0.8420599356774723,
        0.7368159003135387,
        0.5199763163914792,
        0.0
    ],
    "Precision-Recall AUC": 0.9585364982053681,
    "Chance Level": 0.40952827069326575
}