Classifier,Accuracy,TN,FP,FN,TP,Precision,Recall,F1,MSE
XGBClassifier,0.9481258321789302,68675.0,-5682.0,-2032.0,72317.0,0.9271529122168232,0.9726694373831524,0.9493659253813638,-0.0518741678210697
BaggingClassifier,0.9388525009078316,68895.0,-5462.0,-3631.0,70718.0,0.9283013914413232,0.9511627594184184,0.939593035229092,-0.0611474990921684
MLPClassifier,0.9302112893898028,64846.0,-9511.0,-867.0,73482.0,0.8853999734917403,0.9883387806157446,0.9340417688856122,-0.0697887106101973
VotingClassifier,0.9176832138582168,69903.0,-4454.0,-7787.0,66562.0,0.937281739326349,0.8952642268221496,0.9157912840092182,-0.0823167861417831
RidgeClassifierCV,0.8558901456565303,53551.0,-20806.0,-624.0,73725.0,0.7799028889993759,0.9916071500625429,0.8731051634296542,-0.1441098543434696
OutputCodeClassifier,0.5000268987128966,74357.0,-0.0,-74349.0,0.0,0.0,0.0,0.0,-0.4999731012871034
