{
    "Bins": [
        20.0,
        21.0,
        22.0,
        23.0,
        24.0,
        25.0,
        26.0,
        27.0,
        28.0,
        29.0,
        30.0,
        31.0,
        32.0,
        33.0,
        34.0,
        35.0,
        36.0,
        37.0,
        38.0,
        39.0,
        40.0,
        41.0,
        42.0,
        43.0,
        44.0,
        45.0,
        46.0,
        47.0,
        48.0,
        49.0,
        50.0,
        51.0,
        52.0,
        53.0,
        54.0,
        55.0,
        56.0,
        57.0,
        58.0,
        59.0,
        60.0
    ],
    "Efficiency": [
        0.9936305732484076,
        0.9875647668393782,
        0.9662921348314607,
        0.9532710280373832,
        0.9290882778581766,
        0.8958207147183526,
        0.8719030047443331,
        0.8658367911479945,
        0.8638830897703549,
        0.852660841938046,
        0.879144385026738,
        0.8746876115672974,
        0.8975155279503105,
        0.9110974862047824,
        0.9058956916099773,
        0.9182217343578485,
        0.927713987473904,
        0.931338891613536,
        0.9310099573257468,
        0.9355885078776645,
        0.938872970391595,
        0.9449365573378022,
        0.9376807783328951,
        0.9382791121921557,
        0.927654109589041,
        0.8938237335183901,
        0.8986486486486487,
        0.8690228690228691,
        0.8197674418604651,
        0.76,
        0.7592592592592593,
        0.6554054054054054,
        0.719626168224299,
        0.6853932584269663,
        0.625,
        0.711864406779661,
        0.5689655172413793,
        0.5510204081632653,
        0.5,
        0.6153846153846154
    ]
}