{
    "Bins": [
        20.0,
        21.0,
        22.0,
        23.0,
        24.0,
        25.0,
        26.0,
        27.0,
        28.0,
        29.0,
        30.0,
        31.0,
        32.0,
        33.0,
        34.0,
        35.0,
        36.0,
        37.0,
        38.0,
        39.0,
        40.0,
        41.0,
        42.0,
        43.0,
        44.0,
        45.0,
        46.0,
        47.0,
        48.0,
        49.0,
        50.0,
        51.0,
        52.0,
        53.0,
        54.0,
        55.0,
        56.0,
        57.0,
        58.0,
        59.0,
        60.0
    ],
    "Efficiency": [
        0.9961783439490446,
        0.9979274611398964,
        0.9934456928838952,
        0.9864061172472387,
        0.9869753979739508,
        0.984251968503937,
        0.9731154454401687,
        0.9677270631627478,
        0.97160751565762,
        0.9626687847498014,
        0.9711229946524064,
        0.9692966797572296,
        0.9807453416149068,
        0.9779276517473943,
        0.9750566893424036,
        0.9810647639956093,
        0.980427974947808,
        0.9820990681706719,
        0.9810336652441916,
        0.9807692307692307,
        0.983046800382044,
        0.9841991860186737,
        0.9794898764133578,
        0.9771967163271511,
        0.96875,
        0.9590562109646079,
        0.9650900900900901,
        0.9501039501039501,
        0.9476744186046512,
        0.932,
        0.8333333333333334,
        0.8648648648648649,
        0.8317757009345794,
        0.8089887640449438,
        0.8055555555555556,
        0.6949152542372882,
        0.7241379310344828,
        0.7142857142857143,
        0.64,
        0.5641025641025641
    ]
}