{
    "Bins": [
        20.0,
        21.0,
        22.0,
        23.0,
        24.0,
        25.0,
        26.0,
        27.0,
        28.0,
        29.0,
        30.0,
        31.0,
        32.0,
        33.0,
        34.0,
        35.0,
        36.0,
        37.0,
        38.0,
        39.0,
        40.0,
        41.0,
        42.0,
        43.0,
        44.0,
        45.0,
        46.0,
        47.0,
        48.0,
        49.0,
        50.0,
        51.0,
        52.0,
        53.0,
        54.0,
        55.0,
        56.0,
        57.0,
        58.0,
        59.0,
        60.0
    ],
    "Efficiency": [
        0.9974522292993631,
        0.9968911917098445,
        0.9897003745318352,
        0.989804587935429,
        0.9898697539797395,
        0.9812235009085403,
        0.9704797047970479,
        0.963116643614569,
        0.962839248434238,
        0.9622716441620334,
        0.9657754010695188,
        0.964655480185648,
        0.970807453416149,
        0.9785407725321889,
        0.9747732426303855,
        0.9799670691547749,
        0.9814718162839249,
        0.984796468857283,
        0.9824561403508771,
        0.9847080630213161,
        0.9866284622731614,
        0.9875508738328944,
        0.982908230344465,
        0.9866220735785953,
        0.9820205479452054,
        0.9701596113809854,
        0.9695945945945946,
        0.9688149688149689,
        0.938953488372093,
        0.932,
        0.8888888888888888,
        0.8648648648648649,
        0.8411214953271028,
        0.8202247191011236,
        0.7916666666666666,
        0.8135593220338984,
        0.7931034482758621,
        0.7959183673469388,
        0.82,
        0.717948717948718
    ]
}