{
    "Bins": [
        20.0,
        21.0,
        22.0,
        23.0,
        24.0,
        25.0,
        26.0,
        27.0,
        28.0,
        29.0,
        30.0,
        31.0,
        32.0,
        33.0,
        34.0,
        35.0,
        36.0,
        37.0,
        38.0,
        39.0,
        40.0,
        41.0,
        42.0,
        43.0,
        44.0,
        45.0,
        46.0,
        47.0,
        48.0,
        49.0,
        50.0,
        51.0,
        52.0,
        53.0,
        54.0,
        55.0,
        56.0,
        57.0,
        58.0,
        59.0,
        60.0
    ],
    "Efficiency": [
        0.9808917197452229,
        0.9730569948186528,
        0.9616104868913857,
        0.9413763806287171,
        0.918958031837916,
        0.9006662628709873,
        0.8777016341591988,
        0.8658367911479945,
        0.8484342379958246,
        0.857823669579031,
        0.8631016042780749,
        0.8750446269189576,
        0.8968944099378882,
        0.9055793991416309,
        0.9132653061224489,
        0.9198682766190999,
        0.9245824634655533,
        0.9303580186365865,
        0.9246088193456614,
        0.9279425393883225,
        0.9395893027698186,
        0.9406272444338042,
        0.9324217722850381,
        0.9270294922468836,
        0.9165239726027398,
        0.9049271339347675,
        0.8918918918918919,
        0.8794178794178794,
        0.8226744186046512,
        0.784,
        0.7345679012345679,
        0.7297297297297297,
        0.7757009345794392,
        0.550561797752809,
        0.625,
        0.576271186440678,
        0.6724137931034483,
        0.6122448979591837,
        0.54,
        0.7435897435897436
    ]
}