{
    "Bins": [
        20.0,
        21.0,
        22.0,
        23.0,
        24.0,
        25.0,
        26.0,
        27.0,
        28.0,
        29.0,
        30.0,
        31.0,
        32.0,
        33.0,
        34.0,
        35.0,
        36.0,
        37.0,
        38.0,
        39.0,
        40.0,
        41.0,
        42.0,
        43.0,
        44.0,
        45.0,
        46.0,
        47.0,
        48.0,
        49.0,
        50.0,
        51.0,
        52.0,
        53.0,
        54.0,
        55.0,
        56.0,
        57.0,
        58.0,
        59.0,
        60.0
    ],
    "Efficiency": [
        0.8853503184713376,
        0.8725388601036269,
        0.8960674157303371,
        0.9014443500424809,
        0.9232995658465991,
        0.9267110841913991,
        0.9362150764364786,
        0.9317657906869525,
        0.9356993736951983,
        0.9308975377283558,
        0.9372549019607843,
        0.9289539450196358,
        0.9462732919254658,
        0.9469650521152667,
        0.9424603174603174,
        0.9437431394072447,
        0.9438935281837161,
        0.9553702795487984,
        0.9513987671882409,
        0.953660797034291,
        0.9515281757402101,
        0.9583433085946852,
        0.9616092558506443,
        0.9586500456065673,
        0.9597602739726028,
        0.945176960444136,
        0.9662162162162162,
        0.9688149688149689,
        0.9622093023255814,
        0.952,
        0.9629629629629629,
        0.9459459459459459,
        0.9626168224299065,
        0.9550561797752809,
        0.9861111111111112,
        0.9830508474576272,
        0.9827586206896551,
        0.9387755102040817,
        0.96,
        1.0
    ]
}