{
    "Bins": [
        20.0,
        21.0,
        22.0,
        23.0,
        24.0,
        25.0,
        26.0,
        27.0,
        28.0,
        29.0,
        30.0,
        31.0,
        32.0,
        33.0,
        34.0,
        35.0,
        36.0,
        37.0,
        38.0,
        39.0,
        40.0,
        41.0,
        42.0,
        43.0,
        44.0,
        45.0,
        46.0,
        47.0,
        48.0,
        49.0,
        50.0,
        51.0,
        52.0,
        53.0,
        54.0,
        55.0,
        56.0,
        57.0,
        58.0,
        59.0,
        60.0
    ],
    "Efficiency": [
        0.9961783439490446,
        0.9968911917098445,
        0.9915730337078652,
        0.9872557349192863,
        0.9891461649782923,
        0.9830405814657783,
        0.9720611491829204,
        0.9686491470723836,
        0.9665970772442589,
        0.9614773629864972,
        0.9657754010695188,
        0.9650124955373081,
        0.9770186335403727,
        0.9791538933169834,
        0.9739229024943311,
        0.9794182217343579,
        0.9796450939457203,
        0.9835703776360961,
        0.9822190611664295,
        0.9842446709916589,
        0.9859121298949379,
        0.9880296863777831,
        0.9818564291348935,
        0.9814533292794162,
        0.9768835616438356,
        0.9659958362248439,
        0.9707207207207207,
        0.975051975051975,
        0.9534883720930233,
        0.936,
        0.8580246913580247,
        0.8581081081081081,
        0.8317757009345794,
        0.797752808988764,
        0.8055555555555556,
        0.7966101694915254,
        0.7586206896551724,
        0.7755102040816326,
        0.78,
        0.5897435897435898
    ]
}