{
    "Bins": [
        20.0,
        21.0,
        22.0,
        23.0,
        24.0,
        25.0,
        26.0,
        27.0,
        28.0,
        29.0,
        30.0,
        31.0,
        32.0,
        33.0,
        34.0,
        35.0,
        36.0,
        37.0,
        38.0,
        39.0,
        40.0,
        41.0,
        42.0,
        43.0,
        44.0,
        45.0,
        46.0,
        47.0,
        48.0,
        49.0,
        50.0,
        51.0,
        52.0,
        53.0,
        54.0,
        55.0,
        56.0,
        57.0,
        58.0,
        59.0,
        60.0
    ],
    "Efficiency": [
        0.9936305732484076,
        0.9927461139896373,
        0.9906367041198502,
        0.9932030586236194,
        0.992040520984081,
        0.9945487583282859,
        0.992619926199262,
        0.9926233287229138,
        0.9974947807933194,
        0.9908657664813344,
        0.9900178253119429,
        0.991074616208497,
        0.9894409937888199,
        0.9889638258736971,
        0.985827664399093,
        0.9879253567508233,
        0.9843423799582464,
        0.9860225600784699,
        0.9850640113798008,
        0.9814643188137164,
        0.9820916905444126,
        0.9813263107493416,
        0.9808046279253221,
        0.9762845849802372,
        0.9768835616438356,
        0.9646079111727967,
        0.9842342342342343,
        0.9812889812889813,
        0.9593023255813954,
        0.968,
        0.9382716049382716,
        0.972972972972973,
        0.9532710280373832,
        0.9550561797752809,
        0.9583333333333334,
        0.9661016949152542,
        0.9310344827586207,
        0.8979591836734694,
        0.88,
        0.9230769230769231
    ]
}