{
    "Precision": [
        0.40952827069326575,
        0.7535189592908733,
        0.7993007684950031,
        0.8248081988520687,
        0.8444691907943578,
        0.8605249035929563,
        0.8746016968043955,
        0.8746000524521375,
        0.886109005138573,
        0.8861074061074061,
        0.8979286482442606,
        0.8979270573566085,
        0.8979254664193644,
        0.9108886672813141,
        0.9108869905543221,
        0.9238216200959639,
        0.9237907036687001,
        0.9237885210218811,
        0.9237863382500358,
        1.0
    ],
    "Recall": [
        1.0,
        0.9883465880801475,
        0.9783214242460943,
        0.9649455680701896,
        0.949026415297458,
        0.9278726467778181,
        0.8975280233606502,
        0.8975145667648998,
        0.8492995841911913,
        0.8492861275954409,
        0.7752613943724517,
        0.7752479377767012,
        0.7752344811809508,
        0.6514472568729562,
        0.6514338002772059,
        0.44044783550657357,
        0.4340559525251302,
        0.43404249592937977,
        0.43402903933362935,
        0.0
    ],
    "Precision-Recall AUC": 0.9205284481759941,
    "Chance Level": 0.40952827069326575
}