{
    "Precision": [
        0.40952827069326575,
        0.43256088923748703,
        0.5176245953727047,
        0.5198353798407772,
        0.5356802750056131,
        0.5946155370947687,
        0.6213598111037113,
        0.6302973158558207,
        0.6745857727344651,
        0.6755459454563979,
        0.6772111626215799,
        0.6772466930315014,
        0.6814399981638531,
        0.6817758994912548,
        0.6895332814091426,
        0.7147785359957697,
        0.7149625746616598,
        0.7401105842589706,
        0.7431952858062493,
        0.7454861686268014,
        0.7467785436020378,
        0.7649152979619915,
        0.7652845010249961,
        0.7655848744420124,
        0.7730382220935283,
        0.7739144688911554,
        0.7730315108671129,
        0.793212478920742,
        0.7958318989487064,
        0.7988471849865951,
        0.8063752430878498,
        0.806577166064982,
        0.8226110129478899,
        0.8233791862557316,
        0.8694095865048344,
        0.8712940787843753,
        0.8712781333883957,
        0.8723493070629488,
        0.8726338222389369,
        0.8728002340843539,
        0.8829998274969812,
        0.8840479383896509,
        0.8817788045047646,
        0.8825878132052544,
        0.8833216945996276,
        0.8921310691222195,
        0.8922542798994373,
        0.8933316853099315,
        0.8935814988869651,
        0.8937144271219996,
        0.8940635240736072,
        0.8948698508971443,
        0.8845132743362832,
        0.8850589278925358,
        0.8850297883128406,
        0.8957871396895787,
        0.9216482878699942,
        0.9244288224956063,
        0.9251237623762376,
        0.9260869565217391,
        0.9332901554404145,
        0.9327286470143613,
        0.937037037037037,
        0.9382093316519546,
        1.0
    ],
    "Recall": [
        1.0,
        0.9944424259550819,
        0.9338877450782501,
        0.9331476323119777,
        0.9310484033749142,
        0.8880545799523637,
        0.8286302531185661,
        0.8275806386500343,
        0.8031703739587959,
        0.8029954382140406,
        0.8020131067242608,
        0.8019458237455088,
        0.7990526556591714,
        0.798877719914416,
        0.7743598024571744,
        0.7639578539421097,
        0.7635003296865959,
        0.6070135777051121,
        0.6058832236620779,
        0.6056140917470698,
        0.6036090589802592,
        0.5984955525951045,
        0.5977958096160834,
        0.5977419832330817,
        0.5747984874786377,
        0.5717842100305465,
        0.5532813908737367,
        0.4050973584702542,
        0.40441107208698346,
        0.40096618357487923,
        0.38500666101489645,
        0.38483172527014115,
        0.38215386271581014,
        0.3817905346305492,
        0.2843513248018516,
        0.2839476269293394,
        0.2839072571420882,
        0.2812159379920068,
        0.28101408905575065,
        0.28097371926849946,
        0.2755237979895846,
        0.2749586209680675,
        0.20545530391721503,
        0.2052399983852085,
        0.2042576668954288,
        0.20077240859607337,
        0.20058401625556765,
        0.1945150915721341,
        0.19446126518913245,
        0.19439398221038043,
        0.19090872391102498,
        0.19059922220876563,
        0.10759893962025487,
        0.09398086472084292,
        0.0939539515293421,
        0.09241989961379571,
        0.021369074051646415,
        0.021234508094142342,
        0.020117610646858557,
        0.02006378426385693,
        0.019390954476336576,
        0.016605439156002315,
        0.01021355617455896,
        0.010011707238302855,
        0.0
    ],
    "Precision-Recall AUC": 0.7643051352096548,
    "Chance Level": 0.40952827069326575
}