{
    "Precision": [
        0.40952827069326575,
        0.8480575422626788,
        0.8475084914539824,
        1.0
    ],
    "Recall": [
        1.0,
        0.8424770901457349,
        0.8360582939727907,
        0.0
    ],
    "Precision-Recall AUC": 0.8768034334408586,
    "Chance Level": 0.40952827069326575
}