{
    "False Positive Rate": [
        0.0,
        0.033392955606062646,
        0.033406404239009105,
        0.033406404239009105,
        0.033702274163831245,
        0.055919415791384805,
        0.07338918998883763,
        0.0880885457993195,
        0.10324515512998103,
        0.1187379802843041,
        0.13650362440657907,
        0.15833075567868526,
        0.19103783100447838,
        0.24898799037077882,
        1.0
    ],
    "True Positive Rate": [
        0.0,
        0.5247010719713783,
        0.5247414222114621,
        0.5247683223715182,
        0.5305518567835479,
        0.7314960524015118,
        0.8328693055723682,
        0.8892251408895883,
        0.9236438956811793,
        0.9466435325290186,
        0.9624877268019745,
        0.9738126941855304,
        0.9827031970840227,
        0.9913381484619833,
        1.0
    ],
    "ROC AUC": 0.9525350790950781
}