{
    "False Positive Rate": [
        0.0,
        0.1272509649394139,
        0.12754683486423604,
        1.0
    ],
    "True Positive Rate": [
        0.0,
        0.8691710715678759,
        0.8749546059799056,
        1.0
    ],
    "ROC AUC": 0.8734644861802904
}