Classifier,Accuracy,TN,FP,FN,TP,Precision,Recall,F1,MSE
HistGradientBoostingClassifier,0.9734287239179608,2679.0,1673.0,418.0,73924.0,0.9778694921756156,0.9943773371714508,0.9860543287603626,0.0265712760820392
GradientBoostingClassifier,0.972996670648334,2602.0,1750.0,375.0,73967.0,0.9768876210098127,0.9949557450700816,0.9858389033646766,0.0270033293516659
ExtraTreesClassifier,0.972653569522454,2618.0,1734.0,418.0,73924.0,0.9770810753654604,0.9943773371714508,0.9856533333333334,0.0273464304775459
SVC,0.9725900322769208,2377.0,1975.0,182.0,74160.0,0.9740592368818546,0.9975518549406795,0.985665583444646,0.0274099677230792
BaggingClassifier,0.9708236968510942,2719.0,1633.0,663.0,73679.0,0.9783168684937328,0.991081757283904,0.9846579443249096,0.0291763031489058
AdaBoostClassifier,0.9706585000127076,2398.0,1954.0,355.0,73987.0,0.9742694986897724,0.9952247719996772,0.9846356540659956,0.0293414999872925
MLPClassifier,0.9657534246575342,1747.0,2605.0,90.0,74252.0,0.9661058849551764,0.9987893788168196,0.9821758080410584,0.0342465753424657
